"Gene","Instability_Score"
"Prdx6",37.2472978426334
"Dync1h1",30.205376781187
"LOC128117580",26.7936470697374
"Rab11a",25.4556639450611
"Abi2",24.0159331726035
"Slc9c2",22.3931901631687
"Idh3b",22.3049480365115
"Specc1",21.7198480521106
"Tcf25",21.4886777030478
"Ptpra",21.0342590388202
"Ppp2r5c",21.0293297979666
"Map2k1",19.9257622857147
"Zfr",19.9244179967288
"Raph1",19.0743719053828
"Smad2",18.8814125213869
"Vps16",18.637872728012
"Spry2",18.431307670728
"Acadm",17.7056620258627
"Fcgrt",17.5132984346828
"Scaf1",17.3438893982355
"Ppp1r16b",17.3319595934229
"LOC128121893",17.0803487102693
"Mecr",16.8520299166443
"Spata2",16.7266691543918
"Smarcal1",16.7192465507868
"Ebf4",16.6720945725257
"Rbm8a",16.4363873929222
"Ube2v1",16.4304368399251
"Rps19bp1",16.3961093966482
"Rnf114",16.329878977332
"Akap10",16.3197386703859
"Snapc5",16.2843865761306
"Adora2b",15.9820117616787
"Phf12",15.9633386444014
"Syngr1",15.7813141710641
"Ypel5",15.5504539090086
"Zswim6",15.5466524246739
"Cd1d",15.5069977935981
"Smg8",15.4571110074324
"LOC128105470",15.4066037419342
"Cep295",15.025853607066
"Ifi35",14.8894321318507
"Nedd4",14.7907691468067
"Bmpr2",14.7726873586441
"Mustn1",14.7646661160349
"Smim15",14.6826279010452
"Crot",14.6274163088797
"Vps36",14.51395826046
"Irf3",14.4432893277693
"Kirrel1",14.394960503837
"Srsf4",14.2850024011447
"Megf11",14.2346278578236
"Loxl4",14.2027285600107
"Tmem200b",14.1432294813282
"Rbm26",14.1018524270818
"Chmp5",14.0650038522367
"Dr1",14.0619352969296
"Sfmbt1",14.0375198966902
"Snai1",13.9493751516722
"Pard3b",13.9190809778992
"Pkia",13.9001169177305
"Pigg",13.859529752622
"Tab1",13.8034562179736
"Epb41",13.7987340412649
"Ercc8",13.6934146795717
"Cryz",13.6522088178991
"Gabrg3",13.6075966755319
"Ncdn",13.5246513082799
"Cenpv",13.401234204979
"Dhrs13",13.3861722065268
"Thsd1",13.3523585259194
"Ptpru",13.3378547381684
"Got2",13.3064766880648
"Nbeal1",13.2786659545849
"Tars1",13.2138326617931
"Psma6",13.1014015880495
"Hsp90aa1",13.0959669646488
"Lbh",13.0694682617068
"App",13.0503221374085
"Rft1",13.0220273819312
"Kiaa0319l",12.9506370528572
"Dennd4a",12.9431707985944
"Prkcb",12.9182300323602
"Smap1",12.8528086935989
"Urod",12.8344486949989
"Prorp",12.8301242814397
"LOC128099286",12.7973132078964
"Stimate",12.7761147574718
"Sub1",12.7461960121292
"Nek8",12.6764309262442
"Sphk1",12.5933908917581
"Sema3a",12.5499935888188
"Mrps26",12.5237604170581
"Penk",12.5147252840007
"Tmem268",12.5059539656316
"Acer2",12.4639460813636
"Mrap",12.4536241903855
"Ttc19",12.4180165525216
"Hectd3",12.3533011313399
"Nfx1",12.3364493976346
"Ndufaf2",12.2577903412196
"Ulk2",12.2261787718666
"Pgrmc1",12.1741068130351
"Il1rn",12.0939773215686
"Tram1",12.048520729285
"Rpl37a",12.0417313470505
"Slc3a2",12.0383785197056
"Kng1",12.0056096463054
"Npr3",11.8532132409592
"Wsb1",11.8473352490277
"Pex11b",11.8318060380566
"Bag1",11.792656503054
"Ralgapb",11.7533732681343
"Prkcd",11.6979805636197
"Rras",11.6328879605723
"Ltbp1",11.6322982603605
"Efnb3",11.6169228435159
"Cdk14",11.60202514232
"Nelfe",11.569433979837
"LOC128098955",11.5694296490928
"Herc2",11.5020770959326
"Med22",11.4823863677504
"Psma1",11.3894498674744
"Il4r",11.3710822381968
"Klk7",11.3671285722333
"Pcf11",11.3431102591461
"Igfbp2",11.2986336266993
"Vps13b",11.2635292745483
"Camk2d",11.2526685752178
"Erich3",11.2354109693039
"Plagl1",11.2282725535459
"Sulf1",11.2214978277886
"LOC128110757",11.1061934132371
"Mgat3",11.0954365375491
"Cldn18",11.0856011612682
"Tipin",11.0819641504497
"Sh3rf1",11.0810339976811
"Mtmr12",11.0763538352054
"Ctnnb1",11.0584279814695
"Foxn3",11.0534647040089
"Rarres2",11.0497167798814
"Ypel2",11.0130449144166
"Ints14",11.0122121455469
"Shtn1",10.9839126451601
"Prkab1",10.8870921604329
"Urb1",10.8103330766465
"Vat1",10.7925506811145
"Lrba",10.7529586382269
"Pde3b",10.7456635125464
"Nsmce1",10.7378428745128
"Lix1l",10.7191043220793
"Srpk2",10.712123518532
"Lrig1",10.6984608203243
"Eif2b3",10.6820699935559
"Zswim7",10.6655212581815
"Plekhg1",10.6526863221129
"Iqsec2",10.6408008140269
"Pam",10.6200570448685
"Ago2",10.6189145677363
"Susd6",10.5850919247057
"Ankrd42",10.5585695653284
"LOC128103495",10.5538654084053
"Ksr1",10.5182237154636
"Cfap43",10.4909839363989
"Cys1",10.4704623656648
"Matr3",10.4140568964145
"Atp8b1",10.4004131219002
"Gdpd1",10.3903446828265
"Cldn10",10.372982331014
"Sema3e",10.3675051629439
"Spire2",10.3571954245735
"Traf4",10.3151028265901
"LOC128121212",10.3089334903337
"LOC128125717",10.2806696339384
"Txn",10.2484717942378
"Pdlim5",10.2481792376528
"Surf6",10.2153354003123
"Tusc3",10.2027777826974
"Cyyr1",10.1645179443279
"Polr3h",10.1422328111076
"Lix1",10.1138069054354
"R3hcc1l",10.112620141292
"Cnot1",10.1124085322217
"Wdr70",10.1028844229401
"Zcchc17",10.096747583024
"Il21r",10.0922299558313
"LOC128114330",10.0864227720993
"Zc2hc1a",10.015205627347
"Rpl27",10.0098209818398
"Dsg2",9.98477188213663
"Dhx35",9.97597467558865
"Klk8",9.96595846174725
"LOC128119147",9.95579064891406
"Prodh",9.94952917221413
"Cnot7",9.94948333458998
"Atf4",9.93397272981245
"Smarcd2",9.93244999899392
"Ank2",9.93073794279451
"Tbx2",9.92797449838683
"Tubb3",9.89418783851119
"Dcun1d5",9.89242215521543
"Chchd1",9.89121225844188
"Ngly1",9.88824932558368
"Psd4",9.88146503162492
"Tinagl1",9.84490277767259
"Fam117b",9.81236191713549
"Chrac1",9.74068745902878
"Klf11",9.7272117263525
"LOC128096310",9.68933375772102
"Glt8d1",9.65747161605986
"Eef1b2",9.63761979222533
"Slco4c1",9.60109286579022
"LOC128099140",9.59535219011329
"LOC128110072",9.59125971951984
"Ppp2r3c",9.58927503972983
"LOC128105789",9.58882518427253
"Trappc9",9.58247740078636
"Peds1",9.56961877533169
"Sugt1",9.54477853835466
"Rps11",9.52967936916146
"Copb1",9.5143575440052
"Ldaf1",9.50633866403733
"Hspa12a",9.49951208571135
"Atp6v1g1",9.49627613524595
"Ssb",9.49587382416964
"Rida",9.49572225536885
"Dgat2",9.49275508750361
"Csnk2a2",9.48434389162383
"Htra3",9.47105641396772
"Ptafr",9.46670830949882
"Ndufs1",9.46479138993787
"Nek4",9.46393469854937
"Mpzl2",9.455845975812
"LOC128096525",9.45032793227657
"Tecr",9.43831690724569
"Bysl",9.42952946281382
"LOC128125468",9.40722752945098
"LOC128111658",9.38414817531243
"Rnd1",9.37843355451815
"Paip2",9.37636047450154
"Moap1",9.36894280814229
"Fzd1",9.36599645897103
"Fam98a",9.35488760839047
"Prpf39",9.3348257042306
"Inpp5f",9.33039287532066
"Stmn2",9.32864646496603
"Stat2",9.32619510200693
"LOC128124441",9.31894316722037
"Lipg",9.31222292922909
"Hey1",9.31211561849238
"Piezo1",9.28730930674447
"Emp2",9.22108516387229
"Endod1",9.20638257948965
"Aprt",9.20544326954567
"Pex2",9.19201410071865
"Skic2",9.17641856807813
"Mmp15",9.15820029699597
"Sptssa",9.15762228723482
"Rnf38",9.15133654945988
"Dars2",9.13922502779805
"Gabpa",9.12847081119855
"Dnah11",9.12790663492157
"Smarcad1",9.12594480482343
"Cfap20",9.10809914985497
"Ndfip2",9.10313260972277
"Ndufa7",9.10061541566089
"Huwe1",9.0974602728433
"Ppm1e",9.09733141439501
"Cd99",9.09120955867226
"Rpl14",9.07629291137243
"Rdm1",9.06504126511782
"Fbln5",9.05965478708602
"Gstz1",9.05855274021695
"Malsu1",9.05580042175774
"Ccnd3",9.04830442673721
"Igfbp3",9.01118198209004
"Abcc4",9.00852070543674
"Lilrb3",8.98727518830643
"Pfn2",8.98660335283127
"Top2b",8.97083937773939
"Galnt16",8.97049205579892
"Derl1",8.9280736439156
"Anxa6",8.92208614509464
"Actr5",8.91519819738978
"Pop1",8.91206777635208
"LOC128115873",8.89960986548315
"Pecr",8.88224390128472
"Igf2bp3",8.86775359463809
"LOC128093939",8.85371035835142
"Kat2b",8.85103298476273
"Pigl",8.84921205815648
"Dhx40",8.84085841542472
"Arpc4",8.83327331267273
"Lclat1",8.82526728942151
"Tcim",8.82383263514594
"Cbr4",8.80589299364042
"Rapgef5",8.79804511163098
"Arhgef38",8.79373635321513
"LOC128110253",8.78347468593487
"Rcn3",8.78301054165371
"Aasdhppt",8.77941666378716
"LOC128106527",8.76739011306898
"Tspyl2",8.76579643979251
"Ephx2",8.75562762011253
"Galns",8.75033986338994
"Zswim5",8.74618283057681
"Marchf6",8.74570854266367
"Ktn1",8.7440780461414
"Ppp6c",8.74151200869732
"Ccdc69",8.7265905600582
"Wdr20",8.72090993852069
"Lrig2",8.70381449119409
"Tspan7",8.69298884135826
"Rnaseh2b",8.68428785996313
"LOC128116413",8.67195815992445
"Zswim8",8.66531136676294
"Tob2",8.66419637219713
"Palmd",8.64923407770191
"Tmpo",8.62426556427078
"Dock7",8.61779822963005
"Rhoj",8.61263979136996
"Epha7",8.60351199391726
"LOC128108217",8.58895826680159
"Tbl3",8.58503045453832
"Ifit3",8.58263443880806
"Chordc1",8.57563213489729
"Epg5",8.57218236103003
"Prr12",8.56280708678671
"Upf2",8.5550877258796
"Ubb",8.55041488279361
"LOC128122523",8.55029968755268
"Lrrc61",8.54229981086833
"Grap2",8.51314779510593
"Eogt",8.50400686140814
"Lactb2",8.50323488191604
"Zfhx4",8.49910742344456
"Fmnl1",8.49822162047809
"Palld",8.48434589898036
"Pygo1",8.47948998212069
"Sema3c",8.47794392358795
"Taf8",8.47598708123783
"Ssr3",8.47409312316322
"Ptgis",8.47225686315072
"Tut4",8.47101410306959
"Rps6ka2",8.4703089586111
"Ildr2",8.47015565031411
"Ncapg2",8.46593839034162
"Lgals9",8.46007367351008
"Vps37a",8.45281575219892
"Dxo",8.45257234079837
"Tiparp",8.45059451868352
"Dbr1",8.44238243610843
"Prpsap1",8.43826804711019
"Agl",8.42001088216172
"Eapp",8.41269355168302
"Rad51c",8.41092462377221
"Ndnf",8.40885286204412
"Usp1",8.40883580876856
"Myo5c",8.40157845091515
"Ppp1r13b",8.3941414286578
"Slc38a7",8.3844658777837
"Qtrt2",8.36963340849949
"Zfyve21",8.3654904599883
"LOC128124403",8.3583129500566
"Traf3ip2",8.35791058015337
"Aurkb",8.34955472247303
"Bcl2l12",8.34265777853095
"Itm2c",8.3386886074534
"Lypd6b",8.32712227985499
"Gsto1",8.32014000310594
"Il7",8.30721499659773
"Chp1",8.30073147835621
"Ndufs5",8.30003101122694
"Bcas3",8.29840658690337
"Gclm",8.28207398658489
"Ifit2",8.27472971852864
"Gabrb3",8.26938046793126
"Ttll3",8.26311419281045
"Acbd6",8.26184731744078
"Crtac1",8.26149624140653
"Pip5k1a",8.26063289315599
"LOC128110256",8.25135181627841
"Mycl",8.24921786142684
"Smc1a",8.24732540871857
"Stx8",8.24703741487896
"Top1",8.24606080484181
"Slc5a2",8.24566154663268
"Gnb5",8.24250238308119
"Gin1",8.23801389534657
"B4galt6",8.23699838203926
"S100a11",8.23606239528453
"Nherf2",8.23566307198287
"Fam174b",8.22323059910108
"Gas8",8.21331086399418
"Itprip",8.21250654937192
"Lipa",8.20395567744794
"Ica1l",8.19297514468631
"Eif3g",8.19204942523697
"Pan2",8.18735296320615
"Slco3a1",8.18692604412853
"Prex2",8.17908644631422
"Nubp1",8.17334620654084
"Cd4",8.16612743732905
"Acss1",8.16419474185252
"Cracr2b",8.15581453220626
"Tmf1",8.13143362859717
"Lamc3",8.13120206282387
"Flot2",8.1136188079701
"Esyt2",8.09541524845968
"Ehmt1",8.08983383783975
"Rrm2",8.08902177610695
"Ints12",8.08809580510875
"Sfrp1",8.06748208307544
"Cmtr2",8.06332423907636
"Stk19",8.05812134924079
"Hpgds",8.05685117781825
"LOC128110477",8.05002896965399
"Pnpla2",8.04748419873041
"Nedd4l",8.04428965479232
"Cct5",8.02507361187753
"Rasl11a",8.02442632309057
"Uvrag",8.0205390390519
"Fgd3",8.01904557173568
"Dzip1",8.01697704166453
"Esrp1",8.00211981856638
"LOC128112984",7.99315055269582
"Repin1",7.97776832663558
"Prpf38a",7.97746825779336
"Tagap",7.96592976276589
"Bmp3",7.9585014856348
"Clu",7.95378407171
"LOC128109533",7.94883335775431
"Tmem37",7.94406461386705
"S100a10",7.94206500036811
"Med1",7.93315280670713
"Slc9a8",7.92158690017362
"Fam204a",7.90896035207611
"Ndufc1",7.90827200170119
"Prrc2a",7.90345529757376
"Clec16a",7.90032726021108
"Zbtb41",7.89792448350089
"Abl1",7.89762884502238
"Nol6",7.89125447502956
"Ctnnd2",7.88751601077621
"Elf2",7.88096826193346
"Tnik",7.8776264033884
"Cops5",7.87272377770323
"Mettl5",7.86697834253348
"LOC128100136",7.8626883130048
"Taf12",7.86147755537152
"Fam135a",7.85233034220878
"LOC128096306",7.8505050073592
"Klk5",7.84074409316541
"Fbxo34",7.83548241970904
"Hsd11b1",7.8342162574526
"Slc23a1",7.83197565290543
"Ckap5",7.82676998839998
"LOC128115864",7.82602246835164
"A4gnt",7.81007735103154
"Ep400",7.79558253656972
"Lgmn",7.79291451298281
"LOC128110947",7.79248519839686
"Hexim1",7.78496467176443
"Hydin",7.7775435779239
"Bicd2",7.77226468944235
"Plac8",7.77116242409769
"Mocs3",7.76577831087385
"Prelp",7.7633859336403
"LOC128109464",7.75068198704316
"Zp2",7.75017515761356
"Med20",7.74392004163468
"Mff",7.74296293815359
"LOC128125079",7.73662763886664
"Cnmd",7.73491604876691
"LOC128098531",7.7347918585885
"Atp5pf",7.73189671427648
"Thoc1",7.73092618919268
"Rnpc3",7.73080404480921
"Rplp2",7.72782125480677
"LOC128123149",7.72677716620527
"Kdm8",7.7258779196106
"Fat3",7.72389500630536
"Psmd8",7.72011505115212
"Trappc8",7.71420204577026
"Gtf3c3",7.71410029643919
"Pip4p1",7.71165631442756
"Tp53inp1",7.70417371955823
"LOC128094032",7.70108742026457
"Bicdl1",7.69497248712668
"Arhgef15",7.69317679564988
"Stim2",7.6902573214773
"Dnttip2",7.6804761925019
"Dexi",7.67306327933186
"Vps72",7.67137510608698
"Zeb2",7.67048118914779
"Sgcd",7.66563610334931
"Lst1",7.66287251656544
"Ckap2",7.66268008503872
"Tnfsf13b",7.65721956362011
"Tmem168",7.65301877154764
"LOC128117595",7.64847068175058
"B4galt1",7.64266121049067
"Elk3",7.64060352895709
"Flrt2",7.63133684089773
"Psmd4",7.62877267319711
"LOC128124949",7.62739775443019
"Dennd2a",7.62044907586613
"Ttc23",7.61920018716015
"Xrcc5",7.61779641883159
"Fetub",7.61742223934749
"Pp2d1",7.61730155563064
"Map2",7.61440092632356
"Tgfbr2",7.60348727089325
"Klc1",7.59541519551741
"Ccdc90b",7.59480955246113
"Znf644",7.59193555285411
"Fkbp3",7.58198506166175
"Cep350",7.57627454439197
"Pdcl3",7.57140045381226
"Phactr2",7.57033733986879
"Suclg2",7.56996589133869
"Dhtkd1",7.56651253250782
"LOC128095293",7.55051500512038
"Utp4",7.54343005806821
"Pex13",7.54084917445855
"Ndufa9",7.53558105403185
"Cdh6",7.53441070535397
"Ostf1",7.5257829701917
"LOC128111489",7.51825988766816
"Lamb3",7.51378423292171
"Ccdc126",7.5128552428127
"Tnni3k",7.5113232985517
"Abr",7.50876033655427
"LOC128095160",7.50530163396609
"Psmc5",7.49755583600029
"Sfr1",7.49577309704233
"Srsf5",7.49312311884226
"Pef1",7.48003390366575
"Tex261",7.47822274152708
"Tnfsf10",7.47626877581843
"LOC128114909",7.47493855123402
"Stxbp6",7.47315180214203
"Sp4",7.4669537937823
"Cdc42bpa",7.46188122119435
"Cdt1",7.45972690143812
"Txndc16",7.45360736948534
"Gtf2a1",7.44402136299162
"LOC128107400",7.43962812092877
"Cdh5",7.42814639152786
"Abcg2",7.42187313021298
"LOC128120039",7.41465969692733
"Slc25a15",7.40676688862793
"Rnd2",7.40577623781626
"Rreb1",7.40434899930634
"Znf687",7.40413269408021
"Afap1",7.40267437597084
"Pcdh20",7.39701186183576
"Arl8a",7.38958834814898
"Lrguk",7.38854853135434
"Tmem65",7.38571627172441
"LOC128118211",7.38567126124499
"Gsr",7.38268932416148
"Ncor1",7.38025420031966
"Aadat",7.37020319296577
"Pcolce2",7.36857564788392
"Rad21",7.36818858991257
"Cap1",7.36372546732222
"Col2a1",7.36151411366903
"LOC128105031",7.34997641481211
"Uba6",7.34764292711484
"Tmx3",7.34651698926561
"Lrrc8d",7.34314477133361
"Erlec1",7.33466971052666
"Etv5",7.33365727954318
"Arrdc1",7.32609423037553
"P3h3",7.31330108869548
"Sparcl1",7.31310491836606
"Oxct1",7.3126124968965
"Exosc2",7.31189010893928
"Impa1",7.30441842137263
"Nfatc2",7.30220557752723
"Heatr1",7.3005977149824
"Hecw2",7.29906298217501
"Tada3",7.29521070668827
"Rps28",7.29305657239794
"Dlg2",7.2922744949273
"Nvl",7.29169747331403
"Camk1",7.28883711057921
"Swt1",7.28073916263856
"Tra2a",7.2734452330399
"Klf7",7.27159492326283
"Ropn1l",7.2614517266074
"Trerf1",7.25765421956878
"Tbc1d31",7.25628444056742
"Rap1gap2",7.25519642108524
"Rnf13",7.2497285798224
"Eif2s3",7.24485918037732
"Cluh",7.24386132332649
"Col4a3",7.24049203471026
"Lgals8",7.23065015664546
"Fyn",7.22880030741399
"Trpc4ap",7.22640188265032
"LOC128110205",7.21798713817666
"Trit1",7.21599386204849
"Dzip1l",7.21168633549248
"Pnp",7.20633025092614
"Fastkd2",7.20478013437322
"LOC128101169",7.20059904620191
"Cep43",7.19628580186035
"CUNH6orf132",7.19596150216135
"Themis2",7.19295328233894
"Pgk1",7.18966601357199
"Hspa12b",7.18887772943621
"Alkbh5",7.17588976313839
"Ube2r2",7.17255704857896
"Kank3",7.16966541070094
"Cnksr3",7.16961472948573
"Ift27",7.16799538768458
"Nono",7.1664651429272
"Wdr7",7.16336678629155
"Spink4",7.16224312297284
"Rsph3",7.15816825357066
"LOC128109315",7.15302369444669
"Ap1b1",7.15190631398364
"LOC128100533",7.14131123430184
"Abhd13",7.13670833610099
"Eif3f",7.13602547534167
"Chtf8",7.13291851618013
"LOC128103986",7.12953293863006
"Ctu2",7.12925074091957
"Dcun1d3",7.12804842536425
"Phf8",7.11334959693633
"Nthl1",7.11316321300882
"Hus1",7.11268889108359
"Cpt2",7.11082763584422
"Hook3",7.11030784926019
"Qsox1",7.09654382121604
"Tkt",7.09120914326402
"Ubxn4",7.08696040056582
"Parp12",7.08473051085427
"Znf768",7.08121361540611
"Bmt2",7.07971210518422
"Gtf3a",7.07887789178413
"Arvcf",7.0679716828522
"Nek3",7.05866323835009
"Rps26",7.05743343021861
"LOC128112676",7.05100282298083
"Rock1",7.04833683624551
"Rnaset2",7.04751430658401
"Kdm5c",7.04061202356573
"Oxsm",7.04023952424378
"Agfg1",7.03845770501119
"Ndufb7",7.03765795534892
"Atg4c",7.0340671366234
"Med27",7.0318840993469
"Brd9",7.02708110065831
"Aars1",7.02624486284634
"LOC128094714",7.01562906984477
"Cd151",7.01541417525698
"Plekhf2",7.01073643158738
"Wrap53",7.01056651322522
"LOC128098827",7.01007026924988
"LOC128097952",7.00927022984372
"Sde2",7.00558248281512
"Aebp2",6.98923335885603
"Zfx",6.98857463916378
"Cav2",6.97797261765358
"Rnaseh2a",6.97588836874842
"Eif3m",6.97254077058245
"Exd2",6.97208911270905
"Cd83",6.97061874893841
"LOC128124929",6.96670459279636
"Ptpn14",6.96317640728787
"Rpl19",6.95847548306709
"Aco2",6.95685233205735
"LOC128121780",6.95221770296867
"Akap6",6.95054259815376
"Hps1",6.95043187080606
"Taf9b",6.94956606464717
"Glipr1",6.94711654078991
"Aard",6.94487304121588
"Ptk2",6.94301365508186
"Slit3",6.92668078806004
"LOC128120471",6.92599188832774
"Tent4b",6.92404130710551
"Hace1",6.92362667489498
"Asxl1",6.92258240434752
"Rassf9",6.92237780047841
"Pnrc2",6.91943221735244
"Cpd",6.91563417060837
"Cenpc",6.91293729733701
"Elp1",6.90808387514147
"Trim27",6.90699645155555
"Rimoc1",6.90539060056544
"LOC128104036",6.8961817291618
"Cfap418",6.89595906776333
"Plekha8",6.89447037403779
"Cep83",6.88848975227321
"Slc25a3",6.88423206247815
"Rin3",6.87322743599519
"Pgm1",6.87291926080663
"Nf1",6.87128947413654
"Clec3b",6.86911499164078
"Golga5",6.86840881392593
"Cyfip1",6.86422817293303
"Phf5a",6.86186683866852
"Chd2",6.85951222480714
"Golga1",6.85686791835868
"Tpst1",6.85656722699979
"Slc16a7",6.85643695318784
"Atp5if1",6.85624198873678
"Lig4",6.85356876132822
"Ufm1",6.85282343494374
"Eva1c",6.84989507281881
"Tmem14a",6.84848568497903
"Ldhd",6.84827368371273
"LOC128100156",6.84586741950874
"Rnpep",6.84249277203741
"Atp6v1e1",6.84210672156707
"Cd36",6.84146638523671
"Nedd1",6.83968421519888
"Dnah3",6.83905345083988
"Fmod",6.83053700766571
"Rptor",6.82797969812511
"LOC128125429",6.8226223195056
"Lyset",6.82206997691905
"Sh3tc1",6.82133352210524
"Rora",6.82061735479841
"Gtdc1",6.81956921616806
"Wif1",6.81698048935597
"LOC128114104",6.81236982647868
"Nup155",6.81192977812256
"Ddx24",6.80664695533003
"Txnrd2",6.80551159778666
"Cpa6",6.79980228034347
"Fkbp14",6.79904248211843
"Lyrm1",6.79794565948099
"Pex3",6.7923330936137
"Kdm7a",6.79081217119424
"Heyl",6.79019152971085
"Utrn",6.78884616381092
"LOC128110249",6.78646265723083
"Togaram2",6.78483201294847
"Sesn3",6.77958153830881
"Ralgapa1",6.76860446215648
"Fam3c",6.76844422894963
"Lmo4",6.76693025730496
"Rapgef3",6.76642541658044
"Sephs2",6.76419414131505
"Paip1",6.76117618171078
"Pcnp",6.76062173016465
"Nipal2",6.75300061105391
"Picalm",6.75230670330216
"Lonp2",6.74492696846186
"Nsmaf",6.73821206909323
"Ap2a2",6.73557880694262
"Abitram",6.73083289869514
"Cd109",6.72924306361292
"Rnf121",6.72771742960847
"LOC128124428",6.72328791533608
"Bmx",6.72228317247841
"Slc44a3",6.72215480101807
"Golga3",6.71709278943198
"Txlng",6.71222213458703
"Ivns1abp",6.71190226935287
"Als2",6.71024431259049
"Gpbp1",6.70860931953589
"Cdc123",6.70271213108099
"Socs1",6.7000237640378
"Lrrc28",6.69717816676548
"Pafah1b1",6.69176084716839
"Oxsr1",6.69040122154989
"Rasl12",6.6864834127296
"LOC128114745",6.68556490349479
"Carf",6.68340797551386
"Sox2",6.68299250990175
"Dnajc19",6.67799895859159
"Adck2",6.67770003986161
"Nfkbil1",6.67588374033596
"Il23a",6.66741537325266
"Lonrf3",6.6636913334208
"Rrn3",6.65799905475671
"Tmtc2",6.65612982690876
"Aqp3",6.65609450971113
"Dbi",6.65555603118699
"Tk2",6.65549104109449
"Zdhhc9",6.64949965564176
"Papss2",6.63758018823808
"Znf292",6.63675652075042
"LOC128103782",6.62922886155774
"Itgb3",6.62906467679257
"Phrf1",6.62894223307232
"Macf1",6.62649218050122
"Ogfr",6.6259290552244
"Ttf1",6.62320710568229
"Ccr6",6.61958367345831
"Rad50",6.61875713669556
"Exoc5",6.61842560108434
"Tp53",6.61782579075319
"Steap2",6.61442779948895
"Acox3",6.61239238348398
"Gcsh",6.60545734544275
"LOC128110364",6.60353760175202
"Rab11fip2",6.60280802075179
"Pogk",6.60128387533941
"Scel",6.5986224373451
"Postn",6.59384593839734
"Fgl2",6.59200324745584
"Lgals3",6.58896321999759
"LOC128106346",6.58749413317899
"LOC128108291",6.58654262585869
"CUNH2orf49",6.58472537186006
"LOC128115658",6.58422956223547
"Galc",6.58418771898223
"Btk",6.57982466066502
"F2r",6.57682875033656
"Pura",6.57670492513813
"Tgfbrap1",6.5738171966656
"Adss2",6.57047751101543
"Ctso",6.56580759145321
"Erc1",6.56547858617706
"Hpcal1",6.56315523938762
"Cacna1h",6.56201679957583
"Aif1",6.55954958387114
"Pced1a",6.55691474247875
"Ogfrl1",6.55396028884989
"Med13l",6.55233304219101
"Ptpn21",6.53489649349454
"LOC128099115",6.53360038569945
"Plscr4",6.53083176141217
"Ercc6l2",6.53075813264543
"Icam2",6.53035811014434
"Tns3",6.52913140484597
"Kif1a",6.52421743571335
"Nsdhl",6.51760003665462
"Cfap298",6.51658241786381
"Lgals12",6.51491597022211
"Ints8",6.51453031939727
"Nsun2",6.51298227289064
"Myo5b",6.51288294436158
"Ankrd33b",6.51276470060757
"Ttc27",6.51079998361598
"Fabp3",6.50875446089034
"Rab23",6.50543176177972
"Myo16",6.49305408313714
"Slc22a23",6.49244942655877
"Apmap",6.48697376377757
"Raver1",6.48447527277748
"LOC128114872",6.48388926368357
"Usp14",6.48216670362706
"Edem2",6.48033550239498
"Hmcn1",6.47807034452328
"Nudt5",6.47755461516068
"Acvr2a",6.47716325711475
"Mctp2",6.47603672293051
"Baiap2",6.47110497751142
"Rpl17",6.46810980171105
"Tes",6.46175165770969
"Cdca7l",6.4605704290202
"Ulk4",6.45623046190719
"Mrps18c",6.4544174846536
"Bbx",6.45373013272761
"Ubxn8",6.44598552230387
"Dst",6.44524297544876
"Tyw3",6.44508257389946
"Uhrf2",6.44505226185491
"CUNH9orf152",6.44232771662248
"Sgip1",6.44189400882872
"Acaa2",6.43875849855874
"Hacd3",6.43277751993117
"Tmed7",6.43004718229222
"Smad6",6.43002840914401
"Atp7a",6.42564156460526
"Pls1",6.42159163877161
"Asdurf",6.41409165170553
"Slc39a9",6.41210969221651
"Gng11",6.40523061809636
"Rcc1l",6.40428099479676
"Serinc2",6.40287429899916
"Bcl2l1",6.40184125540325
"Znf451",6.40178749184036
"Naalad2",6.39973461563083
"LOC128104485",6.39541472616189
"Plekhd1",6.38946786082903
"LOC128122860",6.38764536979381
"Ark2n",6.38655549962725
"Pknox2",6.38220175933906
"LOC128099446",6.38044182769905
"Rab33b",6.37982141830089
"Hnrnpu",6.37826945930957
"LOC128111012",6.37708762925143
"Gpam",6.37654724122591
"Lrrc41",6.3747344531422
"Cfap69",6.37428514035945
"Etfdh",6.37335017563077
"Kmt2e",6.36643760729916
"Snrpb2",6.36525632896795
"Hsp90b1",6.36353736310564
"Cldn12",6.36190307721474
"Dab1",6.36029014157531
"Drg2",6.35639405005387
"Hmgb3",6.35533749584788
"Acat1",6.35476318027686
"Arf3",6.35461641258293
"Tcf4",6.3523790711624
"Myo1e",6.35103509706903
"Nfatc4",6.34235473089445
"Sanbr",6.33951752827375
"Ftsj3",6.33327587162381
"Znf319",6.33316455269909
"Prrg2",6.33130135544326
"Fcho2",6.32803792584191
"Cd47",6.3279518595212
"Tdp2",6.32690659400576
"Clip2",6.32553947218789
"Crispld2",6.32494136814897
"Satb1",6.31964726733393
"Eno4",6.31239945329187
"LOC128107857",6.30891573779554
"Rfx7",6.30689880333567
"Czib",6.30343872889707
"LOC128109462",6.30109140590629
"Magi2",6.29485504112564
"Lmbrd1",6.29176780919391
"Bag2",6.29024847316757
"Nosip",6.28649509946697
"Wdr12",6.28608775755988
"Csf2rb",6.28458944821683
"Txnl1",6.28294245174585
"Cbl",6.27668163767928
"Uap1",6.27339402094486
"Rundc1",6.26816356833114
"Cdcp1",6.26783588648795
"Erg",6.26451527873054
"Rps9",6.26271808477424
"Epc2",6.26243183856099
"Glipr1l2",6.26208726653198
"Gpr55",6.2611114473232
"Got1",6.2605500247111
"Xkr8",6.25838877587135
"Rp9",6.25440042617141
"LOC128108007",6.25343949548675
"Zbtb5",6.25186907557949
"Fxyd5",6.25018094401142
"Camk2g",6.24997865331361
"R3hdm1",6.24954463249058
"Rap1b",6.24517162272246
"Fuca1",6.23572419175155
"LOC128122905",6.23394728779768
"Llgl1",6.23304336140112
"LOC128118539",6.23249957637853
"Tmed8",6.22601219461701
"Aagab",6.22596484267778
"Ddx51",6.22577272542383
"Scarb1",6.22535685784845
"Itga10",6.22516444314921
"LOC128112444",6.22385971356789
"Iah1",6.22273930846018
"Obi1",6.22014776319827
"Rapgef4",6.21994482078289
"Rfx4",6.21533678334591
"Naa15",6.21339584092528
"Mcam",6.2127808897624
"Rbbp7",6.21195901028571
"Znf185",6.21054091508489
"Smyd2",6.20952443781146
"Zdhhc2",6.20929283634333
"Plekhm3",6.20589428305291
"Hnrnpab",6.19634899393797
"Bcl2l13",6.19381203228502
"Fabp5",6.19272474783979
"Cspp1",6.18962841020523
"Rab21",6.18819484262036
"E4f1",6.18656490594617
"Pcdh17",6.18620880874126
"Nmrk1",6.18549337980821
"Steap3",6.18408785841006
"Mkrn1",6.18103572867101
"Sirpa",6.17527989981152
"LOC128101158",6.17408680557247
"Mob3b",6.17077114180872
"LOC128115186",6.17044312887912
"Cenpi",6.16929265816637
"Fsd1l",6.16909429655959
"Lrrtm3",6.16651216879195
"Ncf4",6.15869855128355
"Flnb",6.15086778902302
"Yes1",6.14748639674631
"Nol4l",6.14741673189857
"Riok2",6.14541732452808
"Supv3l1",6.14317234633553
"Cav1",6.1415723099885
"Irf7",6.1407030413633
"Znf23",6.13811701131038
"Znf131",6.13240977768206
"Rpa2",6.12942631115352
"Nynrin",6.12705014169588
"Tnnt2",6.12174773299679
"Ngrn",6.12165499975836
"Cd99l2",6.11619712384743
"Exoc4",6.11418558010329
"LOC128101991",6.11314932466556
"Aldh2",6.11309939951779
"LOC128108325",6.1122421683121
"LOC128111013",6.11105250327617
"Wdr59",6.10688241803162
"Psmb2",6.10646192268754
"Usp5",6.10577520319067
"CUNH19orf12",6.09805956532399
"Nek7",6.09708261251536
"Vps33b",6.09553281454395
"Orc4",6.09370634797257
"Cdc40",6.08574257863874
"Sln",6.08310745075884
"Abcd3",6.08216537372797
"Adam17",6.0783695477227
"LOC128116654",6.06904785957995
"Zbtb7c",6.06880346468536
"Bnc2",6.06772061790761
"Cfp",6.0661259465481
"Castor2",6.06462581376788
"Eral1",6.06272820368125
"Sgpp1",6.06132666635751
"Sntb2",6.06082356389966
"Foxa1",6.06047600029104
"Pitpnb",6.06041464459783
"Pyroxd2",6.05956638786754
"Btg2",6.05562160234724
"Kdr",6.05257376227341
"Mtus2",6.05006267523522
"Hadhb",6.04576447072376
"Gtf2e2",6.04570425918289
"Cwc22",6.04249818512183
"Smarca5",6.03937773089317
"Pdcd7",6.03853135843456
"Dnajc8",6.03708662766838
"LOC128101209",6.03700983034519
"Plekhh2",6.03453615067383
"Adamts12",6.03434117998287
"Rpl39",6.03433652456357
"Tcea1",6.03426066832185
"Acta1",6.03219235624661
"Lrig3",6.02973272975556
"Brpf1",6.02905125080311
"LOC128097914",6.02882769211885
"Golph3",6.02518150339924
"Pdxdc1",6.02409244622939
"Mtif3",6.02404292025919
"Uhmk1",6.01969077315388
"Kcnb1",6.01951553635442
"Tekt5",6.01795727374475
"LOC128117020",6.01699403219896
"Plxnc1",6.01090098417445
"Cpsf2",6.00877013244982
"Creb1",6.00734482916723
"Azgp1",6.00212046088095
"Calu",5.9943184283858
"Fzd5",5.99409514130457
"Dyrk3",5.99317202744891
"Elf1",5.99220968434594
"Nrp2",5.98862604912541
"Pls3",5.98843041950312
"Hycc1",5.98708046073422
"Cfap77",5.98478402040447
"Tmprss2",5.98460979303454
"LOC128095295",5.98412561333386
"LOC128110603",5.98147468962836
"Tango2",5.97623388192614
"Fam120c",5.9754558121308
"Myo1g",5.97361824767939
"Dclk2",5.97155309640277
"Gpr65",5.96945844430003
"Usp49",5.96679917693947
"Erh",5.96516243511414
"Cmklr1",5.96388092773714
"Ppm1h",5.96387049825532
"Prrt1b",5.95737986590795
"Ankrd45",5.95453066674542
"Cables1",5.95445159900407
"Sidt2",5.95308806536174
"Mafb",5.95239359522738
"Ufl1",5.95224300069045
"Cpe",5.95175417368639
"Usb1",5.95066008234389
"Igfbp5",5.94959837680604
"Cd79b",5.94854320728477
"Sdhaf4",5.94824019142673
"Ifi30",5.94781087093507
"LOC128114633",5.94740102667782
"Ccdc115",5.94603091966771
"Nudcd2",5.94378041905622
"Chst11",5.93976185775448
"Uri1",5.93972073408809
"Nrg2",5.93902750246675
"LOC128118275",5.93758670879455
"LOC128124962",5.93714596361424
"LOC128106250",5.93709628948775
"Ikzf4",5.93647294584905
"Mfn2",5.93465339221613
"Fbxl5",5.93361882896466
"Atg2b",5.93265768872232
"LOC128124963",5.93230915426084
"Eya3",5.92996796076543
"Krba1",5.92979540156002
"Tarbp2",5.92910715574789
"Col3a1",5.92851934531955
"Atxn3",5.9275874022981
"LOC128104025",5.92561403296643
"LOC128104110",5.92475052151853
"Dennd1b",5.92161566251418
"LOC128095182",5.91899606363104
"LOC128105685",5.91840259924439
"Nod1",5.91834284613329
"LOC128118273",5.91770998626015
"Ogfod1",5.91707719130399
"Noct",5.91601546256659
"Fam221a",5.91504355120583
"Numa1",5.91275404778565
"Itgal",5.91232752233108
"Scp2",5.91014227002547
"Pank1",5.91012261580344
"Rbm33",5.90685806748856
"Cd81",5.90234740442996
"Dnajc18",5.89917251912262
"Dpy19l4",5.89742579347404
"Ar",5.89636539491715
"Ptch1",5.89197295885798
"Brap",5.88867321804386
"Terf2",5.88490062882732
"Mrpl10",5.88468542024316
"Axin2",5.88046018782097
"Dpp8",5.87982302540897
"Dctpp1",5.87915862727004
"Clpx",5.87547307861242
"Dlc1",5.87474213272794
"Vegfd",5.87374798062627
"Hk1",5.8735013647314
"Myd88",5.87334384050455
"Hpse",5.87289694468096
"Fam222b",5.87097249529605
"Klhdc3",5.87020905738616
"Tpm3",5.86800227036407
"Asnsd1",5.86774182716573
"Chfr",5.86413033775065
"LOC128122800",5.86289228210822
"Pxdc1",5.8628247514658
"Cltc",5.86063862157935
"LOC128109115",5.85839881902613
"Bzw1",5.85828700281203
"Commd2",5.85620320779492
"Tada1",5.84979950998087
"LOC128111870",5.84774968642198
"Gpr173",5.84713144982064
"LOC128101317",5.84637947914062
"Nipa1",5.8408822670513
"Haus6",5.83918587882302
"Dipk1a",5.83891138151423
"Ptpn4",5.8374196149666
"Smad3",5.83678051368326
"Met",5.83526462157563
"Syne2",5.83313154701595
"Capza1",5.82848429228069
"Bpnt2",5.82446392083749
"Gm2a",5.81931797335645
"Ccdc85c",5.81571792209329
"Rpn2",5.81497995414926
"Gja4",5.81282267639859
"Atp1b2",5.8101572976889
"Ptpn7",5.80890428450706
"Mns1",5.80861281639929
"Mat2b",5.80822289650369
"Manea",5.80440911504109
"Lysmd3",5.80319985080892
"Fam8a1",5.80086170294989
"Ankrd1",5.79723200860383
"Dusp26",5.79677424158094
"Anxa1",5.79514435144224
"Ssr1",5.79163638726481
"Sf3b6",5.79114015536859
"LOC128115865",5.7909718484981
"Ccdc65",5.79069201940125
"Bicd1",5.78761551568225
"Galnt17",5.7873754121714
"Gopc",5.78734454174816
"Magoh",5.78672259392903
"Mrpl39",5.78631532590144
"Ulk1",5.78307416630197
"Appl1",5.78216174955863
"Rhbdf2",5.78193624759505
"Slc36a4",5.78011166059337
"Kif3a",5.77665383389547
"Mast1",5.77649668996871
"Abhd12",5.77629265446336
"Syk",5.77339680859013
"Ubox5",5.77335171047129
"Sgsm2",5.76869827010766
"Zbtb18",5.76799734805125
"Tnpo2",5.76709002744376
"Slc25a43",5.76623284731693
"Prkg2",5.76540854277539
"Gna14",5.76455820128106
"Pir",5.76323361573891
"Hdac7",5.76031250145715
"Col8a1",5.75931740921606
"LOC128098826",5.75890628434897
"Ccdc92b",5.75658169099374
"Setd2",5.75647403490791
"Maf1",5.75554641550514
"Zhx2",5.75222892184969
"Vps4a",5.7505938107048
"Card16",5.75022185984138
"Tex30",5.74593103341971
"Fdx2",5.74493179570721
"Eed",5.74463730720874
"LOC128108528",5.74399260201732
"Scarf1",5.73936239920398
"Gskip",5.73466582278782
"Fmnl2",5.73332473517687
"Gnb1l",5.7331670190658
"Ido2",5.73252412800816
"Wnt11",5.73116272517039
"Ccne2",5.72852434176202
"Gigyf2",5.72694505617686
"Kmt2c",5.72640864409173
"Il33",5.72544862489558
"Flii",5.72435145842356
"Mdm1",5.72390577765517
"Tmem214",5.72212819104096
"Ctc1",5.7205022519006
"Aff1",5.71976769409216
"Hmcn2",5.71945051714324
"LOC128121256",5.71887461443193
"Abhd6",5.71418929755735
"LOC128099940",5.71364108294421
"Prdm1",5.71213074857451
"Fbxl3",5.71111018653536
"Slc30a7",5.70913217300861
"Mbd2",5.7081233059905
"Nagk",5.70635722641401
"LOC128115875",5.70299955435125
"Arfgef1",5.70062822352738
"Ubc",5.69312580023216
"Tln2",5.69105705634207
"Msantd4",5.69077304179064
"Etv1",5.69045295256783
"Catsperg",5.68965790956397
"LOC128096814",5.68927100982935
"Tcp11l2",5.68605925693976
"Rps7",5.68517321676596
"Wwp1",5.68416843860722
"Pank3",5.68270000560253
"Gne",5.68018907937831
"Rps6",5.67910049603744
"Mbd1",5.67770136239275
"Cobl",5.67655004880549
"Ern1",5.67624219292879
"Tmem181",5.67313931752052
"Ndufb2",5.67265032414887
"Cog8",5.66866304636206
"Nfat5",5.66711582418414
"Smarca1",5.66708417513247
"Ado",5.66589487698218
"Mcmdc2",5.66509577975611
"Kcnk1",5.66425095345063
"Cul5",5.66205037556364
"Susd3",5.66135858883682
"Kti12",5.65953031715882
"Slc37a3",5.65909151971777
"Napg",5.65772894353838
"Ctse",5.65722172900649
"LOC128122325",5.65592113130242
"LOC128106311",5.65327036705579
"Hgf",5.65096805860999
"Mtf2",5.65037209727624
"Pcgf5",5.64844655228985
"LOC128125484",5.64339253967834
"Il17ra",5.64331152816927
"Rcn1",5.64086932440273
"Cacng7",5.638292014367
"Zbtb38",5.63553782486722
"Ndst2",5.63391264042586
"Atp5po",5.63324072739955
"Mdh1b",5.63235942618155
"Pdlim3",5.63181472934034
"Spcs1",5.63160871702918
"Usp9x",5.62838123123944
"Evl",5.62635033423817
"Mcmbp",5.62319771682958
"Lypd6",5.62097187452277
"Cdk12",5.62014228197156
"Sf3b5",5.62002153578812
"Ddhd1",5.61858478422384
"Znrf1",5.61735648500008
"Rasgrp3",5.6163837318683
"Gtf2ird1",5.61569108076532
"Fbxo15",5.61454672617547
"Znf280d",5.61304958987519
"Sec16a",5.61290879889434
"Sec22a",5.6104389131689
"Cfap58",5.60861261216397
"Gja3",5.60590745105194
"Pcnx4",5.60572100862679
"Xrcc3",5.60344553261218
"Hpse2",5.60270098697764
"Fbxl14",5.60121705229968
"Tcn2",5.59713392836185
"Dstn",5.59547289312253
"Clta",5.59368628020159
"Tmem237",5.59319139598259
"LOC128121210",5.59309568026019
"Aggf1",5.58841566233998
"Chm",5.58818671290349
"Pithd1",5.58729405118732
"Scaf4",5.58635459844281
"Scrn1",5.58619662122056
"Gprc5a",5.58610064632144
"LOC128125732",5.58171763000019
"Slc25a30",5.58163115003889
"Rsbn1",5.5812552348476
"Mpdu1",5.58040652571798
"Rab3gap1",5.57930886993217
"Calm2",5.57880231545002
"Sstr1",5.57667758899426
"Proser2",5.57645284849858
"Ctnnal1",5.57466810491344
"Mcm6",5.5690661254095
"Kcnk3",5.56725036909584
"Stk40",5.56714702192518
"Meis3",5.56702382396851
"Ppt1",5.56675732435957
"Ndufv3",5.56669808100119
"Ccn1",5.56583524946057
"Gucy1b1",5.56491789122124
"Ccz1",5.56326194895242
"Lars1",5.56240363583774
"Msr1",5.56199489912459
"Arhgap44",5.56084877936428
"Gpr137b",5.55807195494586
"Nlrp10",5.55371613422852
"Stt3b",5.553706320564
"Ndufaf4",5.55292749932109
"Otub2",5.55246504595463
"Hook2",5.55169431982454
"Stx6",5.55161753233237
"Fto",5.55027185050542
"Ncor2",5.55014469564657
"Mtmr7",5.55006443908679
"Nus1",5.5481564360715
"Atp5f1a",5.54692854240053
"LOC128107467",5.54537283866587
"Stxbp3",5.54516705015757
"Ctnna1",5.54490246637884
"Plekhf1",5.54146132791663
"Ptpn13",5.53973410873661
"Rnf11",5.53936877417529
"Specc1l",5.53545446262797
"Slit1",5.53510099926493
"Jam2",5.53354930296533
"Svep1",5.53040946037091
"Slk",5.53001463755843
"Psmd3",5.52957241352563
"Dcps",5.52892456116425
"Exosc6",5.52703021862208
"Nucb2",5.52503908146626
"Tdrd3",5.52412595146249
"Reps2",5.52400970244067
"Dcaf15",5.52101628149846
"LOC128103988",5.52001449280125
"Fbxo4",5.51939390265114
"LOC128098898",5.51916968608631
"Slc39a3",5.5186495015065
"Rnf103",5.51366468721071
"Mon2",5.51342876400595
"Braf",5.51263559585062
"Bcr",5.51029034663154
"Sox6",5.50899406769819
"Cd320",5.50783583773763
"Chmp3",5.50587611053465
"Tbccd1",5.50548767988903
"Paxip1",5.50512319377449
"Sec11c",5.50427147254234
"Mapkapk5",5.50277009307027
"LOC128105334",5.50001807452656
"Slf2",5.49815679983075
"Ccpg1",5.49722130952949
"Imp3",5.48798610034051
"Idh1",5.48543162542409
"Srpx",5.48479458936602
"LOC128101865",5.48323372781567
"Znf771",5.4823156909434
"Ppp1r14c",5.48160389965045
"Cep128",5.47634556798839
"Tmem241",5.4751903584062
"Ubash3b",5.47512829833897
"Smndc1",5.47294886729082
"Cmbl",5.47241317626058
"Abca3",5.47235030273342
"Fanca",5.47215225949946
"LOC128118584",5.47065909445659
"Arhgef12",5.46873359907762
"Fbxl20",5.46861521554287
"Trip11",5.46836374856424
"Tnip1",5.46727096236061
"Nudt12",5.467173605354
"Cnih1",5.46193929734617
"Gnpnat1",5.46073374898922
"Actr1a",5.45726619851743
"Usp4",5.45720037734305
"Fundc1",5.45674073365187
"Tc2n",5.4555793560497
"Osbpl10",5.45426851065232
"Pgap1",5.45378836935395
"Foxa2",5.45141126605959
"Ap2m1",5.44717672953755
"Riok3",5.44594255165812
"Cinp",5.44488071497797
"Arhgap25",5.44429239422341
"Api5",5.44293884031806
"LOC128125432",5.4403647183156
"Acvr1",5.43974554315421
"Ppp2r3a",5.43968592903821
"Sash3",5.43856676206409
"Akap3",5.43746430628316
"Slc35b4",5.43301781159361
"Lrp8",5.43198413663947
"Atxn2",5.42934640594778
"Bgn",5.42911110217532
"Tbcel",5.4290790046966
"Stk3",5.42881911569798
"Ecscr",5.4276097006038
"Armc10",5.42460913727854
"Snx10",5.42394025854349
"Aldh7a1",5.42335801251084
"Hectd2",5.42290548339403
"Atp9a",5.42209538954163
"Rps8",5.42016838198135
"Mtss2",5.41758991902102
"Fam83d",5.41710729789069
"Kank4",5.41626341961764
"Dop1a",5.41393554524376
"Shh",5.41224476397373
"Pygb",5.40956624268481
"Msi2",5.40470499157328
"Arhgef6",5.40467962188761
"Nceh1",5.40299636867967
"LOC128111143",5.40257525387952
"Cnr2",5.40166684181722
"Tshr",5.40123820445635
"Prkag1",5.39966434673354
"Ltv1",5.39550450867189
"Pmpca",5.39367772650392
"Dact3",5.39115790465451
"Cfap54",5.39089009609886
"Myom1",5.39021220836639
"Strn4",5.38652502362872
"Ccdc117",5.38605508183195
"Rpl11",5.38557014992399
"Nup107",5.38534577849603
"Rgmb",5.38515642220354
"LOC128101416",5.38228178489422
"Lyn",5.38225580590374
"Cd9",5.3819710471509
"LOC128105288",5.37410139070528
"Prkd2",5.37279085643451
"Lmo1",5.36891678013481
"Eloa",5.36835479888443
"P4ha2",5.36813870315003
"Dph5",5.36444160389751
"Efcab7",5.36237509835991
"Tnpo1",5.35943002764794
"LOC128096668",5.3591344531728
"LOC128124263",5.35872027617701
"Sccpdh",5.35852763176942
"Pigr",5.35641507673175
"Ppip5k1",5.35615392825573
"Rmnd5a",5.355708794301
"Fermt2",5.35543078459742
"Gpr162",5.35280719618225
"Map2k5",5.35199886689866
"Nup153",5.34858704910547
"LOC128110357",5.34206566698771
"Chrm1",5.34196191175867
"Atg14",5.34191604787224
"Spata7",5.34146817210503
"Sfxn2",5.33846362821238
"Cd8a",5.33679628804801
"Nipa2",5.33559337939089
"Cit",5.33530055345249
"Polr2g",5.33491946251131
"Rmc1",5.33408447585077
"Carnmt1",5.33166999420664
"LOC128099398",5.33150388317814
"Lrp4",5.33094748656762
"Apex1",5.33049410928962
"Mtmr2",5.33005269977812
"Lurap1",5.3295833650774
"Ost4",5.32830323308307
"B3gat2",5.32778063030306
"Tlcd1",5.32771416962145
"Dcbld1",5.32532699659989
"LOC128119578",5.3242935455804
"Gtf2ird2b",5.32422959149877
"Cebpd",5.32199352811043
"Btf3l4",5.32165891410217
"Tssc4",5.32062405698208
"Amd1",5.31817302636834
"Gtf2h2c",5.31778413293492
"Tmem117",5.31588807389054
"LOC128105512",5.31521080126223
"LOC128121113",5.31080132581657
"Plk3",5.30673768333978
"Bbs9",5.30662702951699
"Scyl2",5.30543436287342
"St3gal4",5.3050814139231
"Chi3l1",5.30424150743712
"Fam124a",5.3025660230105
"Mdfic",5.30161537839583
"Smg5",5.30011195287664
"Rraga",5.29884016118435
"Eml1",5.29881867000378
"Abcc5",5.29708962005115
"Tmcc2",5.2970030720636
"Dpysl3",5.29659069128571
"Klhl23",5.29652142592098
"Adamtsl2",5.29629669798792
"Trmt1l",5.29624885137201
"LOC128099611",5.29602088583122
"Poglut1",5.29574678392139
"LOC128112797",5.28987726532011
"Avpr1a",5.28940686230648
"Fkbp11",5.28555840916956
"St7l",5.28514442866274
"Cdk17",5.28278016187499
"Dhps",5.28254337321999
"Add3",5.28006468341915
"LOC128100371",5.27958228424766
"LOC128118926",5.27953280022728
"Ptpn18",5.27649060461997
"Snx2",5.27570933944276
"Pcdh18",5.27306506450083
"Txnl4b",5.27264810320887
"Heph",5.27256218759549
"Atp5mf",5.26883461478377
"Clic4",5.26870479758231
"Plekha5",5.26768246088214
"Ier5",5.26573308407429
"Clec14a",5.26200695549115
"LOC128108835",5.26193750818615
"Timp1",5.25903341753188
"Bag3",5.25716724089605
"Fam81a",5.25551151729708
"Rnf7",5.25269857726929
"Ikbip",5.25114758817045
"Pstpip2",5.24931211869424
"Atp6v1f",5.24506843749336
"Rhob",5.24467151621075
"Tomm6",5.24410301938953
"Thrap3",5.24359386700942
"Crym",5.24294481202585
"Adamts1",5.24170655477694
"Ccm2l",5.24147266934989
"Sharpin",5.2395902658251
"Pde7b",5.23815624496388
"Pde1c",5.2377793457862
"Ubr3",5.23514311598954
"Dnajc3",5.23497506605154
"Pias2",5.23182288810987
"Aqp5",5.22801125647144
"LOC128097023",5.22728303283857
"Hnrnpm",5.22489509053222
"Nkap",5.22358311765014
"Ppp1r8",5.22335868710345
"Trim37",5.22321986568722
"Mtfmt",5.22284108936403
"Tgfb1i1",5.22254269776183
"LOC128095986",5.22125881718535
"Slc9a6",5.22043166842277
"LOC128117783",5.22018537131234
"Panx2",5.21851334128969
"Mcur1",5.21755045214358
"Pde3a",5.21645206438088
"Togaram1",5.2161701766992
"Pygl",5.21504417730528
"Slc35f6",5.21271062503687
"LOC128119675",5.21263706066626
"Smim8",5.21226038128549
"Pomk",5.21078895208207
"Rnf26",5.20995121825847
"Esyt1",5.20320187956925
"Bmper",5.19788653968547
"Imp4",5.19655024624681
"Lrrc9",5.19650232597384
"Atmin",5.19491877509014
"Ankh",5.19321651218497
"Dhcr7",5.19289306796245
"Mapre3",5.19208355142778
"Fgd5",5.19173200762317
"Cacnb1",5.19091048604762
"Sema3d",5.19042931457298
"Ppid",5.18708836820427
"Ier3ip1",5.18639754911934
"Usp38",5.18290516917542
"Tsen34",5.17993052262044
"LOC128123704",5.17489857045728
"Glrx3",5.1741386261325
"Zmym4",5.17241259203775
"Map3k20",5.17050102959998
"LOC128114350",5.17029811731409
"LOC128105649",5.16951516848594
"Palm2akap2",5.16484736042418
"Brms1l",5.16267617404426
"Fcmr",5.16154183778307
"Tpp2",5.1608051135171
"Gpx7",5.1607511731237
"Arf4",5.15989611254148
"Ahctf1",5.15904729101256
"Cacna2d1",5.15884116963218
"Gtf2i",5.15810089925739
"LOC128118772",5.15603082086754
"Rbpms",5.15505823327598
"Ror2",5.15381775239976
"Ckap4",5.15278172291232
"Jkamp",5.15064084520193
"LOC128095828",5.1500157918115
"Itpr3",5.14849102051846
"Tmem9b",5.14841941907618
"Hadha",5.14833422849973
"Alg6",5.14803580593033
"Mrgbp",5.14468397489827
"LOC128113502",5.14345380710914
"Tdg",5.14283159519691
"Rasgrp4",5.14122301196707
"Inpp5e",5.14079247196511
"Atg4b",5.13693461376069
"Itpkb",5.13557860202388
"Scaf8",5.13306358716665
"Shfl",5.12996048441505
"Adamts10",5.12965493424618
"Rps16",5.12801030664308
"Polr3k",5.12795180282745
"Jup",5.12726617844804
"Spon1",5.12535457970409
"Def8",5.12466306797714
"Traf3",5.12414271902062
"Rnps1",5.12171182811354
"Znf277",5.12129161296
"Dhx38",5.12005563045895
"Rfc2",5.11636728176213
"Cd80",5.11410411130412
"Nadk",5.11350719694423
"Myl12b",5.11278997715525
"Dbt",5.11264375297604
"Noxo1",5.1105951716228
"Adcy2",5.10849581282081
"Tubb2b",5.10519286017631
"Mpzl3",5.10505561304447
"Atp11c",5.10492630085636
"Tmem245",5.10385171456844
"CUNH1orf116",5.10362537973052
"Zdhhc7",5.10330217233597
"Acad10",5.10249341927344
"LOC128116587",5.10202400543144
"Rsph1",5.1005910148895
"Pgrmc2",5.10020183821017
"Rnf2",5.09987522777547
"Tmem178b",5.09796260960898
"Fbn1",5.09763816049551
"Ndel1",5.09614616208702
"LOC128112568",5.09587952240557
"N4bp1",5.09580437166961
"Appbp2",5.09559169147188
"LOC128109811",5.0955889248506
"Tspan8",5.09549826425856
"Pknox1",5.09393605568933
"Pomt2",5.09184546787837
"Rab19",5.09153843479034
"Tmem30a",5.09099131601401
"Cep85l",5.09080839733803
"Wdr83",5.08646977228741
"Rpp14",5.08604061002399
"Peli1",5.08538947631689
"Supt5h",5.08484033990702
"Slc48a1",5.08228699873024
"Mapk6",5.08038253961507
"Clca1",5.07900153968966
"Ormdl3",5.07611204322043
"Kantr",5.07532751954191
"LOC128105355",5.07410588057179
"Rpl22l1",5.07287708354698
"Nob1",5.07283179479492
"Ankrd35",5.07178628244643
"Apool",5.07140230262385
"Vtcn1",5.06899043239457
"Rps12",5.06771608998154
"Stap1",5.06646730127829
"Ubash3a",5.06594100280417
"Csdc2",5.06517943275062
"Pcmtd2",5.06482306250425
"Mrpl17",5.06295855948918
"Kbtbd3",5.06212844626736
"Rsl24d1",5.06203566473557
"Spp1",5.06174502603585
"Pes1",5.0612397555409
"Gimap8",5.05907254367905
"Chp2",5.05818604852263
"Dync2h1",5.05451361802164
"Srpra",5.05183299651645
"Minpp1",5.05151568842064
"LOC128111222",5.05119843114506
"Iqgap2",5.05057783030126
"Znf25",5.04894260980317
"Dmtn",5.04855864509395
"Znf365",5.04734589442705
"Ranbp1",5.04497560521712
"Ppp2r5d",5.04421550132202
"Psmc6",5.04219618498251
"Znf408",5.04159253550005
"Rarb",5.0411058437549
"Mvd",5.03805484640395
"Tvp23a",5.03623426314511
"Agbl5",5.03604143818023
"Prr18",5.03564966576408
"Lrpprc",5.03274053200854
"Mrps33",5.03160991509551
"C2cd2",5.03123639278045
"Arhgef26",5.02968229965326
"Gata6",5.02937105530473
"Tpm1",5.02897183391339
"Bmp4",5.02889832157401
"Rap2c",5.02713890612421
"Tpst2",5.0251628907116
"Arrdc3",5.02418657533264
"Usf3",5.02416901262677
"Mrpl42",5.02404536331828
"Spata24",5.0238166099962
"Nqo1",5.0236068021158
"Amotl2",5.02283203547779
"Slc12a7",5.0227125928294
"Rad9a",5.02213110712901
"Rab31",5.02144364167968
"LOC128122087",5.01993003741579
"Tmem26",5.01885129381409
"Pi4kb",5.01855297898938
"Ndufaf6",5.01721933865476
"Podn",5.01373603008566
"Znf711",5.01198308602187
"Tab3",5.01099776855233
"Dhx34",5.00947218994657
"Pomgnt1",5.00883531249574
"Fhl1",5.00790173597193
"Rras2",5.00717318021149
"Tafazzin",5.00667516979637
"Pcmtd1",5.00630082157101
"Cetn2",5.0043948137562
"Phtf1",5.00357499624886
"Orai1",5.00199469106648
"Sema4g",5.00075908485375
"LOC128114393",5.00006911430536
"Snx7",4.99760787223222
"Magi3",4.99704946632523
"Paqr7",4.99592429150106
"Myo5a",4.99538181787616
"Npc1",4.99436891273852
"Tspan11",4.99384885218738
"Bpgm",4.99292121638439
"Serpinh1",4.99251887121638
"Kcnj15",4.99076875811162
"Rasgef1b",4.99066786916829
"Atp11b",4.98878050499762
"Ankar",4.98758998498185
"Tbcd",4.98645477819452
"Micu3",4.98505975756132
"Ccdc47",4.98331033725559
"Gabarapl2",4.98242677357451
"LOC128109550",4.98229460672335
"Tcerg1",4.98075692997163
"Dock3",4.98050561256774
"Thra",4.98031881745421
"Gpx3",4.97885507865782
"Scgb3a1",4.97881162119753
"Timm50",4.97705203031441
"Tmem158",4.976040075336
"Irx3",4.97560106997813
"Nr2c2",4.97474743083531
"LOC128106286",4.97471740744145
"LOC128124674",4.97319703835659
"Traf3ip3",4.97247653913937
"Slitrk6",4.9706938616483
"Atp5mc2",4.97067745851442
"Vbp1",4.97048188589455
"LOC128104486",4.97018134754726
"Cysltr1",4.97003516134928
"Mturn",4.96996575741932
"Fam76b",4.96922135212911
"Atp6ap2",4.96918584147229
"Gtf2a2",4.96888261715737
"Grb10",4.96839941282449
"Timmdc1",4.96680170319725
"Arap3",4.96679458029925
"Coq8a",4.96671692414155
"Kiaa2013",4.95997796169075
"Cryl1",4.95969602610711
"Igip",4.95794768946504
"Rangrf",4.95789311446821
"Dnase1l1",4.95776119341431
"Ube2j1",4.95661568000918
"LOC128117192",4.95563219033358
"Ptcd1",4.95559202183034
"Fbxo38",4.95369859531914
"LOC128113541",4.95238794313998
"Gpat3",4.95198130045917
"Lrriq1",4.94982247775908
"Mrpl43",4.94872962256233
"Rfx1",4.94846029695748
"Lama2",4.94753163705207
"Fem1c",4.94493295837397
"Ryk",4.94488069207801
"Gorasp2",4.94147381873397
"Sptlc1",4.94047502135545
"Trappc6a",4.93856323994043
"LOC128115846",4.93758986977119
"Sh3rf3",4.93557857360982
"Erap1",4.93517430311783
"LOC128094261",4.93322525852055
"Mblac2",4.93262791848724
"Dock4",4.930976874103
"Hspa5",4.92988583618369
"Nckap1l",4.9298511004472
"Ednrb",4.92979238608675
"Procr",4.92973885444865
"Nbeal2",4.9282500060375
"Cep112",4.9269965853097
"Dhx37",4.92613350282551
"Ntan1",4.92507242878489
"Rpap3",4.92291327240334
"Dynlt4",4.92172170546521
"Plod1",4.9207007304442
"Ddx42",4.92046321074973
"Stx12",4.92025955234987
"Anxa2",4.91720785633676
"Acot13",4.91703838504398
"Yod1",4.91527203280348
"Prpf38b",4.91429010847889
"Irx2",4.91428143188487
"LOC128094566",4.91319934960056
"Dpysl5",4.91282215629013
"Dnah12",4.91069764789244
"Asap1",4.90913223894879
"Ckm",4.90658740130788
"Pon3",4.9038965560178
"Gpr183",4.90311056245988
"Rab5a",4.89976049584984
"Tspan12",4.89869246121126
"LOC128094942",4.89843550695614
"Ice2",4.89764705911347
"Efnb1",4.89306448009592
"Cpeb4",4.89265027541041
"Jaml",4.89051617015566
"Aoah",4.88889256929746
"Rsbn1l",4.88826845768091
"Xiap",4.88575862469185
"Ptprk",4.88572289941407
"Polr2m",4.88494054843474
"Abraxas1",4.88352774305982
"Cd68",4.88204641264475
"Lpl",4.88195664131572
"Vps13c",4.88193380193703
"Tagln",4.88128344584794
"Prpf8",4.87999054871711
"Marchf2",4.8775252178007
"Pus1",4.87748687001903
"LOC128101059",4.87748466620568
"Chmp6",4.87613750710074
"Map4k4",4.87603749281856
"G0s2",4.8723082472156
"Gata3",4.87082015735847
"Manbal",4.86925298791869
"Synj1",4.86894101762166
"Elovl7",4.86715616001182
"Snx33",4.86524720569051
"Rassf8",4.86465385499493
"Ybx1",4.86422105299463
"Cisd3",4.86045467556088
"Me2",4.85591766022205
"Mea1",4.85534104837608
"Slc15a4",4.85368539922841
"LOC128098744",4.85315935268129
"Zdhhc8",4.85250981613827
"Eps15",4.8507813688052
"LOC128114891",4.85011494889286
"Mrps9",4.84901892129228
"Ptpn3",4.84710947584778
"LOC128103906",4.84692537490531
"Cryzl1",4.84626589212394
"Tspan1",4.84299003271543
"Znf775",4.84288377578581
"LOC128111900",4.8406113786861
"Bckdha",4.83991683379858
"Wdfy2",4.83736789205445
"LOC128121593",4.83674404164245
"Trim28",4.83594590306842
"LOC128112800",4.83524104304823
"Tns1",4.83487987694218
"Foxp1",4.83373336238655
"Tmem68",4.83142104537235
"Zfc3h1",4.83030682076371
"Ppp1r11",4.82925371876855
"Polr3gl",4.82867132834441
"Trabd",4.82853692509171
"Pdzd8",4.82785245389486
"Zmym2",4.82753385395093
"Sh2d1b",4.82671947693814
"Suco",4.82668244284647
"Wnt5a",4.82418454573195
"LOC128122807",4.82156433243784
"Vma21",4.82051377432882
"Ltb",4.81732045224646
"Sod1",4.81474776191412
"Ift88",4.81199046638086
"Rbbp8",4.8112099223041
"LOC128105439",4.81050498687236
"Zbed3",4.808485963467
"Mpdz",4.80837040701556
"Apcdd1",4.80792898239598
"Xpr1",4.80731604468508
"CUNH3orf38",4.80598023725875
"Slc25a26",4.80576322271561
"Tsr1",4.80486564371557
"Fkrp",4.80267586217031
"Bloc1s3",4.80115779387466
"Mef2a",4.7996314404224
"Hscb",4.79790912342338
"Steep1",4.79770811296189
"Chmp2b",4.7971341608648
"Melk",4.79665376596016
"Itga6",4.79566599556157
"Zmynd19",4.79547597648532
"Tmem59",4.79308613422767
"Ska2",4.79282775038931
"Ace2",4.78977062508084
"Aspn",4.78911707652986
"Phax",4.7888361433716
"Kdm6a",4.78800662928412
"Crcp",4.7874647859047
"Dvl3",4.7860413416807
"Atpsckmt",4.78087899864487
"Ppp2cb",4.77978221958775
"Slc7a2",4.77896698727314
"Cttnbp2nl",4.77554510263616
"Sfrp4",4.77468947471328
"Snx25",4.77369191451839
"Septin8",4.77142369993219
"Gadd45b",4.77113888580091
"Itpk1",4.77030871600807
"Chid1",4.76855287872401
"Hck",4.76749313981957
"Prickle1",4.76685968757197
"Slc46a3",4.76505446655927
"Snx24",4.76438020493617
"Rpgr",4.76402748214136
"Pde8a",4.76382887322455
"Upf3b",4.76312185920633
"Clip4",4.76172845169497
"Elapor2",4.76094156356375
"LOC128114394",4.7594042822667
"Dlgap5",4.75712802601138
"Itgb2",4.75536650894459
"LOC128099939",4.75416077864989
"Sdha",4.75304272100156
"Ankrd34a",4.75116523883945
"Zmym3",4.75064705736572
"Nfatc3",4.74956103556392
"Nifk",4.74905997383853
"Ndufa1",4.74809122602541
"Ppp2r5e",4.74677370012927
"Vps37b",4.74565137738647
"Lnx2",4.74525040966182
"Cxcl17",4.74517687564731
"Mycbp2",4.74465080494979
"Gfpt2",4.74413389124819
"Haus1",4.73995708682945
"Arl3",4.73928082964865
"Dnai4",4.73920636773937
"Pclo",4.73876777909616
"Alox5",4.7386889868309
"Dhx29",4.73813423060703
"Chchd2",4.73763037314443
"Jarid2",4.73633350738737
"Abt1",4.7356159360996
"Cpsf4",4.73516401279702
"Phb1",4.73296025351257
"Mindy4",4.73228938761206
"Exoc7",4.73200468261755
"Serpinb7",4.73130261220214
"Phf3",4.72973818104999
"Rps6ka1",4.7289759021055
"Tapt1",4.72709707779773
"Fdps",4.7267142814641
"LOC128122653",4.72512441976219
"LOC128098627",4.72255815890833
"Ndrg2",4.72123174915659
"Zdhhc3",4.72065757822557
"Skap2",4.71987101066942
"Vgll3",4.71830705452685
"Ctbp1",4.71800030804212
"LOC128123069",4.71673756907107
"LOC128108855",4.71538046263586
"LOC128120472",4.71459196665146
"Jhy",4.71414603644307
"Ankrd50",4.71349551359708
"Tmem254",4.7134021454079
"LOC128121568",4.7126900409512
"Pde10a",4.71166568014258
"Fndc3b",4.71161206640089
"Tfcp2l1",4.71152738287776
"Il18bp",4.711117690085
"Rnft2",4.71099929355843
"Pde12",4.71075828843933
"Efcc1",4.709603419837
"Pcsk7",4.70831998435929
"LOC128103300",4.7069040069793
"Thap4",4.70590980749032
"Psmc4",4.70586696420192
"Slc18a2",4.70422771292746
"Tent4a",4.70422563531216
"Tacstd2",4.70013300951808
"LOC128112836",4.69936041508934
"Trps1",4.6981266045346
"Elk1",4.69288641478652
"Lars2",4.69029057234246
"Lmcd1",4.68934390854425
"Slamf6",4.68485846719593
"Dera",4.68412871025866
"Maea",4.68258027188088
"Hint1",4.6818351960498
"Tecpr2",4.67926379285253
"Lzts2",4.67755610990895
"Cbx3",4.67587947634745
"Srrm1",4.67546324664267
"Clybl",4.67266651851374
"Sec61a2",4.67265304804028
"Rab27b",4.67049125212918
"Egln3",4.66891729069674
"LOC128116786",4.66866993608337
"Tubgcp5",4.66809923060595
"Rpgrip1l",4.66562804657918
"Mapkapk3",4.66420169065428
"Azi2",4.66368643699102
"Cytip",4.66331385160254
"Rpp30",4.66232204971079
"Nsg2",4.65913036806089
"Lypla2",4.65903263631845
"Dpysl2",4.65787690588719
"Ptp4a1",4.65763537199378
"Rmdn1",4.65729257056918
"Vac14",4.65719357356881
"LOC128114939",4.6565549975747
"Fam120b",4.65586789300292
"Evpl",4.65500799016184
"Cnpy2",4.65218235457028
"Csf3r",4.64839375230106
"Sh2d3c",4.64667424456906
"Nfam1",4.64613972740509
"LOC128099898",4.64299132947878
"Rbbp6",4.641713379082
"Dap",4.63912364540649
"Cops4",4.63807418452244
"LOC128110292",4.63613806228342
"Uvssa",4.63288184663855
"Hivep2",4.63269606804306
"Ndufb1",4.63219363319146
"Sec23b",4.63137726863648
"LOC128094320",4.63132414463701
"Bap1",4.63092191421749
"LOC128099729",4.63067386328564
"Csrnp1",4.63032300973717
"Slco5a1",4.62843419961723
"Tsc2",4.62734901282326
"Tcf12",4.62727823425236
"Pde8b",4.62654920081617
"F11r",4.62641005472594
"Myzap",4.62557581405469
"Pigv",4.62440610410312
"Gab1",4.62283703771535
"Col6a2",4.62185287474704
"Cfap141",4.62018099732112
"Tbc1d9",4.61962320084343
"Grpel2",4.61707837318424
"Col16a1",4.61587850117234
"Ints3",4.61559648113111
"Gtf3c1",4.61209486085502
"Matn2",4.61158508248666
"Plscr1",4.61105573837723
"Pomp",4.61060999779574
"Bex1",4.61009207976986
"Dstyk",4.60902155905626
"Slc39a4",4.60784505864444
"Gja1",4.60684000373798
"Paip2b",4.60564680063642
"Tmed5",4.60546958555594
"Ammecr1l",4.60491352988178
"Smarca2",4.60403259568221
"LOC128108180",4.60372834497189
"Dctn5",4.60324538597011
"Atp10a",4.6005603250808
"Rps17",4.59948737176499
"Btnl9",4.59943936611093
"Fam107b",4.59907904974958
"Mid1ip1",4.59904893900121
"Auh",4.59847489709621
"Actr10",4.5981523569649
"Syf2",4.59549138219336
"Cdo1",4.59487802428814
"Gfpt1",4.59479577054622
"Rnpepl1",4.59437249693772
"Ilvbl",4.59434751944061
"Bid",4.59162042985981
"Ythdc2",4.59095471040511
"Pfas",4.5908379828926
"Lyplal1",4.58957663421925
"Cipc",4.58810512537332
"Echdc1",4.58670719874471
"Rps13",4.58659629452743
"Pspc1",4.58540765709148
"Ppp4r1",4.58451586373818
"Znf532",4.58421394339496
"Aatk",4.58273953555565
"LOC128117233",4.582465637788
"Oip5",4.58152192908828
"Mrps10",4.58071150560082
"Znf592",4.57923226641371
"Nfib",4.57913819384984
"Syde1",4.5776740008211
"Lepr",4.57268436352944
"Ap3b1",4.5701862588779
"Nuak1",4.56975882596728
"CUNH2orf72",4.569399887645
"Cdhr3",4.56750771490198
"Nme2",4.56658272916563
"Rbmx",4.56358096670331
"Ngef",4.56227894569352
"Lemd3",4.56221057274188
"Senp7",4.56121590551076
"Klhl13",4.56008687323401
"Tbc1d5",4.55998405752846
"Rgs10",4.55883327132673
"Scai",4.55874055440334
"Znrf2",4.55792103045759
"Scrn2",4.55763996583862
"Zcchc7",4.55611689205041
"Pdk1",4.55570443150698
"LOC128098332",4.55399491499461
"F3",4.5537945805869
"Krtcap2",4.55294887178507
"Rwdd1",4.55114129305303
"Taf1b",4.55081307360289
"Slc35d1",4.54950254807219
"Prpsap2",4.54937217425978
"Insig1",4.5490660434741
"Cntln",4.54888980429662
"LOC128108730",4.5466049235739
"Zbtb10",4.54585946042405
"Nxn",4.54527551929219
"Hsd17b10",4.54351824146374
"Ucp2",4.5421633655699
"Lss",4.54196163783109
"Pdcd6",4.54125427822082
"Rnf214",4.54034260289126
"Psme4",4.53997363474513
"Prr29",4.53969747532081
"LOC128118740",4.53965514564281
"Sfpq",4.53891128840088
"Zswim1",4.53705433106254
"Aopep",4.53705044057255
"Eif2ak2",4.5365215477538
"Itsn1",4.5341505436255
"Limd1",4.53291992751349
"Gba1",4.53281329461493
"Myadm",4.5316406890034
"Hunk",4.53074414509132
"Dock10",4.5299827897975
"LOC128115715",4.52981089027797
"Cfap92",4.52880960073355
"Grhl1",4.52860109812041
"Tial1",4.52812448957365
"Cenpb",4.52809037650463
"Adam23",4.52762496321502
"Piezo2",4.52606027897141
"Tirap",4.52600950088168
"Synj2",4.52585159240408
"Dll1",4.52434700077486
"Pphln1",4.52266648786121
"Vamp8",4.52125153950676
"Smpdl3b",4.51812479636859
"Pyroxd1",4.5168264091914
"Tbp",4.51670676252655
"Grk6",4.51572058708579
"LOC128119345",4.51568413068416
"Cd34",4.51542661253227
"Acbd4",4.51527747182269
"LOC128121791",4.51476214678255
"Psmb1",4.51473959728752
"Fat1",4.5138363385569
"Man2b1",4.51352488132475
"Lrrn1",4.51046107351712
"LOC128122882",4.50762944166426
"Taf9",4.50754951240806
"Tax1bp3",4.50665700691622
"Slc40a1",4.50542952447261
"Zbtb20",4.50474218940915
"C1s",4.50404951004767
"Ifrd1",4.50339585188676
"Anxa5",4.50312222694145
"Psma2",4.49825643916638
"LOC128105014",4.49810316369795
"Sncaip",4.49620458665247
"S1pr3",4.49513348661785
"Tspan17",4.49471359208633
"Mfsd6l",4.49450691924423
"Tomm20",4.49450155495726
"Evi2b",4.49440958693733
"Ccdc59",4.49396467211007
"Pi4ka",4.49388802990214
"LOC128125436",4.49278770856214
"Actc1",4.49231121554515
"Scarb2",4.49131266466327
"Wwc1",4.4911554021445
"Ermp1",4.49097402731349
"Snx16",4.49043075253286
"LOC128118345",4.49032837572013
"Ripk4",4.48954769287916
"Slc10a7",4.48938427704388
"Rb1cc1",4.48919407839084
"Commd10",4.48811838268277
"Entrep1",4.48771619933366
"N4bp3",4.48760684728092
"Rassf1",4.48731637426421
"Polr3b",4.48716152992412
"Eif2b5",4.48673696466875
"Leo1",4.48443579286035
"Clmp",4.48392181115804
"LOC128108286",4.48362354438081
"Gpatch11",4.48349334208514
"LOC128122964",4.48286165165819
"Prkag2",4.4826440826758
"Trmt10c",4.48129314490809
"LOC128094281",4.47951564922383
"Ogg1",4.47912517437243
"Fbrsl1",4.47684909417473
"Stmn1",4.4767326356421
"Smpd1",4.47421542230625
"Rapgef1",4.47348582713852
"Auts2",4.47327755359066
"Plpp1",4.47017530164969
"Fam149a",4.470088439899
"Spata13",4.46963595566815
"Capn7",4.46910805363267
"Fgfr1",4.467841645584
"Amer1",4.46743253229837
"LOC128118323",4.46676018201167
"Ikzf1",4.46654653215723
"Stk10",4.46619489419815
"Dus2",4.46604762979249
"Mpc1",4.46581067218217
"Mllt6",4.46533821068363
"Desi2",4.46490657975457
"Nemp2",4.4643411415589
"Tmsb4x",4.46355968798874
"Trmt2a",4.46192214539675
"Paqr6",4.46132574400761
"Pfkfb2",4.46071428607438
"Gdnf",4.45954469265246
"LOC128096067",4.4583571390783
"Trmt9b",4.45469271710403
"Pik3r2",4.45335236602226
"Dnah2",4.45316724477013
"Ctnna3",4.45273089006787
"Mak16",4.45181408194437
"Ddx23",4.45065562650707
"Rsl1d1",4.45026052509904
"Nsd3",4.45006421908891
"Plekha7",4.44945682063316
"Sec11a",4.44930095765603
"Fnta",4.44836340645486
"Bak1",4.44685466285506
"LOC128104019",4.44490200175869
"Dhx36",4.44480754395382
"C5ar2",4.44453769963132
"Fkbp1a",4.44365105433869
"Ecm2",4.44344767649664
"Lamtor3",4.44324023083327
"Ppig",4.44244166821188
"Znf394",4.44229065447017
"Cpxm1",4.44228744669572
"Rfx5",4.44205992671335
"Rbpj",4.44183946876702
"Septin6",4.44004022817283
"CUNH8orf34",4.43892090027163
"Cebpz",4.43877173838371
"Fmr1",4.43794658777571
"Susd2",4.43606506972429
"Dctn2",4.43459589521619
"Sacm1l",4.43446696893994
"Cc2d1a",4.43429813990161
"Ntn4",4.43412395074118
"Sft2d1",4.43377127681071
"Cln5",4.43321621053421
"Eif5b",4.43313216911356
"Tcf21",4.43227167781246
"Anxa11",4.43185249227118
"Smim12",4.43131556040337
"Rbms1",4.43105825080572
"Bet1",4.43087618819254
"Creg1",4.43007304180817
"Aqp1",4.4300187246521
"Nsd2",4.42983803836933
"Gramd1a",4.42880631195637
"Dipk2b",4.42846907793608
"Btf3",4.42800344652911
"Eci1",4.42749511409359
"Mxi1",4.42593572097114
"Tgs1",4.42385514329329
"LOC128105899",4.42350448500889
"Hip1",4.4229597765826
"Itga5",4.42266220530298
"LOC128098963",4.42214675440681
"Kbtbd8",4.42140654245935
"Atr",4.42114542874764
"Cul9",4.42100329593877
"Hspa13",4.4206616146033
"Adgra2",4.42006517004218
"Cpne4",4.42001674417005
"Nos2",4.41884062079328
"LOC128098383",4.41882818796239
"Stard8",4.41863200312713
"LOC128099977",4.41659160762907
"Siah1",4.41629796342728
"LOC128125771",4.41542139073791
"Mpp1",4.41504563873889
"Psen2",4.41480332135085
"Dnajb12",4.41477625618472
"Thap1",4.41373411263935
"Prmt1",4.41309955367471
"Ing5",4.41287804866414
"Adamts15",4.41153532730786
"Grhpr",4.41108864841648
"Srek1ip1",4.40983201294992
"Donson",4.40932868164902
"Map2k4",4.40795978121128
"LOC128119939",4.4071320993001
"LOC128097947",4.4061137342885
"Zfand1",4.40521951603781
"Rasa2",4.40485019933588
"Aldh1a3",4.40388549474016
"Cnep1r1",4.40380843381894
"LOC128111026",4.40370636222135
"Dnajc16",4.39755486696972
"Zc3h11a",4.39728726412343
"Clasp1",4.39715012816029
"Dennd4c",4.39632721500642
"Chmp2a",4.39618395013678
"Mrpl15",4.39617111641071
"Rgs7bp",4.39535495056196
"Rprd1b",4.39525707699843
"Scara3",4.39165169020908
"Cdh2",4.39103228564503
"Smtnl2",4.3908709889938
"Slc25a4",4.3904106171941
"Dyrk2",4.38879357054588
"Rab35",4.3887861379596
"Anp32a",4.38823143339982
"Usp7",4.38805310793804
"Wbp11",4.38618724598896
"LOC128120934",4.38595373401737
"LOC128110759",4.38517359718988
"Ppp1ca",4.38505219365229
"Antxr1",4.38458072214588
"Prdx2",4.38275029437604
"Stn1",4.38138989626843
"LOC128106708",4.3803696282935
"Nhp2",4.37995240126609
"Junb",4.3760005261995
"Eva1b",4.37571483218327
"Col12a1",4.37497359950277
"Meox1",4.37367281398865
"Ppie",4.37359985978395
"Entpd3",4.37119733701042
"LOC128108355",4.3704651692926
"Araf",4.36997229476492
"Drosha",4.36941403304978
"Timm21",4.36929473448643
"Kdm6b",4.3684471567197
"Ccdc96",4.36785761651587
"Zc3h7b",4.36716594991167
"LOC128096859",4.36703269737279
"Thbs3",4.36589987632044
"Tbpl1",4.36566006798926
"Ptk7",4.36474305757657
"Pggt1b",4.36468979362032
"LOC128103297",4.36235579549382
"Pbx3",4.36164179137338
"Srf",4.36046708517465
"Slc7a6",4.35990174437819
"Pcyox1l",4.35920913269812
"Tlk1",4.35914781927827
"Map3k10",4.35897012410719
"Tmem115",4.35802371841928
"Mmadhc",4.35757885197675
"Scpep1",4.35574250815358
"Rmnd5b",4.35435730107994
"Sorbs2",4.35342343668771
"Ero1a",4.35301849317982
"Ddi2",4.35192744656102
"LOC128124439",4.3518020522844
"Recql",4.35168567504086
"Cpsf1",4.35157105180416
"Armc5",4.35156276723909
"Twf1",4.35061732611941
"Cfap44",4.35038935455041
"LOC128124797",4.34763451944672
"LOC128094214",4.34746371917457
"Robo2",4.3470237059548
"Gatad2b",4.34538868993792
"Znf703",4.34314633873065
"Epha2",4.34300171383785
"LOC128102167",4.3429634499748
"LOC128110827",4.34294815585916
"Ppip5k2",4.34244678371893
"Mrpl16",4.34197935978748
"Atn1",4.34024747275215
"LOC128103126",4.33919813715585
"Gspt1",4.33902185276853
"Mrps24",4.33885054698558
"Abcc8",4.33719455684288
"Sntb1",4.33643714035283
"Kat8",4.3358128488335
"Fam13b",4.33578926928535
"Gpd2",4.33492891860658
"Usp3",4.3330016663096
"Cc2d2a",4.33227932282816
"LOC128116061",4.33129219974382
"Glod4",4.33071651740667
"Timm22",4.32991995363435
"Asl",4.32954545279448
"Spop",4.32917225974773
"Mark4",4.32874078845823
"Gmeb1",4.32828052916015
"LOC128099644",4.32780817180549
"Ggt5",4.32737752816332
"Cpne3",4.3266812907559
"Ube4a",4.32658862301645
"Il1r1",4.32616190224172
"Echdc2",4.32604451257752
"Slc41a2",4.3259318616393
"Tmx1",4.32522171791418
"Lbp",4.32354304998693
"LOC128119106",4.32255864117534
"Itsn2",4.32201977458459
"Kcnk6",4.32146381573101
"Fstl3",4.32066776636326
"Selenoo",4.32062424662694
"Lmbr1l",4.31970874310695
"Pla2g15",4.31924510989293
"Adprh",4.31801919286821
"Casp1",4.31661785278358
"Rcor1",4.31579916594419
"Fancc",4.31563440404531
"Papolg",4.3151842292658
"Xrn2",4.31478422103483
"Pitpnm2",4.31121212233828
"Vps33a",4.31005717433675
"Lsm6",4.30999225506987
"LOC128115284",4.30963185254259
"Emc6",4.30892223746109
"Btbd19",4.30884498639065
"Smad7",4.3085502452097
"Dnajb9",4.30842381821613
"Gnb1",4.30770765788216
"Il7r",4.30729039117359
"Slc7a6os",4.30720015184969
"Atp5mg",4.30658776060479
"Carhsp1",4.30611798775428
"LOC128100323",4.30498426790692
"Lmbrd2",4.30426792323137
"Eif4g3",4.30404476971051
"CUNH1orf54",4.30386736645425
"Cdkn2aip",4.30352808158898
"Tsn",4.30308367096024
"Abca5",4.30192125048672
"Socs4",4.30158345732514
"LOC128120242",4.3012063349197
"Ube2l3",4.30004530168531
"Pcdh7",4.29885567266952
"Tmem107",4.29796480957119
"Rgs22",4.2974624322489
"St7",4.29724971805202
"Tfb2m",4.29675175776729
"Rc3h1",4.29668749122311
"Ralbp1",4.29666301345311
"Trmt13",4.29562926443512
"LOC128113213",4.29410210046301
"Ythdc1",4.2926461485463
"Cd63",4.29249393315703
"Snrpn",4.29206528339735
"Tbck",4.29085933943557
"Nadk2",4.28952976810892
"Calcoco1",4.28704750264115
"Mfsd6",4.28668250718928
"Dync2li1",4.28603062476442
"Cstf2",4.28482837089441
"LOC128125450",4.28448096095246
"Rbbp5",4.28400639788125
"Mapkapk2",4.28307893058404
"Rai2",4.2826132011999
"LOC128097240",4.28207786429186
"Kmt2a",4.28153432894161
"Mfsd2a",4.28146602290101
"LOC128118437",4.28097871470163
"Rel",4.28057372597107
"Sh3d21",4.28048172358857
"Adcy5",4.27980782490389
"Csgalnact2",4.27978080024407
"Fubp3",4.27859004325389
"Msmo1",4.2781532705384
"Rnf166",4.27791089415446
"Ppp1r3c",4.27740201457724
"Atg12",4.27595210046559
"Tlr7",4.27460702272843
"Rilp",4.27431400809574
"Neurl2",4.27252850442322
"Abcg1",4.27234464182914
"Slc16a1",4.27227731454747
"Vmp1",4.27214210076168
"LOC128122945",4.27175913963705
"Sp2",4.27067888028598
"Trappc2l",4.26887303984336
"Dgcr8",4.2683203046679
"Mrps28",4.26811814519265
"Mpp2",4.26702804345474
"Hmmr",4.26654496385137
"Bend7",4.26404812530057
"Sft2d2",4.26131305342047
"Hs2st1",4.26082978419147
"Cfd",4.25992888460842
"Tti2",4.25933635739039
"Ing2",4.25910966510979
"Srr",4.25777104041124
"Sdhaf1",4.25747848374632
"Esrp2",4.25702833761719
"Med16",4.25684749702502
"Exosc9",4.2567751320642
"Znf697",4.25582809727842
"Sc5d",4.2555756808632
"Mn1",4.25557542214168
"LOC128124643",4.25358567896132
"Dtymk",4.2528257304964
"Mtss1",4.25168741491819
"Mbnl2",4.25105254292931
"Rbbp9",4.24938745163794
"Ctsb",4.24840595250947
"LOC128125673",4.24792153849025
"Slc1a4",4.24700281247794
"Lhfpl6",4.24489075356813
"Rnf150",4.24216066732286
"Mylk",4.2412494351074
"Rnf170",4.24117315060187
"CUNH1orf53",4.2411390818959
"Eln",4.23954827540285
"Cxxc1",4.23952783730067
"Adck5",4.23910289905747
"Bace1",4.23879588745083
"Nolc1",4.23860258840191
"Synpo2",4.23822509753193
"Ctsa",4.23722891935016
"LOC128109098",4.23669744110861
"Mipol1",4.23619562569012
"LOC128125100",4.23557302808977
"Plaa",4.23543638545045
"Hebp1",4.23331811432046
"Mis18a",4.23250401573886
"Hdhd5",4.23247833081584
"LOC128105808",4.23125632343789
"Nusap1",4.23041335365922
"Zfand5",4.22918576783639
"Sqle",4.22905665851755
"Msl2",4.22883717921552
"Cast",4.22860409717679
"Hbs1l",4.22617824256888
"Lysmd4",4.22576633218353
"Taf3",4.22271070792602
"Ankrd9",4.22258030430826
"Ppm1d",4.22242976656835
"Dpep1",4.22240014592571
"Frrs1",4.2222011808439
"Thsd8",4.22212648657864
"Rhof",4.22062271400081
"LOC128102190",4.2205679813942
"LOC128125024",4.22050406795203
"Clip1",4.21989982418135
"Coil",4.21913179379922
"Mmp24",4.21881840929609
"Bank1",4.2183724820829
"LOC128118796",4.21813725850953
"Fndc1",4.21540086926399
"Ripor3",4.21518002590005
"Mtrex",4.21448906609834
"Anapc13",4.21372635775623
"Slc25a22",4.21243747353119
"Cep164",4.21152669345832
"Zfyve26",4.21070573474878
"Pdgfra",4.21054848896908
"Osbpl9",4.2105368596294
"Gramd2b",4.2099320487171
"LOC128094537",4.20967776273915
"Cfap97",4.20946915494682
"Atp6v1h",4.20851078965033
"Cnn3",4.20848697679566
"Sumo2",4.20836867469287
"Aarsd1",4.20742375400395
"Hexim2",4.20640915689142
"LOC128109516",4.20589080279849
"Tspan4",4.2056757093394
"Srpx2",4.20562997931286
"Dcbld2",4.20460011796678
"LOC128110419",4.20450689816984
"Slc25a32",4.20311188466645
"Rbm3",4.20309849693588
"Znf780a",4.20295095513489
"Srd5a3",4.20264857320596
"Cacna1c",4.20227113303165
"Lage3",4.20213206330968
"Mmrn1",4.2014455516981
"Nsmce4a",4.20117640459036
"LOC128099182",4.20088087000789
"LOC128119800",4.20022156288449
"Snupn",4.19753747986632
"Abcb9",4.19614617939366
"Phtf2",4.19593893167172
"Ntn1",4.19546696795678
"Zswim3",4.1922748184866
"Lingo1",4.19202418242171
"Card19",4.19185860400458
"Erp27",4.19115994848115
"Haus7",4.19076656248911
"Klhl28",4.19066082601191
"Polr2i",4.19063555889097
"Prkcz",4.18956629489789
"Pmf1",4.18880707831178
"Chd1",4.18855381428746
"Slc7a11",4.18842929637695
"Tmem229b",4.18428475815998
"Dpcd",4.18125040126393
"Tdp1",4.18119292356626
"Slc1a5",4.18072581665568
"Mms22l",4.17947177587901
"Pnkd",4.17931872689813
"Gbf1",4.17796260131392
"Tjp1",4.17677684090376
"Ticam2",4.17584403939958
"Setd7",4.17549773910638
"Atf7",4.17447964919117
"Prps2",4.17227982110039
"Cfap52",4.17191134637996
"Syngr2",4.17089608059986
"Bcor",4.17015475614904
"Lamtor5",4.16975306598043
"Ino80d",4.16974532115086
"Akap1",4.16967778969678
"Tnrc6a",4.16942919280684
"Lat2",4.16933960909463
"Tlr8",4.16913385765111
"Lrrc46",4.1675964389709
"Inmt",4.16755611861097
"Gusb",4.16707308180408
"Ttc8",4.1654591909175
"Itga9",4.16543873061354
"Kdm5a",4.16541927126492
"Ephb1",4.16467968479582
"Prdx1",4.16467922680913
"Chuk",4.16447717643949
"Prpf40a",4.16432201043617
"Epb41l3",4.163373102162
"Ap3s1",4.16312596579127
"Mapk1ip1l",4.16262423164463
"Xbp1",4.16084595675104
"Pag1",4.16083342152861
"Abi3",4.160416088895
"Fkbp4",4.15920421461403
"Itprid1",4.15848495847083
"Zbed4",4.15782550667371
"Itih5",4.15772864705304
"Tbkbp1",4.15760747434312
"CUNH3orf70",4.15756908850413
"Hdac6",4.15711429323773
"Stag2",4.15689755939938
"Fbxl7",4.15491328745836
"Dhx32",4.15408848127956
"Dnajb1",4.15261455263807
"Papola",4.15181671939521
"Fam83f",4.15173440248299
"Ash2l",4.15108615070304
"LOC128109874",4.15065749039351
"Mfap3l",4.15064496506392
"LOC128108755",4.15011663576264
"Osgepl1",4.14975345130683
"Lmnb1",4.1496272192692
"Srp19",4.1495329759025
"LOC128103974",4.14921415166992
"Polr3f",4.14862854076379
"Ddx19b",4.14845133210569
"Matcap2",4.1482229330468
"Smg6",4.14795410531022
"Bin1",4.14669859541884
"Slx9",4.14531470917418
"LOC128110977",4.14522641863651
"Kbtbd4",4.14394544488972
"Txndc9",4.14329769827207
"Mtx1",4.14206844008342
"Mfhas1",4.14148134965177
"Zfyve27",4.14091313005082
"Map1b",4.1407924237433
"Tgm4",4.14012229081417
"Setd6",4.13970165290536
"Adig",4.13956647020041
"Pcdh1",4.13919607756063
"Dnah1",4.13844867217904
"Dis3l",4.13830862900298
"Arx",4.13770878968274
"Glmp",4.13765613553838
"Itgad",4.13758023211712
"LOC128108695",4.13635283366931
"Pex11a",4.13397545042231
"LOC128120693",4.13394432040655
"Pidd1",4.13360994437282
"Rock2",4.13253583059211
"Poglut2",4.13167783898499
"Crim1",4.13066666174165
"LOC128099958",4.13022190505098
"Bmpr1b",4.1297667981458
"Ocln",4.12708501938421
"Tmem231",4.12634487109396
"Fam185a",4.1259536123799
"Rab30",4.12535244983228
"Nipsnap1",4.12468784668376
"LOC128096576",4.12397777409446
"Elf3",4.12318501784994
"LOC128097175",4.12307571466882
"LOC128110367",4.12230477511712
"Glp2r",4.12044015536035
"Selenoi",4.11970663900381
"Myl4",4.11957742712316
"Mfsd14a",4.11941332690887
"Cdk9",4.11933951776671
"Ccdc146",4.11933929383195
"LOC128112521",4.1188470652436
"Poli",4.11857937881691
"LOC128103422",4.11727909185058
"Psip1",4.1172040328446
"Tm9sf2",4.11645222719343
"Znhit6",4.11589638838466
"LOC128124482",4.11550118495003
"Usp15",4.11521769695296
"Vps8",4.11471336035451
"LOC128103142",4.11337602934157
"Tnks2",4.11246197735959
"Zdhhc20",4.11221168117354
"Ptpmt1",4.11196576285221
"Mis12",4.11185863140078
"Rgma",4.11168147610854
"Dennd5b",4.11162236113188
"LOC128105774",4.11072502395447
"Pak4",4.10625521125445
"LOC128117688",4.10519561156703
"Itgb3bp",4.1040438041986
"Nle1",4.10346511145667
"Rpl4",4.10226447783748
"Unc5c",4.10096954801822
"Txndc12",4.09976564670316
"Ascc3",4.09877161031701
"Fuca2",4.09765996724751
"Ten1",4.09707777674029
"Fhip2b",4.09660480084148
"Sftpb",4.09646140421554
"Arid1a",4.09626146608464
"Pcgf2",4.09579301678024
"Ubap2l",4.09563233820549
"Dcaf13",4.09557282097725
"LOC128114242",4.09538670309332
"LOC128095460",4.09475369141209
"Chst4",4.09469919243699
"Gga3",4.0910908893119
"LOC128123378",4.08977392104577
"Znf275",4.08924643902935
"Angptl4",4.08904550280462
"Pja1",4.0883127954783
"Lox",4.08824191160598
"Mgst2",4.08785366168613
"Ift20",4.08716484798359
"Arhgef28",4.08513955364625
"Ggt1",4.08477680294203
"Usp34",4.08373996843105
"Prox1",4.08305839535011
"Fbxo10",4.08265265376608
"Ndufb6",4.0820895822202
"Ccdc93",4.08200286038589
"Usp13",4.08109310511961
"Dhrsx",4.08093964881168
"Btrc",4.08041395671216
"Xpo1",4.07966281189801
"LOC128111834",4.07903997576908
"Ccnb2",4.07832249562422
"Prg4",4.07680296366098
"Efnb2",4.07676252900845
"LOC128115866",4.07225259767046
"Rnd3",4.07164244995947
"Kmt2d",4.07157581453493
"Klf15",4.07135325876978
"LOC128097946",4.07131115947843
"Tef",4.0708686315027
"Stab2",4.0702951254517
"Commd7",4.06926177735812
"Adgrl3",4.06835822227364
"Emilin1",4.06713132550663
"Ccdc80",4.06380574814631
"Amot",4.06307367296675
"Clk4",4.06277465016099
"Ubr7",4.06257407116262
"Atp5me",4.06222709034135
"Capns1",4.06214685412632
"CUNH2orf76",4.06208347450523
"Ccdc9",4.06057804551529
"Pkp4",4.06017276963083
"CUNH1orf226",4.05916046330391
"Dph7",4.05899014780243
"Trpc1",4.05894911427816
"Hacl1",4.05892093471167
"Dok3",4.05738083645752
"Bcar3",4.05704150912745
"Rpl5",4.05660189920048
"Ptger2",4.05491031085139
"Dnase1l3",4.05456638578276
"Trub2",4.05319864787723
"Fbxl6",4.05317514757166
"LOC128105394",4.05290017758733
"Znf330",4.05286695871223
"Ecpas",4.0527391161455
"Lrrc17",4.0517669404315
"Sap130",4.05114546763401
"Ogt",4.05061467956315
"Tpr",4.04897220110422
"Tsr3",4.04890955934499
"Wdr44",4.04836165712325
"LOC128110512",4.04770940642377
"Clvs1",4.04592763039701
"Caps2",4.04553098655429
"Znf326",4.04314137536697
"Rpusd3",4.04243003473959
"Selenbp1",4.04119881938504
"Cd53",4.04074278637695
"CUNH3orf18",4.04059369551719
"Megf9",4.04001533068724
"Arl6ip4",4.03980680938671
"Maml2",4.0386369842749
"Popdc2",4.03841861744494
"LOC128119634",4.03721885210379
"Eif4e2",4.03550324207956
"Trappc13",4.03505371003517
"Atp5f1c",4.03486596329407
"Zkscan5",4.03437991563429
"Ncs1",4.03437511853126
"LOC128113042",4.03384870162765
"Hgsnat",4.03375300353026
"Usf2",4.03285613241192
"Larp1b",4.03271416957713
"Ccnl1",4.03201595231572
"Rbm43",4.03093260123372
"Golt1b",4.03063776127159
"Cep57",4.02981732870657
"Gngt2",4.02839516173584
"Ca5b",4.02616910639408
"Klc4",4.02507177321418
"Ccdc141",4.02492039059982
"Spice1",4.02208103176411
"Mrc2",4.02193279718558
"Smc6",4.021442218161
"Setx",4.02112565347059
"Sgms1",4.02061794037431
"Strap",4.02013640966694
"Gsdmd",4.01709984966409
"Septin10",4.01677262355233
"LOC128100053",4.01619407249953
"Rpl26",4.01437319685493
"Epm2a",4.01253866087858
"Srgn",4.01041838165591
"Tlr4",4.01015395646404
"Marchf1",4.0098377550321
"LOC128117058",4.00890535662485
"Diaph2",4.00879718842474
"Grk2",4.00876515078356
"LOC128118326",4.00825394130179
"Mapkap1",4.00678851772693
"Abcd4",4.00658952516158
"Soga1",4.0056870548073
"Cgnl1",4.00566154470957
"Cradd",4.0037957757043
"Gipc1",4.00351414818948
"Spag16",4.0030715945197
"Tmem60",4.00280495083669
"Arl4c",4.00273845239499
"Irf2bp2",4.00152041695763
"Prdm15",4.00150970923843
"Mrm3",4.00109120593109
"LOC128107668",3.99987281643813
"Hikeshi",3.99960782769877
"Cog3",3.99904661070079
"Hacd2",3.99891150473202
"Mdn1",3.99634798415599
"Dcaf5",3.99537566196644
"Wtap",3.9952579354601
"Rab5b",3.99468882009263
"Washc5",3.99383376440278
"Lig3",3.99307393727473
"LOC128116909",3.99268762878311
"Fbrs",3.99233857079839
"Golga4",3.99161156265379
"LOC128099679",3.99115012645066
"Meis1",3.99066110125102
"Acox1",3.99048128550154
"Stau2",3.9899367001497
"Oard1",3.98989079219062
"Gng7",3.98923464545969
"Glrb",3.98919144023845
"Ccnyl1",3.98886900268787
"Irx1",3.98756671822712
"Pink1",3.98697868459205
"Efr3a",3.98693940981077
"Dip2a",3.98681276520097
"Ppih",3.98611725942829
"Rab11fip3",3.98420573434361
"Prep",3.98402596256533
"CUNH7orf25",3.9832936271254
"Anp32e",3.98321088110755
"Ddx19a",3.98275891385073
"Atp6v1b1",3.98189730266736
"Atoh8",3.98162321844092
"Chl1",3.98028934251115
"Ak7",3.97999048705736
"LOC128119702",3.9789069914697
"Syap1",3.9786372474745
"CUNH4orf48",3.97808219474491
"Eri1",3.97702913605127
"Zdhhc21",3.97667572708948
"LOC128110552",3.97616940080728
"Rfk",3.97602646769007
"Frmd6",3.97570517616152
"Stam2",3.97536143768594
"Rab39b",3.97427176473146
"LOC128110500",3.97414980232098
"LOC128099173",3.97377359451891
"Mrpl32",3.97347308214465
"Zc3h13",3.97312451346337
"Ermard",3.97296289788911
"LOC128101922",3.97284366059227
"Zcrb1",3.97270734234092
"LOC128094201",3.97263759892415
"Suv39h1",3.97186367170599
"LOC128095790",3.97170061149842
"Med24",3.9716427277899
"Qser1",3.97137827438815
"Abhd16a",3.97093481166694
"LOC128109461",3.9708574022785
"Marchf3",3.97023243387385
"Golga7",3.96995535269675
"Foxred1",3.96994348177508
"Galnt5",3.96944654177526
"Tmem192",3.96937354925323
"Rnf113a",3.96926360469439
"Trim8",3.96907377605682
"Taf1",3.96871727926976
"St8sia4",3.96787549954002
"Wnk1",3.96626670100496
"Tbrg4",3.96625508999659
"Mycbp",3.96504045597586
"Xylt1",3.96311364233575
"LOC128110255",3.96262608310614
"D2hgdh",3.96261736124683
"CUNH11orf58",3.96116377043615
"Usp46",3.96057442194707
"Ormdl1",3.95903762528152
"Ubl4a",3.95809892572107
"Fam234b",3.95737419214648
"Ncoa1",3.95630957626041
"Fars2",3.95566258575805
"Fpgs",3.9546710035575
"LOC128098930",3.95454775017561
"LOC128110921",3.95406095842868
"Nek5",3.95380944155272
"LOC128113332",3.95363627227678
"Acot7",3.95205731064966
"LOC128096556",3.95200076004101
"Mief2",3.95187226877426
"Npas2",3.9516838114243
"Cpsf3",3.95152988667731
"Gramd1c",3.94920948082212
"E2f4",3.94899745350698
"Tmem185b",3.94895725885144
"Samsn1",3.94780227093844
"Zmynd10",3.94641387405883
"Rhbdd2",3.94612387538209
"Pcmt1",3.94520439131595
"Unc45a",3.94518606062704
"LOC128110702",3.94490846998368
"Srfbp1",3.94421433973579
"Cnpy3",3.94249686695777
"Rexo5",3.94167676184319
"Pcsk5",3.9414584445364
"Rtkn2",3.94074504198834
"Ftsj1",3.94035495959605
"Pex6",3.94010758676582
"Tyk2",3.93929236129383
"Scgb3a2",3.93857573812435
"Slpi",3.93845985085563
"Chmp4c",3.93730323339325
"Tubgcp6",3.9370265798089
"Clec7a",3.93683729301354
"LOC128096342",3.93391697405688
"Prr14",3.93340121255536
"Tex2",3.9327187114794
"Lhfpl3",3.93245626567411
"Dmap1",3.93171570243215
"Rp2",3.93147246041802
"Armh1",3.92897751274954
"Pik3c2a",3.92822084148703
"Dgkz",3.92735377692548
"Scamp1",3.92723821844433
"Acap3",3.92504468638292
"Ogn",3.92375806854593
"Nfkb2",3.9196501315981
"Poldip2",3.91894253286857
"Rell1",3.91842005473762
"Plac9",3.91763540701697
"Mphosph8",3.91693370740056
"LOC128121007",3.91559415315143
"LOC128096272",3.91507723108899
"Naaa",3.91478881236125
"Aig1",3.91465023331195
"Lrrc42",3.91460491163863
"LOC128111813",3.91410095338764
"Gpr35",3.91210151704979
"Acsl5",3.91160853109152
"Tyw5",3.91112901488921
"Iscu",3.91098062528439
"Pikfyve",3.91068985565373
"Suox",3.91030031654327
"Rps27a",3.90994535296946
"Jagn1",3.90991127846311
"Tmem30b",3.90890663311476
"LOC128095115",3.90776585557568
"Lpcat3",3.90770388763477
"Snap91",3.90625062972578
"Pik3r5",3.90598361952635
"Wdr77",3.90577187684289
"Timm8a",3.90342937752418
"LOC128122856",3.90304759463322
"CUNH1orf43",3.90279453318717
"LOC128099642",3.90217891067467
"Kif2c",3.90189216834583
"Ets2",3.9016112426667
"LOC128094472",3.90137294119076
"Galnt11",3.89958666044081
"Brca1",3.89954879163295
"Erlin2",3.89886717788982
"Mov10",3.89871691829579
"LOC128094941",3.8978249039589
"Rusf1",3.89675369366427
"LOC128099607",3.89587407021438
"Pdgfd",3.89581510521865
"Utp15",3.89569048412132
"Dkk2",3.89515850332152
"Hgh1",3.89508526451928
"Coq2",3.89386792738858
"LOC128094944",3.89113778556279
"Commd3",3.89073151018086
"Tll1",3.88897401450919
"Slc26a9",3.88825603438893
"Gfra3",3.88820790647524
"Evi5",3.88797075245298
"LOC128110250",3.88746590587609
"Zmiz2",3.88725663600345
"Kctd18",3.88718287152819
"Stxbp5",3.88588823073897
"Vill",3.88409305993958
"Aph1a",3.88352454500028
"LOC128116830",3.88294766316464
"Acss3",3.88239005767355
"Lrfn1",3.88168443908488
"Fbxw4",3.88120913971779
"Hmgcl",3.8806484006201
"LOC128110903",3.88060988267538
"Hk3",3.88044844574083
"Calhm5",3.88042409517346
"LOC128121303",3.87967197591837
"Amotl1",3.87698706659219
"Dbn1",3.8769545821021
"Maip1",3.8750625525447
"LOC128115861",3.87327588091594
"Nsmce2",3.87203919565754
"Rusc1",3.87057490754105
"Yipf6",3.86897454876217
"Trim45",3.86882772474328
"Gpr61",3.86753662806712
"LOC128112671",3.8656397637016
"Tk1",3.86562856425874
"LOC128124820",3.86442319664601
"Heatr3",3.86258157427683
"Stx11",3.86237581994608
"Ppm1k",3.86234677363479
"Sgcb",3.86151389922932
"Dnase1l2",3.86133919401219
"LOC128116265",3.86104329818009
"Pxdn",3.8605687517991
"Gale",3.86041168131075
"Ercc3",3.85866368522529
"Fn3krp",3.85826387637973
"Elmo3",3.85753875892918
"Tmbim1",3.85747162588175
"Plch1",3.85709859845541
"Ttc39a",3.8560082935335
"Tram2",3.85580067206717
"Nrros",3.85560855694011
"Epb41l4b",3.85529764598456
"Ugp2",3.85493293500078
"LOC128098229",3.85463089244408
"Tmem121b",3.85457224246154
"Pros1",3.85427549128934
"Mat2a",3.85403467551036
"Znf750",3.85386043150232
"Krt10",3.85315574369673
"Clcc1",3.85072262034268
"Sytl2",3.84991205948109
"Scyl1",3.84977645722254
"Metrnl",3.84939599985702
"Prr15",3.84906197931462
"Brcc3",3.8487708991677
"Gpr180",3.84766824629185
"Ntng2",3.84763787391464
"Krr1",3.84656944572508
"Trip4",3.84653770267223
"Ptma",3.84571834869931
"Dck",3.84552690889994
"Akirin1",3.84523972404012
"LOC128124213",3.84431520937335
"Rtca",3.84427389729728
"Ero1b",3.84389813402025
"Padi2",3.84316719653713
"Ankrd12",3.84296833200322
"Vopp1",3.84155897625625
"Pecam1",3.8409731562471
"Semg1",3.84078173275736
"Lrrc8b",3.84058995497882
"Dnaja1",3.84055630331245
"Pkn1",3.83982402418359
"Nrxn2",3.83974290539585
"Ube2o",3.83793578686318
"Msn",3.83758320066674
"Peli2",3.83753474805365
"Znf862",3.83703121234686
"Myrip",3.83614152890329
"Eya4",3.83557305476408
"Myh10",3.83493528709689
"Ints11",3.83448054793884
"Manba",3.83336580228267
"Pycr2",3.83332071631963
"Mettl17",3.83215077566439
"Cxcl13",3.83180933361754
"Cog6",3.83157402270084
"Gosr1",3.83152631254159
"Lsm10",3.8314241759611
"Arsb",3.83091600998208
"Pgm3",3.83024620656074
"Klf9",3.83018820909002
"Ribc1",3.83005723206875
"Nrxn1",3.82964040821727
"Coro2b",3.82920265932496
"LOC128112467",3.82874441147033
"Ash1l",3.82616622937128
"Nrep",3.82539712379068
"Tubb4a",3.82265927270807
"Snx29",3.8225106218986
"Eif3h",3.82119533642602
"Pdgfc",3.81995416450605
"LOC128107403",3.81941798687017
"Chsy1",3.81893890094425
"Lhfpl2",3.81849376445445
"Rcsd1",3.81846814924287
"Extl2",3.81735264311713
"Twsg1",3.81705929128378
"Ppl",3.81660828931545
"Lamb2",3.81618693027038
"Ak6",3.81411589210111
"Hspa8",3.81359468672847
"Prc1",3.81316161488265
"Cpsf6",3.81293818761026
"Trmu",3.81254534340605
"Spats2l",3.81196068737712
"Tet2",3.81155666163958
"LOC128103178",3.81152471546202
"Brd7",3.81124743251672
"Celf1",3.81054993357243
"Nebl",3.80991296104796
"Bckdk",3.8098198020353
"Eif5a2",3.80907142899727
"Znf622",3.80901433666005
"Ctdspl",3.80836068004953
"Twnk",3.8064408490439
"Zcchc12",3.80466473884732
"Tmem70",3.80412607588043
"Cfap53",3.80410822790444
"Rragd",3.80174228726729
"Tnfsf8",3.80149728320197
"LOC128112880",3.80070834788323
"Oma1",3.8004608560072
"Fam228b",3.79934175309791
"Fbp1",3.79864413959024
"Slc37a1",3.79819706717674
"Fxr2",3.79815161264486
"Slc25a5",3.79711501215559
"Plekhh1",3.79541478491312
"Klf4",3.79538779378581
"Morf4l2",3.79496271842491
"Pals1",3.79283600809561
"Grid2",3.79228109627484
"Wdcp",3.791584765776
"Ythdf2",3.7915139918601
"Inafm1",3.79120052101037
"Cald1",3.79107384098987
"Emid1",3.79057653556368
"Srsf10",3.78987458659143
"LOC128106189",3.78979694960536
"Mettl25",3.78900460579897
"Stk32a",3.78849327719423
"Trabd2b",3.78803192549915
"Kcnab1",3.78725100199446
"Frmd4a",3.78660862155129
"Gmfb",3.78635980927088
"Crtc2",3.78561590985489
"Ogfod2",3.78494350657057
"Rbmx2",3.7838834566465
"Cblb",3.78374358976341
"Ywhaq",3.78342974314976
"Bloc1s1",3.7832521745287
"Ddost",3.78319634885594
"Ttc6",3.7826884042843
"Gjc3",3.78258369752237
"Micu1",3.78225670225497
"Med14",3.78185462353255
"Ret",3.7813185569418
"Cacul1",3.78068830125225
"Ndufaf7",3.77981048617504
"Hemk1",3.77929778643379
"LOC128105333",3.77821028718647
"Epb41l1",3.77783358887542
"Aamp",3.77709323715125
"Dnph1",3.7769023352102
"Hif1a",3.77612810831877
"Wdr97",3.77577082278685
"Ccdc180",3.77553369085473
"Cep78",3.77487222763983
"LOC128109868",3.77486490194125
"Mfsd8",3.77380843007517
"Hp1bp3",3.77348202255947
"Sh3gl2",3.7725736650448
"Tulp4",3.77241797921842
"Cfap74",3.77172534608809
"Selenos",3.77030314625661
"Bend6",3.76829774831095
"C5ar1",3.76759877725574
"Farsa",3.76735898896572
"Usp43",3.76712038082187
"Macir",3.76608150775777
"LOC128123929",3.76562980170615
"Btd",3.76504556251705
"Kit",3.76499075962598
"Gdi2",3.76484867919408
"Prom1",3.76428459870429
"Chmp1a",3.76331696733285
"Vldlr",3.76298745897925
"St3gal6",3.76227722786252
"Fyttd1",3.76093534946033
"Samd4a",3.76075589408736
"Arl4a",3.75963663480017
"Slc24a4",3.75956742928988
"Gtf3c6",3.75856472009658
"Gmps",3.7584044403926
"Lamtor1",3.75832268743984
"Wdr43",3.75779192832186
"Slc16a9",3.75626961447867
"Apoo",3.75621722910578
"Drc1",3.75613023092023
"LOC128104363",3.75570196793206
"Dnajb11",3.75536567464686
"LOC128111237",3.75478495325046
"Irak4",3.75427406186716
"Ptp4a3",3.75425589176298
"Sbf2",3.75413315034507
"LOC128110366",3.75374291518966
"Polr2h",3.75323320085006
"Bag5",3.75313251324621
"Bach1",3.75205948841716
"Rnft1",3.75117571261366
"Thoc5",3.75001903936562
"LOC128099355",3.74966829580231
"LOC128121101",3.74949502968777
"Ankle2",3.74919912445082
"Cd48",3.74919421788198
"Ltbp3",3.74886354361688
"Tcf20",3.74876404076258
"Snurf",3.74769242071344
"Sec14l3",3.74729112702963
"Mettl21a",3.74677830964589
"Slc14a1",3.74661348853866
"Pkp2",3.74579570179684
"Tbcb",3.7454505793914
"Sarnp",3.74520811573025
"St6galnac2",3.74517060732969
"Hoxa5",3.74407783921637
"Fgfr4",3.74313989074383
"Adamts17",3.7429758657348
"Cenpa",3.73935567245906
"Txnrd1",3.73709786617138
"Ppp3ca",3.73699474922931
"Asb3",3.73462101134923
"Pdlim7",3.73376505704592
"Marchf8",3.73246436960755
"Cdk5r1",3.73213455647589
"Tent5c",3.7314191936967
"Dvl1",3.73119503032197
"Tmem120a",3.73118151115562
"Nudt18",3.73036752599307
"Cops7b",3.72975322418624
"LOC128096293",3.72843830946964
"Mxra7",3.72807067871724
"Lrrk1",3.72715291414993
"LOC128094647",3.72614632037194
"Exosc7",3.72606068971422
"Nrn1l",3.72562727780733
"Asb4",3.72555654246069
"Ccdc124",3.72346942629364
"Gpsm2",3.72315315644471
"Ednra",3.72285625458002
"Osbpl1a",3.72250808668763
"Cip2a",3.72192330617771
"Creb3l1",3.72176615588339
"Ap4b1",3.72107137833894
"Rpl37",3.72088630030892
"Esco1",3.7184810815137
"Atad1",3.71763059278627
"Eprs1",3.71627736675322
"Rrp15",3.71615746082701
"Slitrk5",3.715897570298
"Gnmt",3.7152697721021
"Ecel1",3.71211854435254
"Col6a1",3.71116818050479
"Rab32",3.71045837750207
"Sufu",3.71008444078587
"Znf646",3.71003528736356
"Rasgef1a",3.70985121593111
"Znf444",3.70912951357785
"Snrnp40",3.70896625170631
"Gapdh",3.70847785190389
"LOC128105408",3.70805795050718
"Lrrc75b",3.70563516144184
"Fez1",3.70336824085215
"Rpl30",3.70313992803589
"Plbd2",3.70248245990576
"Khnyn",3.70143524697207
"Tnfaip1",3.70106757877253
"Cebpzos",3.70035845781738
"Nova1",3.70010757340144
"LOC128122322",3.69960944445389
"Hmgcs1",3.69898395140115
"Wwp2",3.69868918064888
"Hmgb2",3.6986363915484
"Selenof",3.69797300269425
"Myb",3.69661497718638
"Rgs5",3.69629845565637
"LOC128121601",3.69521704410445
"Kiaa0513",3.69457397172678
"Nprl2",3.69428625561533
"Rxylt1",3.69421383672138
"Lrrc2",3.6937189668127
"Plin2",3.69362273330112
"Helq",3.68934199985661
"LOC128114916",3.68898955627561
"Adam33",3.68843059441912
"Pon2",3.6875523693896
"Limk1",3.68691833961216
"Pigb",3.68657401482286
"Dnase2",3.68638050738291
"Als2cl",3.68632110423992
"LOC128125769",3.68541469075115
"Sh3rf2",3.68502670890827
"Clcn6",3.68489928182378
"LOC128096932",3.68258069497586
"LOC128098492",3.68226141308881
"Itih3",3.68180968678534
"Wnt2",3.68169356290213
"Alpk3",3.68169104840665
"Alkbh6",3.68161515220226
"Borcs6",3.68076769004491
"Cxcl9",3.67939383336463
"LOC128106024",3.67861631101811
"Cab39",3.67820882610669
"LOC128115702",3.67652790099461
"Fgd1",3.67641396131184
"Oplah",3.67566739228976
"Rbm41",3.67559910004278
"Smu1",3.67492865335288
"CUNH18orf32",3.674208660787
"Rnf122",3.67258567228135
"Gpm6a",3.6717353837691
"Uggt2",3.67030247570409
"Prpf18",3.66853438979494
"LOC128115872",3.66800875197182
"Snd1",3.66455675528074
"CUNH15orf61",3.6641847450716
"LOC128119905",3.66393525544895
"Zrsr2",3.66374843132813
"Ppa2",3.6625248419863
"Cdk5r2",3.66162736727607
"Ccdc112",3.6614743450774
"Efhc2",3.6606974666029
"Gpr153",3.66054142425683
"Mapt",3.66021429657316
"Ccdc175",3.65977992733196
"LOC128113576",3.65912827366692
"Pqbp1",3.65813529110196
"Plekho1",3.6571777452495
"Plpbp",3.65710971244757
"Mrps31",3.65395716953714
"Gk",3.65371934363847
"Klhl18",3.65341422310899
"LOC128113505",3.65296456101122
"LOC128096036",3.65271270541894
"Dzip3",3.65264987372587
"LOC128117581",3.65252416595057
"Mrpl22",3.64981106102782
"Ube2m",3.6492488605521
"Mrpl51",3.64827456678457
"St3gal5",3.6480897592025
"Kif13a",3.64790990630988
"Cenpl",3.64765205820647
"Nfil3",3.64756070238011
"Erc2",3.64749735265347
"Ap1s3",3.64737583018639
"Lgalsl",3.64728058665214
"Tug1",3.64727545756744
"Apbb1",3.64643294413313
"Enox2",3.64576393473672
"Cd84",3.64528670404864
"Nop2",3.64428762287793
"Sass6",3.64424051879128
"LOC128124437",3.64379350707715
"Iars2",3.64112089735251
"Marveld2",3.64091329676937
"LOC128096789",3.64070883479627
"Bud31",3.64028224491642
"Rad52",3.63969041704837
"Ap2b1",3.63845834181311
"Copg1",3.63837509793787
"Scn1b",3.63560932311425
"Zranb3",3.63460341582716
"LOC128119414",3.63437594106695
"Las1l",3.63259811081677
"Rps6kb2",3.63165177115711
"LOC128094059",3.63151397345765
"Irf1",3.63129004215295
"Akt3",3.63123107936066
"Tnfaip8l3",3.63110160046115
"Aimp2",3.6308692162934
"Chchd7",3.6307029631055
"Armc8",3.63013493914784
"Kif5a",3.63005210491419
"Slc27a3",3.62975981736267
"CUNH6orf118",3.62768706968756
"Arhgap1",3.62725238668425
"Pde6d",3.62689646870227
"Timm17b",3.62593086595131
"Wrn",3.62572649888049
"Flnc",3.62469138814363
"Zcchc8",3.62054470082586
"Prkaa1",3.62044319302346
"Sdr39u1",3.62024388668401
"Rtl10",3.62017982087091
"Gpaa1",3.61992992133379
"LOC128110071",3.61779341021057
"Adcy7",3.61695803166239
"Eda",3.6169429583911
"Cnst",3.61670916936767
"Abhd17c",3.61656275220976
"Ccdc171",3.61645360840646
"Sorl1",3.61635024361382
"Coq4",3.61621753172135
"Gxylt1",3.61621393206466
"Ccdc190",3.61616747325897
"Kiaa2026",3.61542363326586
"LOC128119787",3.61409939452977
"Laptm4b",3.61399476361783
"Scn9a",3.61364579503943
"Morc2",3.61336347653908
"Snrpf",3.61259720712614
"Lsr",3.61223006296066
"Vkorc1",3.61127465952455
"LOC128098220",3.61091559890632
"LOC128115728",3.61085020124827
"Mrpl3",3.61073176896361
"LOC128115701",3.61048907737641
"Snapc1",3.6100576438648
"Ppic",3.60964484072409
"Yipf1",3.60904126532236
"Ssuh2",3.6074001554222
"LOC128096737",3.60725126026525
"Kin",3.6071273113502
"Kiaa0408",3.60592267882541
"Map3k4",3.60568004845474
"Ifi44l",3.60543323013852
"Gpd1l",3.60528687958863
"Lrp6",3.60509509316067
"Colec12",3.60493317245178
"Zacn",3.60471311664575
"Pdzd2",3.60463240941116
"Myocd",3.60148117876241
"CUNH5orf22",3.60130724623841
"Rad18",3.60120205058286
"Ggcx",3.60095286059386
"Fpgt",3.59947116763825
"Mutyh",3.59828397136617
"Gadd45a",3.59641836675971
"LOC128100691",3.59597862512518
"Mgp",3.59107384578547
"Lta4h",3.59075364147438
"Bnip2",3.58943239603153
"Ly86",3.58905308640599
"LOC128122547",3.58861202406907
"Atp6v1d",3.58825889998017
"Rassf7",3.58811625256432
"Herc3",3.58778817811463
"Nid1",3.58713160842751
"Mical2",3.58612949500852
"Tmem223",3.58596013667917
"Dgkg",3.58453460378759
"Slco4a1",3.58448141212277
"Ndufb9",3.58380073542567
"LOC128106191",3.58334222421433
"LOC128125746",3.58324205648965
"Aimp1",3.58251663039597
"Urgcp",3.58250174330784
"Nkd1",3.58211470291227
"Ankra2",3.58183497857287
"Slc10a6",3.58069705606755
"Mgmt",3.58045657041686
"Arhgef40",3.58042726077037
"Slc16a12",3.57974858373265
"LOC128115700",3.57944975229896
"LOC128101136",3.57930867870545
"Rpf2",3.57890679831725
"Ptrh2",3.57773388807983
"Scml2",3.57714782999769
"Ranbp9",3.57657251821409
"Gng10",3.57505617152376
"Glyr1",3.57442183983783
"Setd5",3.57412094376063
"Adgrl4",3.57269344625659
"Dnmbp",3.57256484621293
"Agpat4",3.57229153036886
"Casp9",3.57050103292112
"Cd5l",3.57030580220958
"Egfl6",3.56965423984154
"Ston2",3.56962456748111
"Fhl2",3.5692582702344
"Ush2a",3.56917729158606
"Foxo1",3.56908493140755
"Fbxw11",3.56904962539988
"F12",3.56833705795578
"LOC128112204",3.56716048831174
"LOC128110490",3.56669239985967
"Ncald",3.56619026687551
"Fam91a1",3.56569389238136
"Eps8l2",3.56465000389422
"Col23a1",3.56405761298078
"Socs2",3.56256672616689
"Mrps7",3.56126807918732
"Fam13a",3.55967392352816
"Tekt2",3.55952446257107
"Mfn1",3.55853392812293
"LOC128104171",3.55779823088375
"Spin1",3.55713421088373
"LOC128123336",3.55703525845454
"Fbf1",3.55679040779961
"Taf6l",3.55631091030263
"Poll",3.55613881693739
"Hmg20a",3.55564603104305
"Tspan9",3.55536937881514
"Mier1",3.55535311613806
"Dcun1d1",3.55509325017636
"Asb14",3.55488725861545
"LOC128107007",3.55460333714506
"Pip4k2a",3.55415541384085
"Pus7l",3.55348097483838
"Ddx31",3.5534085486928
"Herc1",3.55309335888846
"Plk1",3.5528053027287
"F2rl1",3.55155490453192
"Rab7b",3.55143331820753
"Serac1",3.55109442655483
"Gnl3l",3.550412009568
"Irf4",3.549832810149
"Ptprcap",3.54900148740523
"Ftl",3.54835671833355
"LOC128094116",3.54821379689586
"Pla1a",3.54683247876235
"Src",3.54654843386767
"Clec4g",3.54587201721958
"Tspan6",3.54575446347241
"Foxj1",3.54565979620106
"Ubac2",3.54522766010384
"Trim39",3.54512155376425
"LOC128094831",3.54476957021383
"Afap1l1",3.54425170248724
"Micu2",3.54376146486274
"Fancm",3.54244815219445
"Med6",3.5417493829661
"Eif2ak1",3.54098255323472
"Fam161a",3.54028061563302
"Rnf146",3.53903947276061
"Mboat7",3.53784210952782
"Odr4",3.536592051428
"Hip1r",3.53637275294011
"Metap2",3.53594419902095
"Mbd6",3.53584107330159
"Eid1",3.53531328291933
"Kif20b",3.53508074633274
"Xpa",3.5350024048185
"Armc9",3.53488883798152
"Ddx3x",3.53488143282937
"Zbtb22",3.53478930642483
"Bmi1",3.5345639151742
"Pkd1",3.53384748785624
"Tcp11l1",3.53376876174027
"Katnal2",3.53298673630008
"Tsr2",3.53289809827159
"Bag6",3.53165965180194
"Ercc6",3.52933959689344
"Znf276",3.52857125292253
"Rbm24",3.52730431050527
"Gstcd",3.52597742197948
"Mre11",3.52589276006379
"Hapstr2",3.52566434955019
"Kif5c",3.52397546849199
"LOC128097080",3.52394137152562
"Tbc1d30",3.52392902730441
"Tas1r3",3.52369831202513
"Oprd1",3.52358537957585
"Gnai3",3.52319906818821
"Ube2w",3.5230966712667
"Rhbdd3",3.52232252722937
"LOC128114689",3.52211008458519
"Trmt2b",3.52193672951476
"Rapsn",3.52156719553523
"S100a16",3.52039097510342
"Lpar1",3.52033409944876
"Lrch3",3.52020172806221
"Rai14",3.51974602095825
"Ifi44",3.51926958595822
"Tom1",3.51911151656527
"LOC128099069",3.51694354997402
"Pced1b",3.51694024821105
"Ankhd1",3.51619375200284
"Ccdc138",3.51569583517073
"LOC128115697",3.51460055263362
"Rps27",3.51454118920818
"Notch2",3.51401186962125
"Tshz1",3.51340460036266
"Plxna2",3.51315017643333
"Chit1",3.51309828650477
"Polr1e",3.51257512012567
"Dym",3.51241683408787
"Fam162a",3.5113263715534
"Btbd7",3.51068722854904
"Npepps",3.51045674607699
"Slc12a4",3.50964792943002
"Insig2",3.50955885280603
"Fam131a",3.50903040092444
"U2af1",3.50856767521026
"LOC128094786",3.50790061777317
"Atg13",3.5075996687986
"Tmem179b",3.50706384496359
"C1qtnf7",3.50549584687439
"Stab1",3.50518988774825
"Tbc1d8",3.50476641017985
"Ccni",3.50389074784945
"Magt1",3.50322326198337
"Eif1b",3.50316443733919
"Fst",3.50292252939415
"Prss23",3.50252752108042
"Gli2",3.50154305072591
"Akip1",3.49889781826128
"Enpp5",3.49854520443139
"Tsg101",3.49810197622981
"Epas1",3.49754805153518
"Tm9sf4",3.49736810657659
"Shbg",3.49644109321357
"Mob1b",3.49567173235059
"LOC128112691",3.49554345988209
"Rragc",3.49534585709305
"LOC128106952",3.49360360697655
"Tlcd4",3.49330274863639
"Mettl8",3.49317419605025
"Gnpda2",3.49269847645953
"Mier3",3.48975136967912
"Cbfa2t3",3.48939960202048
"Ptprn2",3.48911284878133
"Hs1bp3",3.48836636429178
"Aftph",3.48827444759579
"Ranbp6",3.48804754806626
"Slc16a2",3.48738037396057
"Anxa4",3.48621684718684
"Galk1",3.48437080136112
"LOC128118422",3.483543652543
"CUNH6orf62",3.48277326434363
"Ncf2",3.4818967146194
"LOC128111833",3.48187185424038
"Lrrc8c",3.48086157093552
"CUNH2orf50",3.48039663066425
"Arhgap18",3.4803596415654
"Smg1",3.47923003231812
"Nhlrc3",3.47894037787111
"Myct1",3.47851876034967
"LOC128119073",3.47816444387115
"Nat8l",3.4764499476096
"LOC128113569",3.47479635830024
"Psmd7",3.47471080868823
"Wdr33",3.47454802501585
"Mbtd1",3.47445827197629
"Col1a2",3.47441184736394
"Fam89b",3.47427573629116
"LOC128115862",3.4736857083995
"LOC128119190",3.47104584296988
"Gramd4",3.47028865020154
"Pde6b",3.47026308580698
"Capn10",3.46932014817294
"LOC128125514",3.46899205144311
"Zbtb45",3.46850229963061
"Hpdl",3.46580249821215
"Mxra8",3.46534191554218
"LOC128099667",3.46512417663274
"Cntn1",3.46478478661439
"Sart3",3.46426544654271
"LOC128099632",3.46415416703308
"Gpcpd1",3.46403252006274
"Palm",3.46395637006917
"Sh3bp4",3.46377547814364
"LOC128099653",3.46309704499749
"LOC128121918",3.462603873798
"Il2rg",3.46251783346763
"Tfpi2",3.46086276034336
"Plekhg2",3.46016778565649
"Bcl9",3.45917328963472
"Pms2",3.45900370958863
"Cygb",3.45821221916394
"CUNH1orf115",3.45676722255351
"Ttc29",3.45638343392771
"Rogdi",3.45631045904321
"Cdh11",3.4559977950234
"Crebzf",3.45390988155601
"Tfpi",3.45049926293753
"Pla2g1b",3.44933867557955
"Epcam",3.4490779857477
"Ap2s1",3.44884051767906
"Larp7",3.44771927321821
"Aif1l",3.44664622450602
"Zmym5",3.44471774523201
"Map6",3.44440958854204
"Cish",3.44357448486915
"LOC128105057",3.44350095863888
"Hnrnpa2b1",3.44235067029289
"Bricd5",3.44216027726019
"Cfap210",3.44170997639279
"Rmi2",3.43940906331047
"LOC128097948",3.43934066594711
"Dnmt1",3.43870409052058
"Fry",3.43838057043998
"Cadm1",3.43792371229492
"Ccdc50",3.43777218357574
"Aplp2",3.43660988199719
"Slc24a1",3.43629338907451
"LOC128096309",3.43567232966493
"Adora2a",3.43306549125335
"Adgb",3.43305561204711
"Klhl2",3.43303353289418
"Birc6",3.43291939407764
"Heca",3.43274418611105
"CUNH3orf14",3.43250118442234
"Evi2a",3.43217539007393
"LOC128117541",3.43206538089115
"Sh3glb1",3.43195688141815
"Eif4h",3.43168772554558
"Rnf139",3.43162238376345
"Ahi1",3.43070308832765
"LOC128096438",3.43070047488695
"Map10",3.43062296878695
"Adgrf5",3.43019531526799
"LOC128099617",3.42975569649283
"Ninj1",3.42970972766781
"Otud1",3.42918909774563
"Mpv17l2",3.42918812707001
"Camk1g",3.42743878453019
"Bbs2",3.42674084883674
"LOC128098219",3.42645078989329
"Zc3h14",3.42619253302141
"Nbr1",3.42607717196455
"LOC128095789",3.42539776083833
"Capza2",3.42528269094269
"Dnajc25",3.42523542899371
"Zmynd12",3.4251804945038
"Ntpcr",3.42451219601878
"LOC128114600",3.42386905439067
"Plau",3.42340387688094
"Grpel1",3.422724787751
"Nphp3",3.42191213309005
"Lmod1",3.42176761738699
"Ercc1",3.4213947687492
"Nip7",3.42100443062683
"Chd1l",3.420707029923
"Iyd",3.42020466959505
"Yif1b",3.41934683476223
"Cstpp1",3.41803019112375
"Vamp1",3.41792883080752
"Cndp2",3.41605680052919
"Tusc2",3.41561683256496
"Tgfb2",3.41550732098026
"Slc2a6",3.41493197107139
"Ttc33",3.41454942354809
"Cdk19",3.41392091969402
"LOC128125616",3.41391364135291
"Npw",3.4137866134616
"Cd38",3.41365641502342
"Tapbpl",3.41248783246823
"Pin1",3.41214202506783
"Ago1",3.41202158333636
"Serhl2",3.41121231486079
"Il17d",3.41119783091132
"Epha1",3.4109232159144
"Dach1",3.41001827547916
"Ubqln1",3.40936913644777
"Foxn2",3.40815599643062
"Cacfd1",3.40281043044177
"B3glct",3.40266326943591
"Rest",3.40248086410363
"Tle4",3.40143707270089
"LOC128098387",3.4012802134649
"Parp16",3.40044282566992
"Csnk1d",3.40012108671847
"LOC128117486",3.39945247227556
"Qsox2",3.39823255521247
"Ncf1",3.39796671297483
"LOC128123932",3.39702911493443
"Pms1",3.39549433162775
"LOC128109099",3.3954644126752
"Smarcc2",3.39489510525126
"LOC128122514",3.39412996865799
"Gnptg",3.3930307584356
"Jchain",3.39266594806616
"Nsmce3",3.39075104921714
"Ass1",3.39053185119717
"Rnf39",3.3900605314103
"Rsrc2",3.38905268119127
"Ehbp1l1",3.38859957088749
"LOC128096341",3.3885182296032
"Ewsr1",3.38842963463635
"Irs2",3.3883391756034
"Gnao1",3.38777505956554
"Tjp2",3.38770090250839
"Atp5mj",3.38632829818169
"Taf15",3.38486510205132
"Ngfr",3.3848327226019
"LOC128108690",3.38379338138449
"LOC128095239",3.38342657425878
"LOC128110044",3.3828856117188
"Itgb1",3.38183999932049
"Cap2",3.38085864014729
"Dmxl1",3.38078244066392
"CUNH10orf143",3.3803001188426
"Mettl2a",3.38027692863328
"Sypl1",3.37974478230223
"Eloc",3.37926317690931
"Thap12",3.37851924015604
"Phykpl",3.3777379622842
"Bcdin3d",3.3763612756304
"Trem2",3.37631495343521
"LOC128094277",3.3755596768887
"Phf13",3.3746893310718
"LOC128122573",3.37458569085027
"Lyrm2",3.37426678762482
"Tpx2",3.37334104405091
"Atp6ap1",3.37291612788781
"Tceanc2",3.37193826917796
"LOC128122423",3.37149508785421
"Pigt",3.37062288155691
"Crip2",3.36908057381113
"Ankrd10",3.36885622884529
"Ube2n",3.36803707527268
"Xaf1",3.36798490195475
"Slc17a5",3.36726990661441
"Asf1a",3.36654035982622
"Daxx",3.36639145861494
"Arhgap31",3.3663807897277
"Letm2",3.36524442349994
"Ccdc42",3.36493516855788
"LOC128115847",3.36468817370348
"LOC128115867",3.36443278514325
"Znrd2",3.36299040140442
"Tacc2",3.3619093091784
"Pierce2",3.36189323058508
"Aplf",3.36184416065394
"Neu1",3.36166381532005
"Ap5m1",3.35853440027418
"Cask",3.35843011893334
"LOC128095690",3.35727713500936
"Ttc5",3.35694960524844
"LOC128106327",3.35648632397096
"Tmem199",3.35567545558585
"Ccdc71",3.35565544312702
"Napepld",3.35443349244741
"Carns1",3.35358386797628
"Serbp1",3.3527004722714
"Mien1",3.35251985426162
"Tmem126a",3.3514737489747
"Phlda1",3.3507255767771
"Orc1",3.35071990360465
"Jpt1",3.34989679616767
"C7",3.34804561105554
"LOC128110924",3.3453491704708
"Slc38a9",3.34485278667406
"Necap1",3.34446975840328
"Klf12",3.34446042241618
"Tmem220",3.34208678587277
"CUNH4orf46",3.34183610908015
"Cop1",3.3417271819996
"Usp47",3.34153621218981
"Abcb7",3.34138598192097
"Antxr2",3.34094236794545
"LOC128100818",3.34084010096978
"Rpe",3.34081013651287
"LOC128108883",3.34050078953503
"LOC128096059",3.33997642552876
"Kif26b",3.33862286414764
"Glmn",3.33813653377463
"Lactb",3.3379889574018
"Bhlhe22",3.33639397052466
"C2cd3",3.33541487085518
"Tmem80",3.33504543818397
"Kiaa1614",3.3349990690388
"Adra1a",3.33495386649132
"Slc4a8",3.33418851392194
"Filip1l",3.33222107427435
"Ehmt2",3.33213172467755
"Ccdc127",3.33178791657058
"Ncapd2",3.33160641862281
"Tmem35a",3.33158173393728
"Dtd1",3.33152383493979
"Prkci",3.33123336568434
"LOC128114741",3.3304301155486
"Cd101",3.32777250814954
"Tmem39a",3.32705788500117
"Ipmk",3.32693861718726
"Kctd7",3.3266419299958
"Ccdc125",3.3263333709557
"Enpp4",3.32531379130024
"Dnajc9",3.32526733889141
"Znf688",3.32513991934706
"Bet1l",3.32508300000764
"Sez6",3.32502552545379
"LOC128094493",3.32454145910116
"Adrb3",3.3244634403791
"Lrp11",3.32402232134825
"Ptprg",3.32365141496323
"Tmem9",3.32250572061644
"Ice1",3.32145048907908
"Polr3g",3.32136250520271
"Clcn7",3.32123185109569
"LOC128098973",3.32115613667833
"Peak1",3.3206944934137
"Celsr1",3.31837865450196
"Tbx22",3.31824545967777
"LOC128114829",3.31792652871301
"Sema4a",3.31584631066731
"Steap1",3.31578021720513
"Acot8",3.31369823184775
"Msh2",3.3136312300827
"Ccdc22",3.31285463931079
"Pip4k2b",3.31281088316138
"Phf14",3.3112761199214
"Caap1",3.31100116247465
"Trnt1",3.31005258629105
"Tyms",3.30959420737785
"Ppa1",3.30905799159393
"Mnt",3.3089814796115
"Tex9",3.30798696468518
"Itga7",3.3078361116197
"Doc2b",3.30692169095618
"Pip4k2c",3.30640122141974
"Morn3",3.30623196399494
"Ch25h",3.30602039903912
"Cpeb1",3.30534719241608
"Pstpip1",3.30507025380815
"Basp1",3.30446177093729
"H6pd",3.30347714450023
"Tbc1d10c",3.30337417953038
"Armcx3",3.30217618686906
"Prrt4",3.30196595579771
"LOC128099575",3.30187361221932
"Phospho2",3.30177495339214
"Arap2",3.30049927496608
"Map3k2",3.29887316213753
"Tasl",3.29760553685004
"CUNH9orf78",3.29748865798616
"Ccdc62",3.29744605919193
"Kpna1",3.29696969982627
"Lrriq3",3.29580483192205
"Nfe2l3",3.29578007462593
"Eng",3.29401393701689
"Sting1",3.2937003158691
"Ubn1",3.29365362801519
"Rhbdf1",3.29359441616369
"Exoc3l2",3.29313478163547
"Eri3",3.29287062836541
"Man1a2",3.29238283845894
"Bcl11b",3.29160966371407
"Bpnt1",3.29083696057754
"Plaat3",3.29035670697545
"Fut10",3.28929109336532
"Mrpl30",3.28915901016667
"LOC128099413",3.28833226418355
"Arpp19",3.28666483087052
"LOC128122669",3.28659750144345
"Vti1a",3.28614169772596
"Edf1",3.28581555794705
"Tmem126b",3.2857530054126
"Nsun6",3.28535813598803
"Scimp",3.28365042658925
"Arpc5l",3.28337493601722
"Reep5",3.28324078474891
"Amfr",3.28284344184704
"LOC128115682",3.28283864066535
"Tspo",3.28204930116669
"Samm50",3.28174586002142
"Pfn4",3.28031274123678
"Tmem81",3.27941660564654
"C1galt1",3.27939222227657
"Pibf1",3.27862769588602
"Deaf1",3.27819894273925
"Swap70",3.27803082687228
"Cep68",3.27780963832215
"Znf667",3.27668796951364
"Klhl21",3.2762865075382
"Nedd9",3.27550885965504
"Mcu",3.27512316114013
"Trmt12",3.27474348742566
"LOC128098052",3.27469790665163
"LOC128109037",3.27442929535468
"Sod2",3.27405340829478
"Ldah",3.27363830216426
"Sdhb",3.2734572147621
"Spg21",3.2718197658548
"Arl5b",3.27170387807082
"Gen1",3.27133138418993
"Tmem218",3.27108491270946
"Slc2a12",3.27028809928527
"Cxadr",3.26869861324262
"Ctif",3.26732602904349
"Zdhhc18",3.26578674644783
"LOC128118780",3.26567964073246
"Dennd2b",3.26551732361927
"Ankmy2",3.26460589436757
"Hmgn2",3.26449999371007
"Rps20",3.26371409279018
"Tmcc1",3.2631309244745
"LOC128100158",3.26136811988799
"Dock5",3.26105511588064
"Tbx1",3.26084983026074
"Ciita",3.26074619183356
"Ptpn22",3.26072925060331
"Gls",3.25940555189904
"LOC128108860",3.25939872372733
"LOC128108240",3.25895867072965
"Nme9",3.25867323485957
"Tox",3.25821800704176
"Arglu1",3.25656833391161
"Znf565",3.25650221764504
"Armcx2",3.25639310487028
"CUNH11orf87",3.25602279894619
"Ephb3",3.25452574866689
"Arhgap23",3.25373015132737
"Lyst",3.2536811921164
"Elp4",3.25230728710502
"Glt8d2",3.25154875921786
"Szrd1",3.25109639954074
"Uba5",3.25097504108472
"Naxd",3.25025993306683
"Nefl",3.24934248050459
"Grina",3.24924192447141
"Atg5",3.24877255204156
"Frem1",3.24868476993581
"Calr",3.24818447006565
"LOC128102609",3.24705260106957
"Cux1",3.24693590216184
"Nexmif",3.24547180315217
"Erlin1",3.24453198658271
"Kpnb1",3.24436180985254
"Vps26c",3.24391076574893
"Apba1",3.24357246552708
"Rbm45",3.24229801728028
"LOC128095675",3.24229593585693
"Pus10",3.23855282176886
"Slc25a35",3.23810137248818
"Nfya",3.23743070422421
"Robo1",3.23628121533271
"Klhl7",3.23539031794786
"Get3",3.23443884516796
"LOC128114348",3.23413740164568
"LOC128110054",3.23312078913242
"LOC128097603",3.23307985303641
"Fhdc1",3.23285637982284
"Sspn",3.23269610192218
"Znf274",3.23252666658203
"Cyrib",3.23242785859012
"Klhl8",3.23131694087789
"Smco4",3.23063499281848
"Angptl6",3.23056587091908
"Dyrk1a",3.23055562706647
"Rtp3",3.22773656246908
"Tgif1",3.22722449078666
"Paxbp1",3.22584837115112
"Zup1",3.22548256889414
"Znf568",3.2248990938651
"Ccbe1",3.22438363716722
"LOC128097934",3.22373085189594
"Cwc25",3.22301413987975
"LOC128124454",3.22289927443095
"LOC128109290",3.22220799930278
"Nr1d2",3.21969977114596
"Cnbd2",3.21907515608955
"Plek",3.21901821336611
"Elovl5",3.21863332018182
"Ahsg",3.21807790458926
"Myl6",3.21766286799777
"LOC128106146",3.21752286919032
"Ncapd3",3.21703236030915
"Usf1",3.21646001744533
"Psat1",3.21547439133575
"Eif2s1",3.21541229036121
"Nalf2",3.21470395498436
"Ccne1",3.21188330661166
"Son",3.21167572986742
"Septin5",3.20977456594169
"Map3k21",3.20836600890196
"E2f3",3.20553167430098
"Zbtb44",3.20553147519554
"Dnajc12",3.20492936694288
"Tor1aip1",3.20387628841316
"Polr2k",3.20331358444483
"Oaz2",3.2031695367098
"Abca9",3.20293896431868
"Phactr4",3.20213911243452
"Trio",3.20204369053697
"Klhl24",3.20163496414479
"Arcn1",3.20133516864282
"LOC128124966",3.20062278236792
"Mageh1",3.19992702928766
"LOC128110066",3.1985946861876
"Tmem63a",3.19855589766345
"Lmf1",3.19835023569559
"LOC128103582",3.19761333392135
"Epdr1",3.19603907353338
"Cxcr6",3.19559154823068
"Pmm1",3.1949904779819
"Fam199x",3.19460236390118
"LOC128110376",3.1942868605329
"Cotl1",3.19418106694142
"Snrpd1",3.1922700095012
"Galnt7",3.19157933370553
"Nnt",3.19018421211479
"B3gnt8",3.18979915809278
"Pdlim4",3.18959925654363
"Nrp1",3.18886307747305
"Xpc",3.18875702311258
"Irak3",3.18866244456668
"LOC128124944",3.18862444234628
"Purg",3.18848279126574
"Spin4",3.18791364528456
"LOC128122708",3.18694196435369
"LOC128114256",3.18690696599428
"Mtmr14",3.186890031586
"Stmnd1",3.18653440050613
"Gtf3c4",3.1865207321137
"Dnajb6",3.18588077046333
"Ly75",3.18524785581237
"Wnt2b",3.1850993067102
"Rp1",3.18496694426759
"Parg",3.18477379734687
"Fam110c",3.18384112221724
"Fbxl12",3.18255925188817
"Ptpre",3.18241124373352
"Map1a",3.18219427747612
"Skida1",3.18096419258114
"Prr5l",3.17944374270831
"Selenop",3.17820503197428
"Tspan3",3.17810395498556
"Kcnb2",3.17720520404683
"Spata21",3.17716314771101
"Vps26a",3.17682248378893
"LOC128094627",3.17622531209334
"Gapvd1",3.17610546176811
"Ficd",3.17578085455299
"Acp6",3.17530880172234
"Tnk2",3.17529965617957
"Tlr3",3.17525628601283
"LOC128098287",3.17250401628423
"Parp9",3.17099838805391
"Pmpcb",3.17074590701417
"Actr3b",3.17000569491874
"Rad54l",3.16941236364094
"Plekha1",3.16920128540379
"Marchf4",3.16829455781561
"Leprotl1",3.16802210569528
"LOC128110460",3.16797878145783
"Tbx4",3.16687509868153
"Zmat1",3.16639345063264
"Sh3d19",3.16637353609558
"LOC128099428",3.16612611032138
"Slc33a1",3.16532345061805
"Hbegf",3.16418781607424
"Slain1",3.16401313404919
"LOC128105913",3.16280423064362
"Cyld",3.16249113742115
"Klhl15",3.16121747237792
"Exoc3l1",3.16121189519523
"Ubl5",3.1603951219798
"Fn3k",3.16007845856781
"Ptpn1",3.1598848482467
"Muc1",3.15889180610389
"Rffl",3.15834644288109
"Dis3",3.15819451269542
"Nudt4",3.15756501668018
"Pctp",3.15696355590049
"CUNH9orf40",3.15618806982893
"Paqr8",3.15561042723057
"Smyd3",3.155040816912
"LOC128099874",3.1548134627315
"Cd244",3.15465879143628
"LOC128113030",3.15407356807121
"LOC128112397",3.15380069489084
"Znf654",3.15360898559574
"Tmem132c",3.15259295535697
"Tdrd7",3.15007183334651
"Sox17",3.1495965946207
"Katnip",3.14917475895113
"Arg1",3.14870650375791
"Il1rl2",3.14814797638892
"Eomes",3.14786862269141
"Rnf187",3.14587316674114
"Sidt1",3.14520429523153
"Uevld",3.14507893376412
"Abi3bp",3.14484184234524
"Nkapd1",3.14466099064927
"Vwf",3.14438010250249
"Fbxl13",3.14435124501992
"Epha3",3.14277353946847
"Nudt21",3.14276533720101
"LOC128108974",3.14125664496795
"LOC128099318",3.14089012739252
"LOC128098189",3.13999482500651
"Aunip",3.13991583283003
"LOC128118781",3.13888017553115
"Cd28",3.1375765363326
"Hr",3.13735701838029
"Kif2a",3.13633808071621
"LOC128112879",3.13602856281608
"Znf609",3.13534336301547
"Rhebl1",3.13332566235362
"Rubcn",3.13309395112519
"Ccser2",3.13250197312557
"Gli3",3.13202346398781
"Eif3a",3.13178028602714
"Dchs1",3.13129037268691
"Nckap1",3.12985377712117
"Tas1r1",3.12965531072693
"Itgb4",3.1278257865359
"Sap30bp",3.12730979428808
"Cabin1",3.12671053048794
"LOC128110192",3.12612564949955
"Ccdc40",3.12598943678556
"Mb21d2",3.12419573919469
"Zbed6",3.12354931193578
"Elmo1",3.12342861498939
"LOC128102607",3.12248740331472
"Rbsn",3.12075974520984
"Ttl",3.11868879059335
"LOC128125099",3.11838401184922
"Tmem184c",3.1180592041279
"Srsf2",3.11776551177053
"Rpf1",3.11609679472157
"LOC128122668",3.1153512526749
"Klk10",3.1138409434394
"LOC128113307",3.11378804515068
"Myt1l",3.11368440335898
"B2m",3.11179163260835
"Sec14l1",3.11101347061157
"Flt1",3.1104053632001
"Rad23a",3.11030781107512
"Adamts8",3.10933029497995
"Cc2d1b",3.10888906080578
"Tmem267",3.10865979827671
"Ippk",3.10839883222636
"C2cd4b",3.10770642638947
"Tekt1",3.1074639429367
"Rhoq",3.10697666677436
"Fam118a",3.10643467623639
"CUNH21orf58",3.10529819657555
"LOC128119784",3.10317804429218
"Srgap3",3.1028663785056
"Dmd",3.10278448571598
"Rab11b",3.10267857749322
"Kif9",3.10246057388077
"Eif4ebp1",3.10200032913775
"Alk",3.10176067059222
"Plag1",3.10142266828622
"Ccdc187",3.10104708495847
"Lrrc14b",3.10099791191435
"Mak",3.10070100985765
"Sorbs1",3.10062193613751
"CUNH3orf33",3.10056636844806
"Shroom1",3.10022691612841
"Ppm1f",3.10001473470895
"Meox2",3.09838377066051
"Lztfl1",3.09737916108772
"Siah2",3.09734486707584
"Eipr1",3.09651473943345
"Mbd5",3.09641612862703
"Ptch2",3.09572175363199
"Nfu1",3.09489381194332
"Dhh",3.09272954898767
"Spatc1l",3.09261630303178
"Rem1",3.0922636937995
"Supt3h",3.09209824160449
"Fgfr1op2",3.0912639389558
"LOC128114565",3.09103006368243
"Rab13",3.08938731916619
"Gys1",3.08931285161199
"Nup54",3.08896306178272
"Ankrd49",3.08757002394566
"Prag1",3.0869562074878
"Ccdc113",3.08563699481183
"LOC128094855",3.08520568909228
"Dynlt2b",3.0847820918614
"Tbc1d4",3.08425565076608
"Slc35e3",3.08373587991362
"Cnih2",3.08359095938834
"Rps6kb1",3.08352652425325
"Cgrrf1",3.08300429023257
"Cadps",3.08236946283467
"LOC128121686",3.0817709554944
"CUNH5orf24",3.08141269484059
"Epb41l5",3.08128811169055
"LOC128103005",3.0806348131993
"Npnt",3.08054338072273
"Dennd10",3.07987141157013
"Vta1",3.07976990196937
"Aass",3.07949492679678
"LOC128122189",3.0794438306193
"Efcab2",3.07803905770646
"LOC128110354",3.07792102732426
"Synj2bp",3.0771639701942
"Zwint",3.07664886651015
"Porcn",3.07568291856595
"Tmc8",3.0755190773952
"LOC128104340",3.07535630904221
"Mapk9",3.07370128344638
"Tmem131l",3.07355422357828
"Aptx",3.07205850793661
"Arl5a",3.07201209372433
"LOC128107105",3.07199996102328
"Nup214",3.07154556069152
"LOC128110248",3.07115395683279
"Rab43",3.06984028103499
"Bhlhe41",3.0698115963684
"Nol3",3.06934665357479
"Lama4",3.06929381147103
"LOC128111016",3.06750380718891
"Ppcs",3.0666881388949
"Sec31b",3.06630851682576
"Arfip2",3.0655016992118
"Armc7",3.06546373337247
"CUNH5orf34",3.06525144477733
"Tpp1",3.06350802852351
"Khk",3.0627078796483
"Ect2",3.06188226700835
"LOC128111853",3.06176831016567
"Ctns",3.06151267637888
"Zfpm2",3.06144047043687
"Trpm5",3.06085784969778
"Atosa",3.06082288190379
"Skp2",3.06080383831476
"Xrn1",3.06035706594287
"LOC128115858",3.06007848359498
"Itk",3.05965210400814
"Nkrf",3.0587722618488
"Ppm1a",3.05839346394855
"LOC128119072",3.05771009271052
"LOC128099360",3.05709546785469
"Snx1",3.05708374131222
"Pwwp3b",3.05678410571916
"Ndufs8",3.05662662085549
"Rtn4",3.0563754056554
"Ccdc153",3.05347284066907
"Adnp",3.05146516982915
"Mzt1",3.05107252346071
"Dusp22",3.05096242948036
"Tgfbr3",3.04987313831082
"Dpm1",3.04911420771744
"Gdi1",3.04863150391794
"Kras",3.04829026860273
"Nol9",3.04801558821636
"Nr1d1",3.04718230846708
"LOC128109817",3.04562185643879
"Eif1",3.0450560615231
"Tnks",3.04489119063933
"LOC128099603",3.04403828073437
"Mrps15",3.04396022665251
"Fam174a",3.0438745238733
"Fbxo11",3.04362504230417
"Sbk1",3.04316570474806
"Cmc1",3.04272246805072
"Tep1",3.04245052155829
"Elavl2",3.04172371328092
"Prickle3",3.04056531343082
"Cbln3",3.04000350383211
"Slc1a3",3.03883622731011
"Qng1",3.03867394451634
"LOC128094683",3.03847071534764
"Recql5",3.03760156234412
"LOC128122319",3.03692262444339
"LOC128100409",3.03541105838302
"Stxbp1",3.03491170857184
"Fau",3.03448705291816
"Entr1",3.03434465207154
"Tbx3",3.03430382511795
"Pik3r6",3.03401474078822
"Prkce",3.03395472550917
"Timeless",3.03324896712637
"Plcl2",3.03288280131611
"Tor2a",3.03272184808095
"Cpeb2",3.03264657787268
"Nudt9",3.03137865718416
"Mlst8",3.03125775408995
"Pias3",3.03000580138483
"LOC128111031",3.02832525299246
"LOC128100456",3.02780467978897
"Spata25",3.0266487674559
"CUNH16orf46",3.025937123365
"Ube2a",3.02548041006629
"LOC128096032",3.0250195053217
"LOC128101237",3.02439669585432
"Rnf14",3.02413453082098
"Tmem59l",3.02339773342849
"Runx3",3.02234042805086
"Nbl1",3.02162170333222
"Fam181b",3.02023920700577
"LOC128101111",3.01887004352705
"Ciao2a",3.01820591167567
"LOC128105567",3.0167482950714
"LOC128114568",3.01535035022991
"Arhgef9",3.01501201910973
"Ssh2",3.01463454172738
"Usp10",3.01435883260277
"Grb7",3.01421135583938
"Hipk2",3.01387500438248
"Rlim",3.01328954370403
"Msh6",3.01266987503467
"Pgp",3.01211008832759
"Ganab",3.01170351939883
"Tp53i3",3.01009019117904
"G6pd",3.00817225018189
"Ddit3",3.00766033967213
"Smim26",3.00746756142186
"LOC128094448",3.00717855416194
"S100a8",3.00693128144371
"LOC128121492",3.00691490085689
"Mospd2",3.00636657327416
"Sox7",3.00576828968721
"LOC128112114",3.00486359657995
"LOC128098257",3.00444961827546
"LOC128110423",3.00440434285501
"LOC128123026",3.00435777697482
"Stard3",3.00378434808472
"Spin2b",3.00367721078509
"Aacs",3.00344198084894
"Naf1",3.0022244717283
"Sntg2",3.00217353548208
"Ctdsp2",3.00150579972371
"Ppp1r3f",2.99813348346144
"Tesk2",2.99809310937839
"Vkorc1l1",2.9973399795134
"Ttc7a",2.9970383723739
"Astn2",2.99672699437079
"Il6st",2.99639285086825
"Tmlhe",2.99520927026305
"Rps23",2.99441268403999
"Sparc",2.99419620918165
"Elmod1",2.99288834991501
"Znf385b",2.99202913937769
"Rpap2",2.99170828152602
"Nfkb1",2.99117813462062
"Lef1",2.99076868590647
"Cxxc5",2.98985936314524
"Adissp",2.98845009039072
"Icam1",2.98809591589143
"Cklf",2.98798053399683
"Spef1",2.98796871106572
"Tti1",2.98780185627715
"Ppp1r3b",2.98574947257069
"LOC128105822",2.98573361947096
"Mif",2.98490339212097
"Mcm9",2.98399108593458
"Naa50",2.98353072861913
"Pfkm",2.98234660962337
"Ube2e3",2.98227791770924
"LOC128120614",2.98213813181855
"Snrpd3",2.98199685518835
"LOC128117739",2.98169738258369
"Ldoc1",2.98124489490843
"Adgrg6",2.98076444782954
"Fxn",2.97926554576615
"Racgap1",2.97821275140369
"Cd274",2.97762828810769
"Tro",2.97757364885229
"Denr",2.97756771566152
"Tbc1d8b",2.97746833599582
"P2ry10",2.97724782926328
"Dnajc2",2.97723868196944
"Atp13a2",2.97652642952719
"LOC128104276",2.97591148958245
"Fez2",2.97455867922206
"Lsamp",2.97394850582961
"Manf",2.9737716826377
"Zfyve1",2.97330667822858
"Card6",2.97289403401516
"Kif27",2.97254611278591
"Maco1",2.97254214523864
"Znf407",2.97246266643198
"Slc66a3",2.97136664276111
"Nudt19",2.97044767287896
"LOC128105894",2.96976245516591
"Reep4",2.96903674521155
"Mpp3",2.96868225639235
"Cds2",2.96845434216682
"LOC128101861",2.96648872434762
"Serinc5",2.9664866525639
"Parp10",2.96635987020864
"Abhd18",2.96567407728204
"Vps18",2.96491730724623
"Nkain1",2.96379699709958
"LOC128099215",2.9637732787727
"Tmtc3",2.9619522285657
"Higd1a",2.96185980391358
"LOC128120951",2.96178317151847
"LOC128108689",2.96132947568136
"Ttc17",2.96094963140859
"Polr2d",2.95942959632367
"Wdr4",2.9587881953407
"LOC128118334",2.95839280816523
"LOC128098772",2.95828337529879
"Lrrc51",2.95798629246489
"Nktr",2.95766238153696
"Serinc1",2.9571965134164
"Akna",2.9566833868654
"Elf5",2.95594384889683
"Zbtb3",2.9542592673091
"Grk5",2.95369895589031
"Ttc9",2.95349174585266
"LOC128117253",2.95293764630745
"Irak1",2.95280727157472
"Anln",2.9525687902638
"Cebpb",2.95152549468903
"Spata5",2.95125218609814
"Ift22",2.95104792467356
"Tm2d3",2.95050406654404
"LOC128121197",2.95039482437835
"LOC128114731",2.94985488028377
"Abca8",2.94949817825433
"Pde9a",2.9493728988892
"LOC128119928",2.94917443184093
"Slc27a4",2.94904860659713
"LOC128105037",2.94859759327317
"Amigo2",2.94598161199441
"Cisd1",2.94568722265833
"CUNH11orf16",2.94482142653926
"Ift74",2.94361543133872
"Pln",2.94236267677966
"Tmem260",2.94162194977681
"LOC128125747",2.94115794514463
"Pld3",2.94058566484008
"Cldnd1",2.94055721032202
"Cstb",2.94029418829506
"Parvb",2.93808826047223
"Sytl5",2.93785219498896
"Cavin2",2.93599362707331
"Psen1",2.93558180516883
"Aco1",2.93547716431614
"Acp3",2.93484388669981
"Atp6v0e2",2.93450647579972
"Nsmf",2.93437713638404
"Mgst3",2.93393160583737
"Col27a1",2.93270578861315
"Pole",2.93252781716348
"Cdc5l",2.93248604990211
"Tada2b",2.93235800892533
"LOC128119187",2.93154973038081
"Blcap",2.93111007643235
"Hsph1",2.93093858442176
"Rpp21",2.93021460224985
"Per1",2.93005039008945
"Gpr18",2.92949154183633
"Spef2",2.92913389405134
"Ube2d3",2.92887066065533
"Stk26",2.92812426527984
"LOC128121792",2.92794960357711
"Ppp1r12a",2.92706396480649
"Spidr",2.9267399386346
"Nefm",2.92646156941009
"LOC128118426",2.92643264636984
"Glrx5",2.92589404077267
"Dhdds",2.92571465290398
"Ccdc82",2.92489554137423
"Fdft1",2.92438912872725
"Il1rl1",2.92414677671628
"Celf4",2.92369930649734
"LOC128099425",2.92364914658083
"Nlgn3",2.92305733517015
"Capsl",2.92299458433854
"LOC128116712",2.92274620874822
"Tuba1a",2.92203436338726
"Wdr89",2.92183637360145
"Fgf12",2.9212367924431
"Bivm",2.92000283485593
"Sytl3",2.91915941398653
"Wdfy1",2.91886444384212
"Rab11fip5",2.91636959534535
"LOC128094626",2.91545335155789
"Myof",2.91472321395415
"Eif4a3",2.91434046207671
"LOC128125742",2.91316104370575
"Pex12",2.91255933359201
"Ophn1",2.91212446757696
"LOC128114772",2.91201093035722
"Atp5pb",2.91182085832101
"Casd1",2.91180800378384
"LOC128125596",2.91116323531182
"Ccno",2.9108609513076
"LOC128118629",2.91047816237668
"Il13ra1",2.90912079197211
"Iffo1",2.90899501948466
"Nudt6",2.90897017766089
"Fcrla",2.90855094415322
"Entpd6",2.90827295447631
"Nmi",2.9079278347026
"Pkd2l2",2.90717012867726
"Peg3",2.90699869488302
"Rsph4a",2.90649798806739
"Prr11",2.90628638335109
"Acvr1c",2.9062280416343
"LOC128123285",2.90557439760202
"Prrg3",2.90515254570646
"Mesd",2.9048410306386
"Aspm",2.90465434128455
"Pnpla8",2.904493463835
"Prr7",2.90442108785605
"LOC128121983",2.90376331560048
"Arid5b",2.90373617252302
"Znf48",2.90364592603386
"Cacna1b",2.9024647207759
"Rpl35",2.90224317557964
"Wdr83os",2.90192109714552
"Mrpl57",2.90063933902534
"Tgm2",2.90025692256729
"LOC128116789",2.89659844151081
"Vps54",2.89569695932007
"Ehhadh",2.89569291481664
"Ube2s",2.89396957234019
"Gulp1",2.89194970513485
"Fkbp8",2.89111263304667
"Yars1",2.88985644984418
"Vrk2",2.88984696359691
"Inpp5d",2.88894238221737
"Fzd6",2.88852148715863
"Msc",2.88813227245678
"Rimkla",2.8879246144029
"Dbndd1",2.88704846637608
"Impdh2",2.88685050208832
"Derpc",2.88467996801385
"LOC128101229",2.88361938757877
"Trpm6",2.88350045058131
"LOC128125431",2.88344919497397
"Zfand6",2.88306685927713
"Apaf1",2.88285158519533
"Prkch",2.88269551815754
"CUNH17orf80",2.88265401692309
"Chtf18",2.88113086783923
"Slc16a6",2.88096509234258
"Sergef",2.87922004427782
"Necap2",2.87916635128817
"Snw1",2.87863283707974
"Ramp3",2.87857739502354
"Prelid2",2.87842117757672
"Tmem42",2.87781257279055
"LOC128114094",2.87736234954564
"Trim23",2.87729558655446
"Dennd4b",2.8771860684931
"Bmp2k",2.87662073353698
"Ndc1",2.87628479082997
"Plekho2",2.87615247078254
"Fancb",2.87525917254641
"Sgce",2.87484036248775
"Usp39",2.87456967071453
"LOC128120972",2.87429196727104
"Crbn",2.87428675659509
"Galnt3",2.87358915904888
"Adat2",2.87358061498525
"Vat1l",2.87279955188328
"Kctd9",2.87267419915321
"Lck",2.87249212907573
"Rrp36",2.87197249918829
"Ldhb",2.87104311955584
"Rbm25",2.87060755426368
"Otof",2.87052187495305
"Npff",2.87039858033899
"Ros1",2.8703533606354
"Lrrc45",2.8700414453959
"Cul7",2.86897183364528
"LOC128096654",2.86682870985988
"Rrbp1",2.86589206404009
"Mmachc",2.86536160502411
"Acad9",2.86527692345182
"Lrrc56",2.864808699273
"Hfm1",2.8645644639185
"Med7",2.86444494505804
"Fam184a",2.86384906486943
"Lratd1",2.86373359131236
"Kars1",2.86371821712924
"Calcrl",2.86306807503203
"LOC128117448",2.86305337456119
"Tubd1",2.86234397615964
"Sec62",2.86079898511953
"Hapstr1",2.86044974536824
"Utp23",2.86041771850362
"Cggbp1",2.85989044011339
"Trim32",2.85893972005854
"Dhx8",2.85766581395053
"Rbm38",2.85674783150353
"Etfbkmt",2.85647895837963
"Tanc1",2.85487660120152
"Dock1",2.85406814059247
"Kcnk13",2.85395439066164
"Tmem170a",2.85291792820142
"Erbb2",2.85158400355128
"LOC128117373",2.85095962431311
"Mpv17l",2.84837640195366
"Smurf1",2.84760580331506
"Ruvbl2",2.84739741675167
"LOC128110422",2.84608759097637
"Ppp2r2d",2.84489021411509
"Sec22b",2.84463701227942
"LOC128094898",2.84416285576428
"Rnf220",2.84403242369601
"Tfip11",2.8440245828622
"Med13",2.84388467586453
"Arnt2",2.84370250634863
"Odf3l1",2.84320252539256
"LOC128113295",2.84279363134577
"Smim20",2.84230125288512
"Pdap1",2.84129677371432
"Kcnn4",2.84128288774076
"Ints6",2.84115684437393
"Mta1",2.84096910859904
"Git1",2.84079280003535
"Tnf",2.8407406746931
"Exoc2",2.84013736533453
"Kcns3",2.83956973308756
"Adhfe1",2.83908781734967
"Rad51d",2.83779117115753
"Ppp1r9a",2.83716670324914
"Atp6v1c1",2.83618161598317
"LOC128102703",2.83569651148306
"Snapc2",2.83549881131859
"Fam50a",2.83542379307256
"Wipf3",2.83517757209543
"Thap3",2.83513524711502
"LOC128115230",2.83467554399684
"Cck",2.83438546159761
"Xpo6",2.83422329212622
"Tspyl5",2.83322755538107
"Celf3",2.8321850171442
"Rrs1",2.83163404671534
"Uspl1",2.8308821121222
"LOC128113475",2.83065849867139
"Has3",2.83029067910493
"Hnrnph2",2.83014349504375
"Akirin2",2.82952359220583
"Tmem106b",2.82941516819937
"Ttll6",2.82893534594181
"Cfb",2.82830732768158
"Uso1",2.82789940153771
"Ahcy",2.82717716267253
"LOC128121262",2.82705953546371
"Ccdc68",2.8266832462344
"Cerk",2.82605724543384
"Glo1",2.82564318060267
"Sil1",2.82488738158087
"Mdga2",2.82478272142425
"Rab36",2.82451150907967
"Cdc42bpg",2.82441344110805
"CUNH5orf63",2.82412091543021
"Gas2l1",2.82378734037844
"Casp2",2.82373846267395
"Vamp4",2.82332565600967
"Mdk",2.82291896495099
"Mfsd11",2.82277173868447
"Rab5if",2.82192832845167
"Dynlt1",2.8191254117732
"LOC128114908",2.81781225024202
"Pdzd7",2.81763583988911
"Ltn1",2.81680723379451
"Tsc22d2",2.81629309177486
"Osbpl6",2.81588177471079
"Vsnl1",2.81548707443493
"Saraf",2.815062406569
"Snapc3",2.81486925293291
"Cibar2",2.81455292073526
"Vti1b",2.81424994341157
"Fbxw9",2.8132138489349
"Trmt10a",2.81295148389266
"Gpx1",2.81190782469486
"Misp",2.8118305586377
"Crocc",2.81094983409666
"Man2b2",2.81078285575122
"LOC128100429",2.80935423061388
"Fkbp1b",2.80889032767701
"Stag1",2.80792356210461
"Arhgap11a",2.80662673364841
"Sh3tc2",2.80661626395582
"Grhl2",2.80654687215687
"Jmjd6",2.80638116680762
"Slc37a2",2.8059155413351
"LOC128122571",2.80547573081447
"Mmp28",2.80492157861476
"Lurap1l",2.80423375635649
"Dcaf4",2.80405352732836
"Rps29",2.80346036833751
"Oscp1",2.80059174891752
"Golim4",2.80045716067273
"Efemp2",2.79991766127638
"Htra1",2.79975418646675
"Mpeg1",2.79820827002706
"LOC128112416",2.79792741094863
"LOC128125157",2.79779000606836
"LOC128123103",2.79749207357188
"Rpl31",2.79693563817879
"B3gnt7",2.7967936487585
"Mgat5",2.7961788671274
"Myl6b",2.79558920130931
"Wdsub1",2.79419905265802
"Adamdec1",2.79415207419833
"Zc3h3",2.79378204275055
"Ehd3",2.79376925803723
"Hic2",2.79360966139048
"Thy1",2.79323129277435
"Prdx4",2.79314000046741
"Decr2",2.79251938246959
"LOC128110536",2.79250796892444
"Babam1",2.79244536783641
"Rdh11",2.7924243795506
"Lonrf1",2.79151964429846
"Samd5",2.79147555533381
"Trir",2.79118436076981
"LOC128117654",2.79086856789672
"Nherf4",2.78988351904453
"Kcna5",2.788569756301
"Zscan30",2.78855246702528
"LOC128110959",2.78847943316235
"Adrb2",2.78829714832589
"Ano6",2.7877392232575
"Ccdc89",2.7876774275427
"Mrps25",2.78726773463246
"Tars3",2.78630935381208
"Dusp3",2.78612337075857
"LOC128121940",2.78610390031094
"Ercc5",2.78595403104417
"Jak2",2.78547477851698
"Zbtb14",2.78503187312855
"Sh3bp5",2.78490200543312
"Znf639",2.7837760821348
"C1galt1c1",2.78377081535289
"Ids",2.78369046340142
"Mtarc2",2.78364481924484
"LOC128105249",2.78329885663879
"Fam3a",2.78324295776047
"Ttr",2.78297672296
"Unc50",2.78294466016636
"Efhd1",2.78207281679451
"Mzb1",2.78204023130593
"Ehd1",2.78168217695675
"LOC128106441",2.78121172765178
"Pde4b",2.7801596932268
"Cfh",2.77988989898695
"Pdcd1",2.77695938910127
"Nectin4",2.7760719474655
"Pdcd6ip",2.77581408056801
"Ptk2b",2.77578279077944
"LOC128101956",2.77551426075197
"Anxa3",2.77477414375941
"Tcap",2.77389177113356
"Eno2",2.7722495193697
"Strbp",2.77213215036725
"Serpini1",2.77179857967502
"Cib1",2.7717039826722
"LOC128095079",2.77086686024495
"Ccdc14",2.76976951311307
"Ubtd2",2.76935980595011
"Farsb",2.76882487059662
"Klhl32",2.76807933643299
"Spata18",2.76794279017457
"Skil",2.76780623266562
"Isca1",2.76738292497006
"Asxl2",2.76659513889228
"Plxdc2",2.76540108615086
"Rtn1",2.76476855189592
"Glis2",2.76402261878207
"LOC128119312",2.76396036697977
"Mbd3l1",2.76357052248731
"Canx",2.76343275014945
"Ccl20",2.7633429646535
"Mtap",2.76227256280275
"Tpo",2.76056005299672
"Cfap299",2.76022265075658
"LOC128103612",2.75953191950097
"Ap1g1",2.75934117803036
"Septin11",2.75928735295265
"Kiaa0930",2.75918374489283
"LOC128099666",2.75914328109068
"Kdm2a",2.75850395019854
"Cacna1e",2.7562667838677
"Lad1",2.75613071004918
"Naprt",2.75596118820142
"Arf5",2.75560569322415
"Marchf7",2.75552076515305
"Stard13",2.75549617447271
"Zfp1",2.75494698392914
"Pcolce",2.7546431104843
"Inhbb",2.75455017928665
"Ttll12",2.75292810100882
"Bccip",2.75222812226991
"Daw1",2.75114777059383
"Gadd45gip1",2.75089963231988
"Cracdl",2.75051074566175
"LOC128120260",2.75029464682626
"Hhipl1",2.75015378735696
"Smim22",2.74993663785329
"Pde4c",2.74937007649384
"Pgap6",2.74931190851263
"Psd3",2.7481604145653
"Bpifb1",2.74787838683118
"Nim1k",2.74771102712696
"Cdk16",2.74756745110607
"LOC128098711",2.74738986728371
"Snrpe",2.74664470772154
"Dhx33",2.74443975701802
"Gng5",2.74397702703449
"Sec24c",2.7438701863856
"LOC128110016",2.74304836468509
"Ppfibp1",2.74259755596117
"Itm2b",2.74206282291073
"Chrd",2.7415079485403
"Arhgap15",2.74081347608294
"Zfp36l1",2.7403917300471
"Col17a1",2.74029794643432
"Fbxw2",2.74015510314211
"Cspg4",2.73999917433627
"Spata6",2.73870688373045
"Psmb3",2.73848385595733
"LOC128119186",2.73843714167429
"Gch1",2.73837093211037
"Atxn7l3b",2.73698487686135
"Dnah5",2.73689662681546
"Psmd5",2.73632694530281
"Sh2b2",2.73570203738096
"Psmc2",2.73522981536339
"Spry1",2.73514677892268
"LOC128107397",2.73482725769736
"Pnpla7",2.73464579741117
"Smyd5",2.73282884869481
"Exosc4",2.73216703023438
"LOC128105248",2.73182886395524
"LOC128104133",2.73163881884463
"Tspan5",2.73136939698899
"Pla2g2c",2.73025167227285
"Alpk2",2.72976416975724
"LOC128096158",2.7295804651681
"Ipcef1",2.72948101681487
"Msrb3",2.72813539088097
"Dusp16",2.72811751967866
"Chn2",2.72770121535997
"Kif7",2.72590784165744
"LOC128107103",2.7254298808041
"Poglut3",2.72218901292917
"Zbtb48",2.72216246298355
"Wbp4",2.72044867008978
"Zc3h18",2.71998530824504
"Col4a1",2.71977374808873
"Ldlrad3",2.71927480342456
"Tbc1d19",2.71913901069107
"Gabbr1",2.71882864673038
"Kiaa1522",2.71814514866616
"Nbdy",2.71790287698013
"Sestd1",2.71766513396025
"Ak3",2.71697876507892
"Abtb2",2.71666429796351
"Cacna2d2",2.71607704189608
"Nfxl1",2.7159863799921
"Sec23ip",2.71520788375727
"Pcsk6",2.715023375732
"St14",2.71483319869332
"Rbm28",2.71463624810644
"Dctd",2.7140402996469
"Tmem170b",2.71327147319726
"LOC128108992",2.71297204676106
"Smc3",2.71278543539185
"Resf1",2.7120205238795
"Mrps30",2.71160503117665
"Medag",2.7112350933826
"Rbm15",2.71050792390867
"LOC128106086",2.71005613979023
"Atxn2l",2.70992956751902
"LOC128123226",2.70951347708301
"Rc3h2",2.70882939022804
"Cfdp1",2.70856443896284
"LOC128115194",2.70852860340101
"Pabpc1",2.70804996110567
"Sytl4",2.70797626412165
"Ric3",2.7079676005475
"Jtb",2.707487595925
"Spred3",2.70615832942297
"Odf3b",2.70576498772272
"Mcc",2.70568836404693
"Slc39a10",2.70418220985021
"Ets1",2.7040956098671
"Rab27a",2.70402208755681
"Armt1",2.70327557297946
"LOC128119798",2.70267154166432
"Akap12",2.70232839859515
"Cirbp",2.70170881392917
"Ubxn2a",2.70095082620684
"Zswim4",2.70032827914903
"LOC128112677",2.70016190286406
"Rims1",2.69964813746078
"Thrb",2.69948777428714
"Fbxo9",2.69891523025916
"Cars2",2.69887067603855
"LOC128104136",2.69873874631315
"Slc38a5",2.69866886707443
"Ptpn12",2.69835519941887
"Tmem79",2.6981940352151
"Ttc16",2.69809235058095
"Mxd1",2.69791870635381
"LOC128110420",2.69741146787388
"Fam193b",2.69733721606426
"Zwilch",2.69715678666502
"Prob1",2.69694301939252
"CUNH17orf75",2.69666164877918
"LOC128101781",2.69547698193982
"LOC128125041",2.69472666877866
"Mks1",2.6937753376524
"Chchd3",2.69376380027977
"LOC128105100",2.69361808806145
"Vangl2",2.69359885423922
"Klhl20",2.69280123189515
"Mis18bp1",2.69223847534603
"Trim35",2.69170150291597
"Mansc1",2.69169572025504
"Edaradd",2.69168589981978
"Tmem150a",2.69113827589124
"Abca1",2.69080676871016
"LOC128112089",2.69071862365879
"LOC128118104",2.68996217332518
"Serp1",2.68967794012174
"Ago4",2.6895848766661
"Fhip2a",2.68898709091615
"Znf304",2.68873819100816
"Kcnj11",2.68842916116448
"LOC128125568",2.6880400969243
"Sdcbp",2.68800741495021
"Mapk8ip3",2.68762188424673
"LOC128097968",2.68759037843751
"Ppp1r13l",2.68758958590951
"LOC128117601",2.68756831945457
"Ankrd46",2.68614661920895
"Ercc4",2.68556076665404
"Mtm1",2.68533997247439
"Cutc",2.68448598748176
"C1d",2.68440462691272
"LOC128113305",2.68431440502498
"Adam18",2.68375665360342
"Ddx5",2.68354895888914
"Plcb3",2.68315459412452
"Clec1a",2.68304259075613
"Mdm2",2.68283702174415
"Ncam1",2.68176706643316
"Syne1",2.68165317790584
"Elf4",2.6811960757328
"Sel1l",2.68084166912193
"Large1",2.68065703769539
"Kif21b",2.67988263187583
"Litafd",2.6795965447807
"Dhrs7b",2.67957245905526
"Grsf1",2.67886881323773
"Gucd1",2.67856900943591
"Hlf",2.67728628417552
"Epha5",2.67728123772588
"Tfrc",2.67708390183263
"Kyat1",2.67702552945531
"Fam210b",2.67665255113914
"LOC128105305",2.67589300320994
"Lgr5",2.67586110060165
"Fam104a",2.67530365187455
"Jam3",2.67523819624595
"Mfap2",2.67513518833814
"Ttf2",2.67489713548741
"LOC128098921",2.67480084554714
"Cdkn1c",2.67476700396987
"Cwc15",2.67474518991162
"Cyfip2",2.67453044340929
"Flt3",2.67451429179386
"Rpl13",2.67450111598137
"Eif2a",2.67365575613633
"Prss12",2.67338725245508
"Mta3",2.67325055271408
"Cenpx",2.67253810971317
"Enpp2",2.67212591355178
"B3gat3",2.67060927453745
"Zfyve16",2.6702691900206
"LOC128101748",2.67003676608722
"Atp6v1a",2.66971702198127
"Sema4b",2.66940269146038
"Plek2",2.66924727448154
"Emcn",2.66759000740834
"Mtmr1",2.66719036824968
"LOC128115572",2.66706676838769
"Gaa",2.66592263904857
"LOC128114234",2.66576081303457
"Elac2",2.66481871702846
"Ccdc39",2.66408582614174
"Exoc3",2.66376107947281
"Atp6v0d2",2.66054100363879
"Akap13",2.66038283394546
"Mdm4",2.6601022502496
"Dennd1a",2.65970526682998
"Wdr47",2.65910057263451
"Pld1",2.65905276531902
"Cdkn1b",2.65901729186731
"Nbas",2.65797217665927
"Ccdc18",2.65706896274257
"CUNH20orf96",2.65696335725879
"Upf1",2.65674559195422
"Map7d1",2.65603424427879
"Zfp36",2.655772419922
"LOC128119181",2.65576520465311
"Pla2g2a",2.6556082991538
"Cpq",2.65467593925058
"Wdr75",2.65412862698154
"Kctd12",2.65325997542004
"Bcl2l2",2.65317967769285
"Cbln1",2.65259914897876
"LOC128110398",2.6524501283293
"Hax1",2.6524292307791
"Klhdc8b",2.65184347648957
"Hint2",2.65153625449656
"Synm",2.65039166227022
"Hlx",2.6502464726191
"Trmo",2.65005780143855
"B4galt5",2.64984742282305
"Polr1h",2.64981875718936
"Tbc1d1",2.64820945570245
"Tdrp",2.64810712255033
"Drap1",2.64774536954138
"Fam220a",2.64758688325491
"LOC128123439",2.64693181781934
"Ppwd1",2.64611098707757
"Lrp2bp",2.64593303044444
"Slc35g2",2.64559009714654
"Ethe1",2.64544076650975
"Pom121c",2.64428225221355
"LOC128109111",2.64368690997927
"Alg12",2.64367275372355
"Rab3a",2.64302814924561
"LOC128101165",2.6427920773189
"Znf248",2.64269756896026
"Plppr3",2.6426879808637
"Opa1",2.6425893974634
"Ca14",2.64256803390475
"Cdkal1",2.64119073548659
"Cd8b",2.64014319077456
"Usp20",2.63965707210736
"Orc3",2.63935385331104
"Rasef",2.63883737080111
"Mbtps2",2.63750228200137
"Dnah6",2.63628829963864
"Nt5c",2.63583967921852
"LOC128112020",2.63479253754982
"Cacybp",2.63298439875012
"Tmem171",2.63264173563733
"Rom1",2.63251745984269
"Slamf1",2.63238012554537
"Smg7",2.63169885651456
"Zcchc2",2.63154798105867
"Ddc",2.62978910829304
"Myo1f",2.6293983467351
"Arhgef19",2.62874121461914
"Tatdn1",2.62865715408454
"Ghr",2.62863837259898
"Acyp2",2.6283569296737
"Lrrc23",2.62651870539639
"LOC128103377",2.62651106407437
"Tmed4",2.62438834635269
"Znf598",2.62370586831731
"Mfsd14b",2.62324527405571
"Slc44a4",2.62318956650479
"Actr6",2.62264022527075
"Trmt6",2.62240930647085
"Sp1",2.62204927394745
"Gpsm1",2.62169223116703
"Ccdc6",2.62159010452121
"Aldh5a1",2.6203398133298
"Exosc5",2.61966504648655
"Nt5dc3",2.61915538472089
"Cd40",2.61911035763748
"LOC128098998",2.6190725226467
"Igf2r",2.61747393866912
"Itpa",2.61664214894078
"Vdac2",2.61558715573257
"Atf6",2.6155343631397
"Clk1",2.6155111419758
"Rad17",2.61479059303919
"LOC128099454",2.61451958974058
"Foxj2",2.61367814218363
"Trim36",2.61321033418618
"Hint3",2.61285984038584
"Ccdc85b",2.61277811480488
"Fam98c",2.61231735399055
"Mgst1",2.61191875680497
"Kcnk12",2.61170583611097
"Tspan32",2.61037266940619
"LOC128125196",2.60998150625755
"Alas2",2.60984305246476
"LOC128098284",2.60935569811605
"Ebna1bp2",2.60849762598806
"Cep89",2.60786598504818
"U2surp",2.60775283077765
"Zc3h12a",2.6074592760128
"Asah1",2.60687543520058
"Art3",2.60562348999448
"LOC128103465",2.60554848743167
"Pcid2",2.60514241136714
"LOC128104442",2.60500636675074
"LOC128111238",2.60489525906509
"Lcat",2.60402935348777
"Hemgn",2.60401408212227
"Desi1",2.60373684339596
"LOC128119133",2.60366864465462
"Morf4l1",2.60311745645392
"Apc",2.60274367528136
"Arf1",2.60245985176118
"Elavl4",2.60190220065036
"LOC128108273",2.60122968659496
"CUNH2orf68",2.60107986402559
"Hs3st1",2.60106940378101
"Adarb1",2.60056673230993
"Tmem273",2.5993591221009
"LOC128109966",2.5991384255149
"Pgm2",2.5990875306513
"C1r",2.59899688040105
"Mmp11",2.59895864091442
"Tom1l1",2.598394040267
"LOC128122907",2.59836642632514
"Itgb5",2.5983530951612
"Sox5",2.59825274071768
"Themis",2.59780099147245
"Cpt1c",2.59747361409428
"Wwc2",2.59725108742274
"Snrnp25",2.59702005378456
"Pigbos1",2.59652733372608
"Tbc1d9b",2.59421763183337
"Adamts2",2.59334440312039
"LOC128108693",2.59312648549316
"LOC128110073",2.59311247479957
"Mob2",2.59234838488541
"Tfec",2.59210729482647
"Tbc1d16",2.59131386048317
"LOC128108400",2.58992547408172
"Vcam1",2.5898943840471
"Cdc26",2.58978491178406
"Pik3ap1",2.58950267581854
"Vtn",2.58775265841288
"LOC128112830",2.58769108748317
"Adal",2.58711050087795
"LOC128106395",2.58692077183441
"Mnat1",2.58485461146017
"Rps27l",2.58430220882992
"Adamtsl5",2.58424940533958
"Slc23a3",2.5836792685475
"LOC128095500",2.58263909029238
"LOC128108813",2.58259749729361
"Zmynd8",2.58225478661677
"LOC128097278",2.58166428400359
"Ackr1",2.58146096529323
"Ddx47",2.58011615025815
"Nfkbiz",2.57984260558784
"Sipa1l2",2.57876838373191
"Ilk",2.57836570676348
"Agap1",2.57823485153332
"LOC128122962",2.57772028190069
"Rsph10b",2.57624580512703
"Atg16l1",2.57604422634151
"Tnfaip8",2.57595215793015
"Ccdc30",2.57581075708065
"Rasgrp1",2.5754808682229
"LOC128094514",2.57542194457708
"LOC128110151",2.57521634411976
"Rgcc",2.57447955161182
"Tfe3",2.57446106877503
"Acadl",2.57424944810933
"LOC128114252",2.57400202638683
"LOC128108279",2.57269757989498
"Rabgap1l",2.57234202528043
"Ncoa4",2.5722431290572
"Phpt1",2.57152210395057
"Mboat1",2.57135283043226
"Mccc1",2.5708460233373
"LOC128124645",2.57074852939398
"Ldlrap1",2.57057420539663
"Proser1",2.57010792464312
"Impact",2.56964663567926
"Mfap1",2.56894787036156
"Matcap1",2.56776178368014
"CUNH14orf28",2.56540407130071
"Tcaf2",2.56509259943462
"LOC128117064",2.56478832203521
"LOC128119960",2.56475826759804
"Rerg",2.56473341072704
"Il11ra",2.56458717772364
"LOC128099576",2.56389904779311
"Arfgap2",2.56387564536754
"Zbtb12",2.56309335639046
"Ncr3",2.5625111819656
"Cnot10",2.56242754298434
"LOC128109038",2.56195936862361
"Pip4p2",2.56172112774178
"Myh11",2.56159412457466
"LOC128115854",2.55993930365292
"Cdpf1",2.55988199488114
"Slc35a3",2.55927776352663
"Adprm",2.55914543149108
"Lrrtm4",2.55814904965224
"Malt1",2.55794217227861
"LOC128097381",2.55703535297409
"LOC128098755",2.55655333807621
"LOC128098310",2.55637721299432
"Mcl1",2.55632638217381
"Faslg",2.55527575383289
"Kpna5",2.55493939302906
"Trappc1",2.55480905832302
"Nr4a2",2.55465945721103
"Anp32b",2.55436159544423
"LOC128098435",2.55378063268808
"Fah",2.55373777657266
"Adam8",2.55319744192251
"LOC128119166",2.55282230558203
"Paqr4",2.55247506263711
"Ccdc136",2.55205684073445
"Gfod2",2.55146797682098
"Polg2",2.5512159039686
"Vps26b",2.55023974373631
"Anxa7",2.55009150832595
"LOC128107390",2.5490603176876
"Cckar",2.5486935493021
"Elp2",2.54864067798777
"LOC128124988",2.54848360529651
"Baz2b",2.54775352221832
"Letmd1",2.5477430364502
"Gsk3a",2.54690312472485
"Dmac2",2.54534707131788
"Kdm1a",2.54511925974316
"Ablim2",2.54454646027847
"Mif4gd",2.54442050958356
"LOC128114077",2.54438984507165
"Trim46",2.54394664297628
"Slc16a4",2.54368141749832
"Pparg",2.54360721909215
"Srbd1",2.54131027875827
"LOC128116021",2.54076762793184
"Kcnu1",2.54029870081588
"Purb",2.53897014899117
"Fyco1",2.53736649340253
"Srd5a1",2.53712995494912
"C1qa",2.53688315403164
"CUNH11orf68",2.53578132989556
"Fzd10",2.5354204736867
"Spcs3",2.53358296986054
"CUNH18orf63",2.53237825288523
"Dapp1",2.53234607089044
"Gdpd5",2.53166706169046
"Adgrl1",2.53166555953199
"Rasd2",2.53153108499202
"Gucy1a1",2.53064214476825
"Rccd1",2.53041672138306
"Fam110b",2.53028605333584
"Timm8b",2.52977268090713
"Snx5",2.52967864586652
"Cd93",2.52944858288083
"LOC128098894",2.52904429098039
"CUNH9orf85",2.52868099222504
"Nabp1",2.52836041613705
"Zfyve9",2.52790427827608
"Colec11",2.52767131031375
"Iqcg",2.5271326176427
"LOC128099594",2.52707523480292
"Hmox1",2.52694799255839
"CUNH4orf54",2.52613237366291
"Fgf10",2.52561467004144
"Inpp1",2.52492534402344
"Trmt61a",2.52402551284255
"LOC128098742",2.52402080987245
"Cd19",2.52380306071891
"Man2a2",2.52292905078991
"Adamts5",2.52173428382868
"CUNH4orf36",2.52137308797987
"Ift57",2.5212707553999
"Arhgap17",2.52055472423055
"LOC128102152",2.52023958497148
"Eif4e",2.51997655436748
"Dapk2",2.51995610351482
"Mtx2",2.51894604536233
"LOC128105610",2.51894142295865
"Muc5b",2.51839020140506
"Fbxo42",2.5177338491858
"Ankrd27",2.51710425772856
"Ttc9c",2.51666333240731
"LOC128095555",2.51636928875579
"Dido1",2.51578759630112
"Chrdl1",2.51573716293836
"Cnbp",2.51550899181004
"Arid4b",2.51500441938918
"LOC128104616",2.51487325838883
"Wdr35",2.5140022624288
"E2f6",2.51389469054002
"LOC128097631",2.51378439696031
"Ebp",2.5130224480585
"Slc22a18",2.51276950129864
"Sec61b",2.51261734192981
"Gpx4",2.51260220917756
"Akap14",2.51258919217272
"Rab3b",2.51240167419337
"Uros",2.51164211134464
"Ddx46",2.51155989975489
"Lrrn3",2.51127645243565
"Hspa4l",2.51075879992455
"Slc10a3",2.51060298068096
"Slc16a3",2.50933932234394
"Daam1",2.50833032016975
"Yeats2",2.50816285973092
"Pdcd4",2.50814595123901
"Ccdc152",2.50715636338328
"Gipc2",2.50662140926002
"Cflar",2.50579199805569
"LOC128121624",2.50567368790782
"Sla",2.50561642842187
"Mtfr1",2.50547367820572
"Hhex",2.5054069511454
"Kbtbd13",2.50513162325576
"Nek10",2.50446550322816
"Plpp5",2.5041922792285
"LOC128104200",2.50195846417144
"Dtx4",2.50149140885331
"Cyria",2.50110778476905
"Rps3a",2.50089228547432
"Ablim1",2.50014885180933
"Shb",2.49908210414779
"Sema3g",2.4982863819003
"Plxna4",2.49665401053747
"Anks1a",2.49652163380316
"LOC128099609",2.49638927103961
"Nkapl",2.49619252244024
"Rbm27",2.49580544024586
"Zbtb37",2.49534628529818
"Itfg2",2.49368565582671
"Dgkb",2.49358299568232
"Kxd1",2.49332352651115
"Aoc3",2.49266245415967
"Ptbp3",2.49235666381349
"Tmcc3",2.49210428547007
"LOC128102255",2.49195575450489
"LOC128098497",2.49180796603604
"Mtfp1",2.49173796047228
"Tbc1d2",2.4917074095745
"Pcnt",2.49134187701665
"Ndrg4",2.49073560105648
"Tiam2",2.49049400825557
"Satl1",2.49026436492094
"Sgo2",2.49011841469109
"Cstf3",2.4898678729907
"Scoc",2.48979110730348
"Zpr1",2.48919743885932
"LOC128099925",2.48827404337987
"Pdcd10",2.48804474536347
"Rfng",2.48770466643369
"Lekr1",2.48705182579805
"Cbs",2.48649285668473
"Hal",2.48636384907001
"Pabpc4l",2.48631383885997
"Epn2",2.48591397984387
"Thoc7",2.4856180588543
"Ubl3",2.4852184175608
"Slc4a4",2.48475997049663
"Fnbp1",2.48452076428826
"Hnrnph3",2.48296427629875
"Slc25a37",2.4825801617292
"Phc3",2.48243962635614
"LOC128096625",2.4821754973746
"Slc31a1",2.48181102639624
"Rps15a",2.48132845809005
"Tchh",2.48094101531603
"Cdc25b",2.48053341723222
"Nrbf2",2.48041610648706
"Pde7a",2.47985823966664
"Psmd11",2.47907784749776
"Znf133",2.4788182715883
"Sdad1",2.47772379444293
"LOC128108615",2.47721453608649
"Ndufs6",2.47636357985245
"LOC128113156",2.47561154775501
"Prkaca",2.47514087856469
"Lcmt2",2.47424192492078
"Plpp7",2.47348648852649
"Ogdh",2.47149582421053
"Pla2g12a",2.47139742548351
"LOC128096848",2.47089225458371
"Pptc7",2.47024764696299
"Sh2d6",2.47015945209936
"Cavin3",2.470144555003
"LOC128118321",2.46985125649477
"Rev1",2.46868231955693
"Dynlt3",2.46861151204463
"LOC128114054",2.4685400085707
"Rabgap1",2.46787819462352
"Gp2",2.4657081976898
"Adamtsl4",2.46549486853314
"Apln",2.46531667705356
"Asb6",2.46499000892653
"Prx",2.46421034779639
"Rbbp4",2.46275501260077
"Lcn2",2.46229349257527
"Sorbs3",2.46208978845076
"LOC128111239",2.46001336569252
"Nhs",2.4588139996937
"Ddit4",2.45835156279725
"Hcfc1",2.45827007592317
"LOC128103311",2.45735904108437
"LOC128094033",2.45525317393391
"Angpt2",2.45512951223166
"Mthfd1l",2.45431851938108
"Ints2",2.45360784755291
"Prkcg",2.45333439095353
"Mix23",2.45310758239911
"Hhip",2.45220656595557
"Dnlz",2.45197364909574
"Znf518a",2.45094023953798
"Cdk5rap1",2.45059651854659
"Crebl2",2.45036303372451
"Inhba",2.44906829851579
"Pigx",2.44905148807009
"Slc28a1",2.44890692580181
"Kansl3",2.44803213615388
"Gpa33",2.4465686881388
"Rufy2",2.44629813477319
"LOC128120393",2.44614668004559
"Akap7",2.44557335865906
"LOC128099610",2.44544981964781
"Adprs",2.44525821271981
"Psmb10",2.4450822865692
"Fn1",2.44496820349509
"LOC128094787",2.44495481642886
"Tmtc4",2.44452334273843
"Taf13",2.44328540362509
"Mta2",2.44326831759876
"Cdc73",2.44243762592117
"Nup88",2.44203738229552
"Ubxn11",2.44112130331923
"LOC128124673",2.44065222370897
"LOC128106972",2.44029920338574
"Ankrd13b",2.44027651556856
"Ybey",2.4401703172426
"Znf35",2.44008641214351
"Flvcr1",2.4398236777755
"LOC128119781",2.43931760345797
"Cx3cr1",2.43899368327717
"Cops9",2.43791650615164
"Fa2h",2.43779467685118
"Pcbp3",2.4377056455034
"Herpud2",2.43731385628616
"Gcc1",2.43725587695343
"Srebf2",2.43706937081385
"Ahnak",2.43699057334751
"Bora",2.43653782778133
"Asb2",2.43651977293011
"Them6",2.4361676576183
"Chac2",2.43604181998883
"LOC128107037",2.43552325413951
"Adcy4",2.43549705078791
"Noc4l",2.43538172719049
"Pcna",2.43535379134441
"Ncoa2",2.43522380819756
"LOC128106159",2.43504682203085
"Ppil3",2.43416581958008
"LOC128098401",2.43402270497068
"B3gntl1",2.43352451334139
"Tub",2.43336082178769
"CUNH1orf198",2.43272994553998
"LOC128115845",2.43179400632021
"LOC128103256",2.43159591826993
"Cd79a",2.43081202570408
"Ablim3",2.43059457514982
"Tent5a",2.43052545074077
"Mrps27",2.43039656878787
"Prrg4",2.43033922188664
"Rnf144b",2.42986797811286
"Sympk",2.42961629155519
"Ntrk3",2.42937109230049
"Tlr2",2.42792850668009
"LOC128115851",2.42784684693078
"Atp2c1",2.42734329791202
"Smim31",2.42732844537014
"Ltf",2.42701101594454
"Tcerg1l",2.42566290707169
"LOC128120497",2.42473139233327
"Glis3",2.42389328788625
"Tmem8b",2.42387947448368
"Fam162b",2.42374857969148
"Polr2l",2.42359477708071
"LOC128099605",2.42126749727432
"Pltp",2.42071060658447
"Flcn",2.42067321798135
"Atp6v1g2",2.42065713930943
"LOC128099181",2.42012034230396
"Hsd17b4",2.42003634593139
"Pde5a",2.41920902827849
"Arhgdib",2.41882406813659
"Catip",2.41854853789445
"Kdm4c",2.41852030767289
"Znf462",2.4183993926967
"Tenm1",2.41837830535296
"Cisd2",2.41791794203023
"Cmtm6",2.4177493486512
"Brpf3",2.41718788178384
"Mmp23b",2.4164782787412
"Parp1",2.4157586667866
"LOC128117344",2.41457068534621
"Cope",2.41453586348099
"Nfix",2.4134975913227
"LOC128111835",2.41342509026068
"Akap17a",2.41303995137197
"Rabep2",2.4124586588613
"Notch4",2.41240369438656
"Prrc1",2.41238306300042
"Eya2",2.41225832981177
"Rab18",2.41206137948578
"Stat6",2.4114792073399
"LOC128115712",2.4112921147423
"Nap1l5",2.41056658702747
"LOC128096738",2.41022690459413
"Ap1g2",2.4101816493585
"Mettl16",2.40978741634852
"Rpl34",2.40925700303561
"Bdh2",2.40923680935054
"Smim35",2.40907843285925
"Cfap65",2.40840710573315
"LOC128101807",2.40752418341546
"Ensa",2.40730168195266
"Map2k7",2.40715245098626
"Pwwp2a",2.4066654184005
"L3mbtl3",2.40660750728565
"Kalrn",2.40646375684279
"Mctp1",2.40625950486382
"Igsf8",2.40609314953129
"Mrpl45",2.40514710738277
"Cdr2l",2.4049878705455
"Gsap",2.4046432565035
"Nrip1",2.40434896766378
"Bscl2",2.40384193526845
"Kansl1",2.40380331135375
"Nck2",2.40347331542587
"Slc1a1",2.40342133176199
"Mapk13",2.4032781143362
"Ankrd61",2.40189509382929
"Gkap1",2.4012318509933
"LOC128099038",2.40080464576075
"Pam16",2.40074493628634
"Lancl2",2.40059005137066
"Eif4g1",2.40020501118787
"Trmt11",2.40013561971123
"LOC128094431",2.40003373732816
"Jmjd1c",2.39949172935573
"LOC128124853",2.3994039414049
"Ascl3",2.39939192339601
"Efhc1",2.39929363720332
"Pigm",2.39888800083838
"Prrc2c",2.39748960647773
"Znf423",2.39704157299329
"Adora1",2.39694744758259
"Appl2",2.39658069316439
"Jade1",2.39601919906114
"Rfc3",2.39588723559504
"Slc35a1",2.39553001040767
"Alkal1",2.3950852467762
"LOC128111475",2.3945874804277
"Ankrd24",2.39433045898866
"Pacs2",2.39353314503686
"Znf366",2.39349362035875
"Iws1",2.39335049036781
"LOC128099342",2.39312642813898
"Psmd1",2.39292835284194
"Cmtm4",2.39283341466881
"LOC128104314",2.39274994193744
"Aak1",2.39232177901753
"Spring1",2.39114643450635
"Irf6",2.38975289439919
"LOC128110369",2.38918850292573
"Nt5dc2",2.3890320431314
"LOC128099313",2.38799380594524
"Sgo1",2.38731846106036
"Plxnb1",2.38642593096348
"Wwtr1",2.3852548766721
"LOC128104165",2.38517712871915
"Ate1",2.38510072225836
"LOC128124716",2.38474261423249
"LOC128094473",2.38474167377006
"Fut11",2.38440193395252
"LOC128110650",2.38418828378496
"Zcchc18",2.38278934205019
"Syncrip",2.38261257814424
"Hes6",2.38088388328282
"Mettl13",2.38047836115262
"Ppia",2.37929347720042
"Hnrnpa0",2.379238505103
"LOC128094854",2.37911606523282
"Selenot",2.37848456194999
"LOC128099397",2.37819428908378
"Cdk5rap2",2.3778718545399
"LOC128123355",2.37772795934366
"Eva1a",2.3770713573334
"Atg3",2.37574380108176
"Ahcyl2",2.37548296059904
"Rnaseh1",2.37547846350153
"Tmem191c",2.37542040411414
"Thbs1",2.3749318734577
"LOC128116027",2.37190547671729
"Iqgap1",2.37047380537922
"Epop",2.37033548657331
"Mrpl48",2.37029741226714
"Gpr107",2.37024465530148
"Capn1",2.37003794524572
"Gadl1",2.3697608999266
"Mrpl58",2.36853724213941
"Znf414",2.36788515037027
"Slc7a1",2.3673033096907
"LOC128099618",2.3671391712109
"Mfap4",2.3670058395949
"Dnhd1",2.36682367848803
"Znf385a",2.36616816132121
"Itga4",2.36583031899861
"Olfm4",2.36578890895532
"Nkx6-1",2.36576229414027
"Pafah2",2.36458806513057
"LOC128124954",2.36416887888276
"Mrpl4",2.36379102547602
"Ddr2",2.36354003968152
"Pitpna",2.3628735344777
"Bcl11a",2.36262275624195
"Rap2a",2.36220098552558
"Furin",2.36211894589221
"Ubxn10",2.3614796781759
"Lmntd2",2.3606707450149
"Mrpl9",2.35962589327975
"Plcb2",2.35949425050895
"Rab7a",2.35815762119468
"Etfb",2.35795229847814
"Syt15",2.35776359271026
"Fbxo32",2.35773460984087
"LOC128099629",2.35746582452843
"Vsig2",2.35664346229389
"LOC128102332",2.3564240525686
"LOC128097133",2.35520200280313
"Ttc14",2.35474245966641
"Nme1",2.35470264305327
"Trim2",2.35452419168032
"Def6",2.35445765562372
"Myl9",2.35432228691074
"Rundc3b",2.35390395734617
"Scn7a",2.35177993867144
"Haao",2.35098632574182
"LOC128115869",2.35092650334563
"Pdxk",2.35085524190854
"Kansl2",2.34914161107244
"Slc25a14",2.348864292843
"Cfap70",2.34882234492055
"Scfd1",2.34795708573612
"Kiaa1217",2.34717951682168
"Zbtb6",2.34688355094262
"Fasn",2.34652870648145
"Traf6",2.34592547798115
"Rcn2",2.34576929189735
"Mcfd2",2.34527110170805
"Syp",2.34432815097686
"Dimt1",2.34424894925314
"Copz1",2.34406774008197
"Crebrf",2.34288624964489
"Stk24",2.34210156396352
"Brf2",2.34098043095755
"Timm10b",2.34021936729501
"Lax1",2.33989423547882
"Slc35a2",2.33922574474319
"Klhdc4",2.338725648455
"Deup1",2.33820483683018
"Ints5",2.33659603215134
"Baz1b",2.33649396842938
"Dkk3",2.33526260990323
"Rbis",2.3344804391448
"LOC128101358",2.33436878004659
"Arl4d",2.33402496223087
"Zmat5",2.33363696026073
"Rcan3",2.33265579652816
"Ccser1",2.33249814158554
"Pnpla1",2.33235815156579
"Hid1",2.33232120149169
"LOC128114910",2.33219278901562
"LOC128105574",2.33213758815151
"Ppbp",2.33158658111038
"Tmem135",2.33126199036337
"Il18r1",2.33123897467982
"Mtch2",2.33107907862996
"Pdha1",2.33095628431952
"Gpr160",2.33088118553942
"Smc2",2.33084482500151
"Slc38a6",2.3299764318985
"Slc35a5",2.32984847454342
"Spen",2.32836999441059
"Pglyrp1",2.32741268852025
"LOC128094779",2.32657076562407
"Lancl1",2.32654945154725
"Otud4",2.32653295541531
"Cnpy1",2.32641104255271
"Adi1",2.32615508076674
"Trim62",2.32564550422275
"LOC128095852",2.32557080837512
"Tmem120b",2.32533777007187
"Wdfy4",2.32491555919887
"Rwdd2b",2.32475933957529
"Spata17",2.3247070626518
"Nemp1",2.32403876294551
"Aff3",2.32401270063584
"Golph3l",2.32374542791667
"Rph3al",2.3236652874015
"Zc3h10",2.32283652026782
"Trim25",2.32230963485419
"Rae1",2.32020703376853
"Slc44a1",2.31983372376194
"Trappc10",2.31937375885804
"Cops2",2.31900701889363
"LOC128123049",2.31793818117516
"Dysf",2.31755972856256
"Tmem18",2.31624233130195
"Ift46",2.31608702807368
"Mtdh",2.31487694316815
"Otud6b",2.31475819940143
"Plppr4",2.31333283771884
"LOC128122694",2.3132403106289
"C1qbp",2.31299255026146
"Ephb2",2.31280924491769
"Msrb2",2.31208524455671
"Znf76",2.31144317942863
"LOC128101970",2.31111300152183
"LOC128110392",2.31090880556217
"LOC128097052",2.31073113017688
"Rpl10",2.31071011484097
"Vapa",2.3106578085245
"Arhgef1",2.31051821157112
"Hexa",2.31023512980193
"LOC128095791",2.31022011550338
"LOC128117462",2.31004755731228
"Enoph1",2.30985882522329
"Ccnk",2.30981387877085
"LOC128095341",2.30956215658615
"Znf280c",2.30925815795468
"Gtpbp8",2.30913762891039
"Efemp1",2.30807806725273
"LOC128104254",2.30800969850721
"Sulf2",2.30790148765437
"Mcm5",2.3068827876504
"Trak1",2.30680219643837
"LOC128121287",2.30666591807813
"Dhrs7c",2.30588407918702
"Rbm7",2.30546150256763
"Rfx3",2.30491993378239
"Dnajb4",2.30452762770779
"LOC128124890",2.30373241359173
"LOC128101164",2.30371084572257
"LOC128125299",2.30335566904414
"Rcan2",2.30284336416277
"CUNH2orf69",2.30265803576262
"Podnl1",2.30193610636287
"Maob",2.30165030168995
"Paqr3",2.30073226675544
"Pcyt1a",2.30030729532342
"Scamp5",2.30001670766068
"Crem",2.29957783575706
"Kcnrg",2.29929219779912
"Mon1b",2.2987886144407
"LOC128117784",2.29812705035596
"Atp6v0c",2.29797858643235
"Cdh22",2.29789985787346
"Dio3",2.29724408330076
"LOC128115850",2.29698632268441
"Grik3",2.29677798121497
"LOC128096759",2.29649787423017
"LOC128121916",2.2959171219928
"Myom3",2.29526267956993
"Noa1",2.29508482639747
"Gabarapl1",2.29327595514192
"Slc7a5",2.29291015229145
"Znf668",2.29265628399169
"LOC128120203",2.29211281614596
"Tigit",2.29210764140231
"Wt1",2.29189566057147
"Rab11fip1",2.29159180298553
"Siglec10",2.29149309085144
"Pgm5",2.29118914179083
"LOC128122146",2.29092010064226
"Enpep",2.29057084243247
"LOC128111728",2.290567884356
"Idh3g",2.29029555251265
"Hnrnpl",2.28932993466647
"Ly9",2.28923856690191
"Ackr2",2.28908265338815
"Mcat",2.28889192878012
"Polr1g",2.28863738338744
"Zyg11b",2.28801205490267
"LOC128106709",2.28789698146519
"Mrpl12",2.28666960889038
"Gart",2.2865768413336
"Dusp12",2.28646357839556
"Fam98b",2.28618685927184
"Elmo2",2.28605017720568
"Fam168b",2.28600328097034
"LOC128099096",2.28531329147737
"Tubb1",2.28493142066047
"Slc39a1",2.28483799065721
"Dbndd2",2.28429426122184
"Sdcbp2",2.28413360643943
"Il2rb",2.2829926323739
"Chadl",2.28287631026102
"LOC128110375",2.28271736323306
"Taf10",2.28245369539055
"Tf",2.28220558204237
"Phospho1",2.28209599717014
"Dtnb",2.28172974475718
"LOC128122157",2.28143669058546
"Leprot",2.28129846432733
"Rnase4",2.28125999258067
"Lrwd1",2.28118383450877
"Nuak2",2.2811560433123
"LOC128095241",2.2798218108146
"Tbc1d32",2.27946054792918
"Fosl2",2.27815085207302
"Dll4",2.27740047632875
"LOC128117634",2.27709927143364
"S100a1",2.27664378574455
"Arhgef7",2.27646340187673
"Il12rb1",2.2755290879981
"Znf467",2.27515975630383
"Brf1",2.2748449450119
"Tbx5",2.27470573043419
"Hilpda",2.27453376575151
"Pigh",2.27446389362589
"Raf1",2.27427334630457
"Acvr1b",2.27378968372765
"Copb2",2.27355370651946
"Arhgap5",2.27332103660647
"Mrpl49",2.2726337474871
"Cat",2.27235324814884
"LOC128112026",2.27196172487149
"Acad11",2.27115239529182
"Gnb2",2.27076762708302
"Tmem230",2.27055136421334
"Pawr",2.27045639777293
"Pak6",2.27036139589363
"Mrpl33",2.26904040062838
"Cul4a",2.26892335246714
"Atp13a4",2.26849034913558
"Rsf1",2.26837517633588
"Etnk1",2.26819261766246
"Rnf111",2.26794465686896
"Ak2",2.26750972088878
"Dusp5",2.26743061116297
"Slc30a1",2.26648391537327
"Gdpgp1",2.26632511927366
"Brd8",2.26616361471583
"Rab8b",2.26563957451579
"Efcab11",2.26559562479205
"Tal1",2.26539823411964
"LOC128093876",2.26520317382388
"Mrps14",2.26470770419992
"Bbs7",2.26342954347077
"Cited2",2.26338637237018
"Csf1r",2.26317161684182
"Man1a1",2.26293094381296
"Lama3",2.26205988041105
"Nell1",2.2612134229295
"LOC128113212",2.26080241290844
"Pitpnc1",2.2603971999385
"Ppp1r42",2.26026149051765
"Jade2",2.25981997712753
"Filip1",2.25918425683812
"Gfer",2.25916977807241
"C1qb",2.25892491917009
"Ptges3l",2.25876239428704
"Dnaaf10",2.2569618760672
"Srrd",2.25678081674675
"LOC128116838",2.25581952992022
"Sdccag8",2.25536425832504
"Vcp",2.25491299846233
"Phldb3",2.25477178052263
"Prpf4",2.25469273613385
"Taldo1",2.2546260385885
"Bambi",2.25426168553009
"Prune2",2.25370168184774
"Thap7",2.25334841405776
"Dio2",2.25316042287207
"Parp3",2.2531335199391
"LOC128110188",2.253050183427
"Klc2",2.25287247587028
"Pole4",2.25270201832762
"Tnfrsf13c",2.25232228616158
"Pdcd2",2.25134206765455
"Dusp1",2.25100003911419
"Myo1d",2.25087335657167
"LOC128114186",2.25066769476092
"Mid2",2.25024942029334
"LOC128098880",2.2481913809221
"Cilk1",2.24816261780861
"LOC128113647",2.24797556029742
"Rhoc",2.24794135012108
"Iqsec1",2.24682647483962
"LOC128110362",2.24630921114925
"Taf5",2.24620906720184
"LOC128115853",2.2446036014635
"LOC128100017",2.24387860067266
"LOC128109054",2.24372193984436
"Fbxl15",2.24347357609217
"Tarbp1",2.24338707085271
"Usp2",2.24332783052998
"Jrkl",2.2418108672656
"Tmed3",2.24145486051204
"Cav3",2.24125630098914
"LOC128104288",2.24052942877289
"Ptgr1",2.24046009572275
"LOC128114634",2.23962145828751
"Nmnat2",2.2394845467764
"Gtpbp10",2.23893971171182
"LOC128105242",2.23879402142346
"Igf1",2.23752738651636
"Deptor",2.23713306949279
"Aldh16a1",2.23689941293698
"Ankrd28",2.23669103151944
"Rsrc1",2.23631639605005
"Mapre2",2.23550930637152
"LOC128098062",2.23485139441853
"Hmgxb4",2.2342878384688
"Polr1a",2.23361494850884
"LOC128105003",2.23302650165551
"Ddx41",2.23202573358964
"Usp6nl",2.23195777050325
"LOC128104629",2.23192110569739
"Tmem106a",2.23173260152033
"Med18",2.2315675890875
"Shox2",2.23137579515663
"Ptger1",2.22990178985674
"Pik3ca",2.22972311011241
"Coro7",2.22967222400697
"Vcpip1",2.2295564481378
"Gpatch2",2.22954649378314
"CUNH4orf19",2.22937177064395
"LOC128116848",2.22881786452754
"Phf1",2.22866541110491
"Tmem43",2.22793940787646
"Atp6v1c2",2.22727356272702
"Calhm6",2.22707359612809
"LOC128110380",2.22707178650734
"Shld3",2.2267442793505
"LOC128099690",2.22572903046663
"Osgep",2.22557627285086
"Rnf19a",2.22556332034082
"Plp1",2.22542739973745
"Senp6",2.22457544426759
"Rbm20",2.22422833449649
"Znf641",2.22404053721642
"Gsn",2.22397850302708
"Dennd5a",2.22348348061092
"Cntrob",2.22278364050878
"LOC128097547",2.22267707748543
"CUNH19orf47",2.22245543440218
"Osbpl11",2.22218974006105
"Crppa",2.22074898635281
"Golgb1",2.22061963519006
"Aatf",2.21937503981733
"Txnip",2.2192896653326
"Cdh1",2.21899351547954
"Ghitm",2.2182533120526
"LOC128098693",2.21768505052389
"Ccdc150",2.21695662741793
"Taf4",2.21670735671074
"Samd4b",2.21657364839157
"Rab8a",2.21634518977843
"Trim9",2.21633371851604
"Iars1",2.21606360246097
"Sema4d",2.21578615575337
"Pcbp1",2.21547672870805
"Dync1li2",2.21534016706391
"Sh3yl1",2.21513978333344
"LOC128109495",2.2146856805408
"LOC128106190",2.21444072313594
"CUNH1orf216",2.21389337249488
"Galnt1",2.21376980392257
"Ndufs4",2.21260680401252
"Polr2j",2.21252822858595
"LOC128119854",2.21222989373014
"LOC128110705",2.21211062135922
"LOC128110464",2.21171307524936
"Shld1",2.21143374751207
"Gstm3",2.21096577542298
"Mettl27",2.21054141011762
"LOC128110627",2.2103422437765
"Xndc1n",2.21009618135306
"Fnbp1l",2.20927982623974
"Hsd17b7",2.20820206192232
"Atp6v1b2",2.20696741547516
"Cpb2",2.20687031444843
"Lin52",2.20640145704921
"Crls1",2.20639306305066
"Abce1",2.20617561963761
"Foxo4",2.20529839276005
"Sdc3",2.20522272679851
"LOC128120252",2.20398534182613
"Dhrs11",2.20385602191127
"Ahr",2.20359829047075
"Sms",2.20355481994654
"Tmod4",2.20306167124201
"Rad1",2.20290377104455
"LOC128110372",2.20247703020313
"Maml1",2.20240129864659
"Echdc3",2.20211073676209
"Ehd4",2.20134356793953
"Vnn1",2.20065944192729
"Zfpl1",2.20044749103376
"Sirt1",2.20040989499516
"LOC128119318",2.20026243918061
"Bcl9l",2.20016578719243
"Slc6a6",2.20009402825871
"Mocs2",2.2000330059118
"LOC128094805",2.19953336217296
"Lin7c",2.19881479490862
"Prickle2",2.19862210480661
"Dele1",2.19861643033876
"Dnm1",2.19843823307382
"Rtl6",2.19833293943521
"Ptrh1",2.19779346495708
"Cct8",2.19774516921216
"Pum1",2.19762856229122
"Fh",2.19715814050729
"Kif21a",2.19701185168013
"Olfml2a",2.19697313255109
"Ldb2",2.19639570443772
"Cd37",2.19613864768654
"Nepro",2.19603788435433
"Prpf4b",2.19532459793282
"Map3k14",2.19520854776025
"LOC128111128",2.19470327801393
"Trip6",2.19404445577532
"Uap1l1",2.19294626946804
"Tp53i13",2.19293730749642
"Slc66a2",2.19263259290469
"Ubald2",2.19191520771925
"Atp8b4",2.19109898568261
"LOC128111820",2.19102089466543
"Slc19a3",2.19096736970549
"Nenf",2.19080189218791
"Chst2",2.1905136938922
"Cilp",2.19019322522664
"Atxn7",2.18979510086321
"CUNH10orf67",2.18964868244133
"Ubap2",2.18911200604203
"Trappc12",2.18889843985573
"LOC128119932",2.18823921676711
"Rgs17",2.18753819045911
"Pc",2.18714368244513
"Znf397",2.18708551153039
"Nopchap1",2.18603406131421
"Pak1ip1",2.1859671496854
"Usp42",2.1858140379156
"Cep95",2.18581282098789
"Sys1",2.18497545715845
"Adh1c",2.18440853107408
"Arfip1",2.18425416565488
"Ank3",2.18403818745957
"Matn3",2.18396287011804
"Sart1",2.1834348984271
"LOC128114008",2.18342920930157
"LOC128107669",2.18341833238498
"Acvrl1",2.18223298641762
"Mrps16",2.18168583018275
"Pgam5",2.18082456942125
"Thbd",2.17949595326209
"LOC128105247",2.17933228136494
"Gid4",2.17841102056066
"LOC128111949",2.17797054423385
"Phf20l1",2.17744120389033
"Wdr13",2.17692995741709
"LOC128112867",2.1768473881831
"Otc",2.17684042749332
"Ackr3",2.17644917095754
"Ripor2",2.17624685839964
"Rab10",2.17577269620464
"Inpp5a",2.17556971089744
"LOC128118744",2.17538607740546
"Hddc3",2.17537272942751
"LOC128099581",2.17515528357479
"Rpl28",2.17506632449974
"Txndc15",2.17455551563157
"Shisa6",2.17454096413932
"Fgf1",2.17438738876136
"LOC128122328",2.17397679093753
"Lvrn",2.17367159614188
"Armc1",2.173549606505
"Prkca",2.17276250770695
"Snap25",2.17200402739875
"Dnaja3",2.17186703056044
"Ccm2",2.17139526645763
"LOC128093940",2.17131866076846
"Dnai7",2.17109464624376
"Tsfm",2.17077045427543
"LOC128110975",2.17038315454841
"Mtbp",2.16964332440526
"Etv6",2.16951029079859
"Carmil1",2.16884926259461
"Rer1",2.16844435535278
"Tmem98",2.16714952212001
"Srp68",2.16598438264526
"Stk38",2.16485737720441
"Znf446",2.16482400003097
"LOC128107510",2.16414339382162
"Tigar",2.16390293819866
"Prss53",2.1638485342766
"Ube2q1",2.16370901500907
"Mki67",2.16368673250891
"Aldoa",2.16341559403794
"Lcmt1",2.1633059922457
"LOC128119167",2.16325818477606
"Sacs",2.16298550819906
"Grb2",2.16290145451294
"Jcad",2.16219897631552
"LOC128095687",2.16206376267053
"Cntn2",2.1613498933548
"Il17b",2.16108281974982
"Gse1",2.16105681829743
"Galnt6",2.16065624687815
"Ift25",2.16059511448208
"LOC128112623",2.16034438666108
"Hivep1",2.16026355488881
"Eif4ebp2",2.15974639869942
"Bves",2.15936967157899
"Mpg",2.15874850852357
"Msl3",2.15838421968516
"Uprt",2.15815149665285
"LOC128103592",2.15812492661126
"Camlg",2.15787259232932
"Hnrnpc",2.15785813650169
"Lzts1",2.15725085606091
"Ell2",2.15651181428364
"Poc1b",2.15647582405287
"Myo10",2.15645258865339
"Smcr8",2.15598546307811
"Nadsyn1",2.15573307985038
"R3hdm4",2.15552578055032
"LOC128107197",2.15549256261033
"Wscd1",2.15537931238085
"LOC128107676",2.15398645720939
"LOC128094423",2.15322957486721
"LOC128111875",2.15307934432067
"Cd59",2.15257908680576
"Pla2g7",2.15174549593345
"Heatr4",2.15125629201484
"Ccnd1",2.15090481530665
"Icam4",2.15080509547837
"Mapk7",2.15061212340111
"Lbhd1",2.15051008745452
"Fam107a",2.1503072458348
"Bcas2",2.14978717226939
"Col4a6",2.14968130488234
"Atxn7l3",2.14939964776054
"LOC128122705",2.14939301882557
"LOC128105599",2.14913968839566
"Ankrd13d",2.14884471465035
"LOC128113198",2.14870719335422
"Stxbp4",2.14867209222268
"Ska1",2.14780822550809
"Cep120",2.14702584370398
"Supt16h",2.14685877485503
"Slc8a1",2.14657283413049
"Sertad2",2.14634658788846
"Kitlg",2.14557107749769
"Cftr",2.14502921094386
"Kiaa1549",2.14410653400109
"Dipk2a",2.14352761584621
"Tpd52",2.14331400118176
"LOC128106188",2.14319307738125
"Spag8",2.14261857736343
"LOC128094422",2.14157077701521
"Tlcd2",2.14120340635765
"LOC128099592",2.14086331837234
"Ggn",2.14049330530632
"LOC128094074",2.1404878919138
"LOC128099386",2.1402519504583
"Cadm2",2.13987618055763
"Tomm70",2.13964674970165
"Mib2",2.13883069491326
"Cul2",2.13836197399744
"Rgs3",2.13767087055272
"Atf3",2.13724507210714
"LOC128112471",2.13702296137534
"Rtel1",2.13687719794931
"Rassf4",2.1365755493376
"LOC128100114",2.13545490405342
"LOC128101205",2.13512970669419
"Fam53a",2.13509099998245
"Znf536",2.13492117288004
"Sox13",2.13473367087489
"Zscan12",2.13454895995249
"Cdh3",2.13369611728749
"Map4",2.13317508503323
"Brd1",2.13285628127166
"Kif5b",2.13272441147545
"Bmpr1a",2.13248796081323
"Afmid",2.13238440440736
"Pkd2",2.13203577059699
"Zbtb2",2.1318578353334
"LOC128094625",2.13150752193411
"Rwdd3",2.13141291321564
"Ptp4a2",2.13082443333814
"Lyrm4",2.13042993597126
"Zgrf1",2.13006610735108
"LOC128103869",2.1293787679921
"LOC128112481",2.12879967975344
"LOC128104743",2.12855808631295
"Gsg1l",2.12838955249873
"Rrp1",2.12813792012247
"LOC128114248",2.12796064472965
"Was",2.12775586077231
"Rcan1",2.12751389318174
"LOC128094432",2.12740784911963
"LOC128119995",2.12673310611237
"Ninl",2.12658404888939
"Tle3",2.12646266565173
"Ccnj",2.12628433844549
"Ubtf",2.12623326916439
"Map2k6",2.1258404267477
"Mios",2.12523119155287
"Gnb4",2.12505560702077
"Lman1",2.12467910869723
"Tbc1d2b",2.1245686413195
"Ppp1r14b",2.1244674959681
"Nsun5",2.12437628579232
"LOC128110079",2.12434047138043
"Sin3a",2.12430615032702
"LOC128122539",2.12425750539718
"Smad4",2.12357871400762
"Srgap2",2.12305324680988
"LOC128125345",2.1222961406394
"Dtwd2",2.12228143021018
"Zeb1",2.12200451851539
"Atf1",2.12192506520918
"LOC128123481",2.12117020153278
"Ocrl",2.12106024782555
"Tnfaip2",2.12095566678249
"Fth1",2.12071210357894
"Kctd3",2.11989178892266
"Pdgfa",2.11983361429015
"LOC128097967",2.11944362113777
"Acbd3",2.11937066239916
"Cd27",2.11906028085298
"Tmem41a",2.11801959328203
"Top3a",2.11771637433553
"Muc16",2.11765937208675
"Col4a2",2.11746076235314
"Nup188",2.11741431168043
"Kynu",2.11685437788397
"Lpp",2.11660336060134
"Cul1",2.11606982212515
"Ggh",2.115704107038
"LOC128097779",2.11392952624291
"Lpgat1",2.11266547488487
"Smad1",2.11242161907677
"Syne4",2.11226525338115
"Rnf130",2.11201197507548
"LOC128099638",2.11176030374053
"Itgb1bp1",2.11171797029502
"Znf787",2.11157365435672
"Sra1",2.11038265481421
"Lrrcc1",2.11034105615302
"Mkrn2",2.11021914297287
"Ncln",2.10965335678753
"Rad23b",2.10958670975447
"Hes2",2.10869941845732
"LOC128107124",2.10863536033842
"Yaf2",2.10855257748141
"Kiaa1328",2.10818298993309
"Ccdc148",2.10791411860625
"Fcer2",2.10731440556405
"Tie1",2.1071957146301
"Map9",2.10694489616637
"Nisch",2.10679619186292
"Nol8",2.10668454727154
"Cacnb2",2.10650930657528
"Nsa2",2.10627407784066
"Trim41",2.10626836628431
"Jak1",2.10613625565861
"Fam47e",2.10350700071317
"Tut7",2.10284632436842
"Id3",2.10280632108857
"Hipk1",2.1027171721188
"Tm4sf19",2.10262413328026
"Ddx10",2.10251793765285
"Snx13",2.10173009026596
"LOC128112083",2.1013644614408
"Aspscr1",2.10127885914762
"Pdk4",2.10118475888075
"Rhpn1",2.10107932607393
"Rgl2",2.10069776240043
"Grin2a",2.10067199941552
"Commd9",2.10059683355436
"Rps24",2.10036350257987
"Vdac1",2.10000760111435
"LOC128114487",2.09986624554265
"LOC128098688",2.09967237525743
"Znf24",2.09953261519821
"Rictor",2.09900711331378
"Bptf",2.09896589837783
"Aar2",2.0989623538441
"Ccdc77",2.09890713688859
"LOC128115603",2.09824372361446
"Ccl24",2.09810161284039
"Isy1",2.0979182171366
"Slc35b2",2.09730140298022
"Ccng1",2.09710908994379
"LOC128120791",2.09647620752395
"Ptprb",2.09621964312359
"Hap1",2.0962027214667
"Sirt6",2.0960595936793
"Kcnq5",2.09537443256614
"Prcd",2.09475147290054
"Pbrm1",2.09472628011281
"Spag6",2.09454357766548
"Sf3a2",2.09448294606981
"Rbms3",2.09436489928657
"Ntmt1",2.09434643404673
"Pik3r4",2.09389718924211
"Trim47",2.093237839747
"Ddrgk1",2.09279769559871
"Thap11",2.09251949090735
"Ankrd37",2.09240488499064
"LOC128111017",2.0920322663596
"Sptbn1",2.09199093677253
"Tacr2",2.09198138153652
"Ctxnd1",2.09197733239626
"LOC128104591",2.09173826687241
"Tsnax",2.09132075018097
"Gng14",2.0906274084522
"Atxn7l1",2.09025829148143
"LOC128101749",2.09020586196965
"Gmcl1",2.08944616770535
"Syngap1",2.08869663755301
"Msmb",2.08862049835262
"Znf282",2.08843238384008
"Tbc1d7",2.08806971485317
"LOC128105684",2.08788159855609
"Afdn",2.08709057699096
"Hsd17b13",2.0869648683549
"Dolk",2.08644582589384
"Rnase10",2.08643325714872
"Dcp2",2.08625715740182
"Smarce1",2.0861210474937
"Ndufv2",2.08588607716295
"Ppp3cc",2.08552854295001
"Cep152",2.08549196783142
"LOC128119735",2.0849305965455
"Trnau1ap",2.08426585743416
"Col15a1",2.0833412343947
"Cd14",2.0800227450274
"F13a1",2.07922950457333
"LOC128110365",2.07876544679966
"Alb",2.07835969303011
"Ahcyl1",2.07823266253495
"Piga",2.07772875214712
"LOC128105250",2.07688762870643
"Znf827",2.07618399379988
"LOC128094785",2.07614749852734
"Mreg",2.07610629150707
"Il17rb",2.07609550153099
"Fmo4",2.07587643562852
"Adipor2",2.07578620251378
"LOC128106334",2.07530868589077
"Nudt3",2.0752057100473
"Metap1",2.0751397604833
"Igf1r",2.07447548366312
"Sik2",2.07420078789739
"Eif4a2",2.07411574858016
"Adcyap1r1",2.07387388207892
"Ywhae",2.07324142102529
"Nek6",2.07319284822364
"Hspb6",2.07223439890021
"LOC128094555",2.07192414855008
"Pdlim1",2.07055730404369
"Scin",2.07046680082604
"LOC128096846",2.07024098199311
"Aldh6a1",2.07015533692686
"Cul4b",2.07003991771485
"Herc4",2.07002857377513
"LOC128109096",2.06991546968741
"Txndc5",2.06983944952739
"Clcn2",2.06967144371455
"Niban2",2.06957119346073
"Hdac1",2.06898745673652
"LOC128119183",2.06889219458918
"Spred2",2.06772694249648
"Pmepa1",2.06732263735471
"LOC128106264",2.06689933670931
"Col14a1",2.06688982489407
"Patj",2.06682756124291
"Ccdc191",2.06668114805915
"Zyx",2.06663513036552
"LOC128102990",2.06613619476396
"CUNH18orf54",2.06598758001746
"F8",2.06575056592072
"Znf329",2.06568408581001
"Ikbke",2.06538907994603
"LOC128103324",2.06500238585838
"Atm",2.06477054663542
"Xrcc6",2.06476355940026
"Hnrnph1",2.06474276510005
"Mosmo",2.06450301792959
"LOC128112303",2.0644716975413
"Tmem163",2.06400814852943
"Ang",2.06346461300803
"Nox4",2.06344503791098
"Rgs2",2.06312183736712
"Slc25a46",2.06295887077156
"Cdh13",2.06178178891911
"Nkx2-1",2.06174250521464
"Pfkfb3",2.06142651439303
"Zgpat",2.0609325090403
"Tbc1d22b",2.0606440503638
"Znf143",2.06025316453713
"Dtx3l",2.06011610806527
"Impdh1",2.05947908789756
"LOC128110458",2.05900711697152
"LOC128112585",2.05862697369039
"Pfdn5",2.05787222068606
"Myo6",2.05699535133576
"Kmt2b",2.05658309040114
"Exoc6",2.05648057229586
"LOC128096663",2.05613669138316
"Treml4",2.05586290581193
"Wdr53",2.05573020585085
"LOC128115619",2.05519777496686
"LOC128112298",2.05519507017582
"Prkd1",2.05422027525743
"LOC128118784",2.05380819122726
"LOC128102649",2.0524830513344
"Pdzd4",2.05190960507306
"Slit2",2.05187025054689
"Phex",2.05174378533164
"Atox1",2.05141852792117
"Ldlrad1",2.05083099406949
"LOC128114686",2.05072385615421
"LOC128104492",2.05023015803686
"Slf1",2.04930487744951
"Rnf20",2.04925532968182
"Dmrta1",2.04911969395483
"Guca1anb",2.0487550836721
"Rtbdn",2.04873742922176
"Tnfrsf12a",2.04783358272566
"Svip",2.04758727359499
"Fubp1",2.04743760553255
"Trim33",2.04588680393067
"Foxp4",2.04409399805033
"Slc16a10",2.04409013530331
"Mdga1",2.04394506441145
"LOC128125759",2.04384151321836
"Ndfip1",2.04367264045796
"Brwd1",2.04273802325324
"LOC128099396",2.04261895339678
"Slc5a11",2.04248672146811
"Papss1",2.04214880812398
"Acp2",2.04202452443963
"Msi1",2.04126184071491
"Hmces",2.04114888234706
"Dock11",2.03997995616275
"Zscan29",2.03973900429891
"Paox",2.03886001949942
"LOC128125293",2.0387606190329
"Gon7",2.03805601916443
"Lrch4",2.0377736659212
"LOC128111463",2.03761958658601
"Polr1b",2.03750301033086
"Tff1",2.03659405386048
"LOC128097735",2.03628157898141
"LOC128099654",2.03607329785507
"LOC128094651",2.03607092362292
"LOC128095539",2.03567923000297
"Alg14",2.03488554539656
"Ctxn1",2.03433947607873
"LOC128113533",2.03427031679609
"Rdh12",2.03406801568391
"Ipo11",2.03174366330321
"LOC128096851",2.03157953451985
"Cmtm3",2.03151456288538
"Washc3",2.03135849145973
"Trappc3",2.03127340540652
"Ube2j2",2.03121565803536
"Tubb6",2.03106598007799
"Rgs11",2.03087441229055
"Rnf44",2.02987401604755
"Dek",2.02949305333758
"Mbnl1",2.02941455466026
"Map3k13",2.0290608311835
"Ipo8",2.02703606093931
"Cir1",2.02687554150646
"Cep170",2.02675368791559
"Rbpms2",2.02648098657329
"Lmo7",2.02590462027914
"LOC128099608",2.02514101818928
"LOC128112831",2.02506219097512
"Phkb",2.0249831814538
"Trappc5",2.02487953993858
"Sdsl",2.02483953601739
"Cdk15",2.02468148475437
"Rnf125",2.0245766087138
"Reck",2.02400318616098
"Rnf217",2.02376686789833
"Atp6v0b",2.02340533949295
"LOC128122490",2.02338377801343
"LOC128098703",2.02286441094458
"Lhfpl4",2.0228531470599
"Klhl38",2.0226230394176
"Cdv3",2.02257338345617
"Nmb",2.02246384859472
"Rps10",2.02244453205985
"Per2",2.02226445602657
"Fam114a1",2.02159455730476
"Tnc",2.02067819719901
"Mrpl2",2.01978082784586
"Cadm3",2.01934793094161
"Hsf2",2.01898008218578
"Inpp4a",2.01889863803191
"LOC128117025",2.01867942414153
"Ube2d4",2.01846714152509
"Bik",2.01760571550806
"Sash1",2.0175512191141
"LOC128107408",2.0173725785066
"Dctn6",2.01735298165912
"Sirt4",2.01672762273853
"Ptgfr",2.01614134809243
"Fos",2.01584495326336
"Rps15",2.01554341962666
"Frg1",2.01536931646375
"Kif13b",2.01432203082072
"Ddias",2.01387758549935
"Mmrn2",2.01294622320186
"Marf1",2.01260181865059
"Ahrr",2.01206651030854
"Glud1",2.01177116563729
"Naaladl2",2.01095992913524
"Atad2",2.01091132820967
"LOC128122978",2.01090390787363
"Atp5f1e",2.00973900105139
"Llgl2",2.00876324406064
"Syvn1",2.00875933335194
"LOC128115200",2.00824515777494
"Rab1b",2.00811681325627
"Gins3",2.00785028470792
"LOC128102931",2.00778875720441
"Rpl27a",2.00768226887206
"Abtb1",2.00755586885505
"LOC128099501",2.00749481427401
"Rpl7",2.00746146238346
"LOC128099682",2.0073906063826
"Il17rd",2.00735836292029
"Sac3d1",2.00729295323347
"Ing1",2.00720976183019
"Srm",2.00681197871138
"Mvb12b",2.00525122084429
"Ywhaz",2.00513048379001
"Dazap2",2.00495333373749
"Ptcd2",2.00479610024404
"Foxp2",2.00469486913338
"Serinc4",2.0044922405631
"Parp6",2.0044053727325
"Adamts4",2.00413620106523
"Ldlrad4",2.00409893155956
"Mal2",2.00403792717998
"Rcl1",2.00392934073457
"Adamts7",2.00381207841457
"LOC128105143",2.00368910004798
"Celf2",2.00367283144787
"Krt19",2.00325124622308
"Ddah1",2.00177644019236
"Tbl1xr1",2.00177280703051
"Nrcam",2.00152793187583
"LOC128119743",2.00145470369677
"B9d1",2.00141676421044
"Cep97",2.00063001829707
"Afap1l2",2.00048208519034
"Samhd1",2.00016436808492
"Guf1",1.99989106676357
"LOC128112054",1.99987138511141
"LOC128108734",1.99984797795197
"Usp16",1.9995497636876
"LOC128125448",1.99942019352714
"Wnt3a",1.99934263159097
"LOC128094504",1.99903494767193
"LOC128103721",1.99681034808371
"Upk3b",1.9967569711953
"LOC128115613",1.99650799815496
"Cdh15",1.99550227530934
"Sh3kbp1",1.99549444182138
"Kdm4b",1.99508654688272
"Dnajc10",1.99465032187335
"Cdc23",1.993840727297
"Med12",1.99347662777639
"Cmss1",1.99321862006065
"Camk2n1",1.99260594649484
"Fstl1",1.99248244664544
"Ivd",1.99216089815078
"Kifc1",1.99187138489685
"Bud13",1.99154077777667
"Rabepk",1.99134455968521
"Pcm1",1.99132529457006
"Pkig",1.99011729784027
"Setbp1",1.9900356281123
"Sat2",1.98982238327581
"LOC128111872",1.98942866555246
"Tagln3",1.98913028104954
"Odad3",1.98865843879491
"Ptgir",1.98847087452823
"Slc25a36",1.98836964585547
"Renbp",1.98827902775314
"LOC128109593",1.98758599209758
"CUNH12orf4",1.98720671261629
"Hps5",1.986792167516
"Psenen",1.98656579490407
"Znf704",1.98655680751753
"Sowahb",1.98615099939959
"Ahsa1",1.98592273415041
"Cxcl12",1.98559459948773
"Rgl3",1.9852547443471
"Dnajc28",1.98524779711608
"Tm7sf3",1.98461624491683
"LOC128111265",1.98440781612926
"Bcorl1",1.98438458696164
"LOC128122197",1.98436471318511
"Slc22a17",1.98418143131981
"Gtf2h5",1.98408662879671
"Lrrc4b",1.98402877651948
"Paf1",1.98372680574172
"LOC128113378",1.98354272981833
"LOC128109749",1.98352566753717
"Slc18b1",1.98345826116728
"Oga",1.98303608495349
"Ercc2",1.98277081668745
"Entrep3",1.9826235941515
"Pelo",1.98209221245673
"LOC128096319",1.98120688800557
"Ikzf3",1.98053742133273
"LOC128109678",1.9803260438589
"CUNH19orf53",1.97976504019827
"Ager",1.97975861355812
"B9d2",1.9796760180932
"Spire1",1.97903154064142
"Zbp1",1.97860860507315
"Ppp3r1",1.97856046377781
"Atp5mk",1.978295211296
"Tafa2",1.97807564631424
"Tcf7l2",1.97760385564625
"LOC128103309",1.97729206568591
"LOC128098064",1.97723876237415
"LOC128125281",1.97666473963079
"Man2a1",1.97657856045553
"Spty2d1",1.97651041393613
"LOC128104841",1.97639357729003
"Ubxn1",1.97601604148668
"Znf474",1.97587826313662
"Pdzk1ip1",1.9758379277193
"Atad2b",1.97564098717866
"Fblim1",1.97560517405045
"Tmem177",1.9746654993409
"LOC128104665",1.97409944257907
"Mad2l2",1.97384942891103
"LOC128112531",1.9735844681563
"Eno1",1.9732051031503
"Cpm",1.97239725021861
"Ublcp1",1.97208433612238
"Map7d3",1.97174772417724
"Ccdc9b",1.97166665390346
"Chkb",1.97129019216357
"Tm9sf3",1.97126181278685
"LOC128101098",1.97112796071525
"LOC128107725",1.97095580682801
"LOC128114257",1.97034628120232
"Eeig2",1.97021274764073
"Spred1",1.96963405629752
"LOC128102162",1.96952856355941
"Mcts1",1.96926249448987
"Rigi",1.96906895933782
"Pop5",1.96746695246919
"Ddo",1.96718269825424
"Chka",1.96685727049824
"LOC128119654",1.96652600310047
"LOC128119182",1.96607042899499
"Icam5",1.96605211520617
"Yme1l1",1.96602891813144
"Rpl36",1.96601484457632
"Obsl1",1.96572340470448
"Klf2",1.96525731022455
"Znf207",1.9651903629531
"Smim41",1.96491088444714
"LOC128115855",1.96478108692989
"Fxr1",1.96475227808804
"Slc39a6",1.96448274900058
"Rabgef1",1.96372494122601
"Sowaha",1.96260796906468
"Bax",1.9623027199293
"Ing3",1.96217192300889
"Tomm5",1.96151701287305
"Orm1",1.96146588754237
"Tvp23c",1.96136504146163
"Lair1",1.96124730235407
"Tead4",1.9612069057799
"Gatd1",1.96115837321991
"Ndufaf3",1.96111320905363
"LOC128098057",1.96089531711436
"Psmd6",1.96052905086554
"Bin2",1.96042543805395
"Cd72",1.96016010496308
"Rex1bd",1.96010073549282
"Zc3h7a",1.95959080119061
"Eif2d",1.95944361192046
"Angptl7",1.95914864272124
"Trim3",1.95882277160073
"Smtn",1.95867697683561
"LOC128108812",1.95847696378736
"Nup85",1.9584330727386
"Sfrp5",1.95770973756435
"Raver2",1.95741949540029
"Erbb3",1.95741583966296
"Rac3",1.95720258024431
"Afg3l2",1.95646615610317
"Map3k9",1.95623932780419
"LOC128108436",1.95556152302546
"Arhgap6",1.95513706246666
"Slc16a5",1.95426129824328
"Ifnar2",1.95419214705045
"Depp1",1.95416554104774
"Smim29",1.95335912379482
"Rasal2",1.95321610391087
"Aga",1.95318970437953
"Tmem100",1.95290307154669
"Cdca3",1.95228729498229
"Ppp2r1b",1.95209684030089
"Sptbn5",1.95198250886374
"Gorasp1",1.95174281175958
"Mul1",1.95141429856989
"Rap1gds1",1.95052479191385
"Tmc6",1.95037505619651
"Atg2a",1.94959205263026
"Gmfg",1.9492821011962
"Ppp5c",1.94914767625463
"Kcnip4",1.94910174476633
"Nab2",1.94866768389267
"Kifc3",1.9482835350462
"Pou6f1",1.9474329392085
"Mrc1",1.94665250137702
"LOC128102064",1.9466061418335
"Adam12",1.9466004190995
"Zbtb4",1.94645315025905
"LOC128099639",1.94620150755069
"Edn1",1.94617869705525
"Epb41l2",1.94523350464821
"Esm1",1.94522264937929
"LOC128119141",1.94500914799144
"Cabcoco1",1.94485680191084
"Lman2l",1.94468016963963
"Gal3st2",1.94440914717932
"Camsap2",1.94417391736842
"Fdxr",1.94350931188449
"Kiaa1755",1.94307521300962
"Tcf7",1.94292907360076
"Hook1",1.94286373190796
"Osmr",1.94249493964786
"Swsap1",1.94166294800034
"Hps4",1.94106488801389
"Hnrnpk",1.94102381985764
"Rbm15b",1.94067619189003
"Cdc42bpb",1.94006003274491
"Cacna1f",1.9400234668208
"Chst14",1.93998166104474
"Spg11",1.93982326097415
"LOC128115505",1.93974483555101
"Wdr6",1.93963196238679
"LOC128110766",1.93946564713321
"Orai2",1.93919033711614
"CUNH12orf56",1.93916876677399
"LOC128125608",1.93909115335949
"Ccnt1",1.93909108099624
"Pacs1",1.93885259853139
"Bud23",1.93884325994677
"Fbxw7",1.93870550090522
"LOC128101366",1.93856966191351
"Hcfc1r1",1.93819650623297
"Mtmr9",1.93805583528495
"Tg",1.93763807531609
"Terf1",1.93737500039507
"LOC128103809",1.93530833949475
"Rdh5",1.93488545194437
"Smchd1",1.9343611399314
"Acsl4",1.93409411510085
"Ptpn23",1.93383242388329
"Rabep1",1.93380542455629
"LOC128125103",1.93375553615829
"CUNH2orf42",1.93350151820772
"Dpf1",1.93314335671793
"Hmgn1",1.93310168098416
"LOC128105033",1.93294338843942
"LOC128104719",1.9327330315048
"LOC128104172",1.9317310357345
"LOC128106435",1.9312657650519
"Arrdc4",1.93079907187988
"Calb2",1.93069143629435
"Ccdc137",1.92951493535917
"Trip12",1.92928320274778
"Klhl41",1.9292262751624
"Nrbp2",1.92889154225262
"LOC128114055",1.92874542767603
"LOC128125741",1.92850896030724
"LOC128105795",1.92794319446822
"Pkhd1l1",1.92793688135654
"Lnpk",1.92673912264005
"LOC128096818",1.92659906044603
"Sstr5",1.92642399915329
"LOC128100403",1.92641407156361
"LOC128125690",1.92626321215565
"LOC128104692",1.92618326713482
"LOC128118153",1.92583735925586
"G3bp2",1.92580520899789
"Ubxn2b",1.92524294691032
"LOC128103428",1.92516275178888
"Nol10",1.92486731715593
"Traf7",1.92471567866893
"Rac1",1.9243410208635
"Rufy3",1.92427277121947
"Brwd3",1.92420154516522
"Itga1",1.92334892313487
"Gnl3",1.92319146495173
"Prkcsh",1.92262004216614
"Mtpap",1.92244766055393
"Aldh9a1",1.92202494351829
"Kcna2",1.9207604038209
"Syt1",1.92058976714399
"Ca2",1.92038163880012
"Gnl1",1.92017520010896
"Pard3",1.9201748201765
"LOC128107854",1.91964512317119
"Traf3ip1",1.91957732915619
"Vstm2l",1.91923737668073
"Slc25a16",1.91840555547898
"Atp12a",1.9182660546786
"Elac1",1.91749731695994
"LOC128124265",1.91746552775981
"Prps1",1.91687878567512
"Sh2b1",1.91683785116405
"Ergic1",1.91674870697234
"Ttc32",1.91622531346751
"Cldn4",1.91600219975212
"Amn1",1.91586926004108
"Sbspon",1.91583471940506
"Ptms",1.91563909609631
"Plcd1",1.91523128556629
"Atp6v0e1",1.91482872328356
"Asb11",1.914594007168
"CUNH11orf96",1.91454350570469
"LOC128113447",1.91446933580875
"Inava",1.91419846797258
"Dnajc15",1.91360947903007
"Ndufab1",1.913479018054
"Mybbp1a",1.91310341644176
"Capzb",1.91310151909885
"LOC128119811",1.91283386577441
"Trmt5",1.91266233144073
"Mus81",1.91252980174251
"Zdhhc15",1.9121227966741
"Apex2",1.91209840873335
"Dusp6",1.91191375805357
"Pank2",1.91179461361027
"Nfyc",1.91173499310928
"Kat6b",1.91126832216889
"Tppp2",1.91121445110804
"Rnf227",1.91121430403527
"LOC128120683",1.91119641340797
"Gas1",1.91098079531519
"LOC128115525",1.91053659569673
"Lsm3",1.91044344985429
"LOC128096690",1.91036755575027
"Bzw2",1.91013999495662
"LOC128099626",1.90957893808348
"Adra1b",1.90953797733484
"Fbxo6",1.90911640608307
"Hsdl2",1.90907725087383
"Fastkd5",1.9086003733593
"Atp2a2",1.90849612552329
"Btg1",1.90833961874222
"Zcchc24",1.90814914345843
"Pcbp2",1.90813240311073
"Znf526",1.90801283748746
"Ambra1",1.90772022731196
"Mrpl19",1.90767708712791
"Wipi1",1.9076716609895
"Csf1",1.90730629804913
"Gnat3",1.90711937602194
"Mto1",1.90693850161816
"Gps1",1.90677859469803
"Cep290",1.90621674701629
"LOC128101780",1.90604008533305
"Retreg1",1.90543520909873
"Bmf",1.90473228678523
"Tmub2",1.90458722879063
"LOC128111946",1.90406212669241
"Osbpl7",1.90399147765214
"Armcx1",1.90370518256101
"LOC128113011",1.90352540532509
"Luc7l2",1.90326099889533
"Rbm47",1.9023568308101
"Lyrm7",1.90226395331415
"LOC128093941",1.90194326298438
"Fads6",1.90133777700222
"Ripk3",1.90088670056702
"Babam2",1.89991783331497
"Dynlrb1",1.89990628212584
"Ube3c",1.89980430520738
"Nr2f6",1.89899938859917
"Bclaf3",1.89854254818963
"Znf449",1.89807572595016
"Cfap36",1.89797045637403
"LOC128110407",1.8977915246111
"Mbip",1.89737420670817
"Stx3",1.89717411414296
"Rad51b",1.89707202898115
"Ccdc88a",1.89680433840431
"Nol11",1.89656753729672
"Tmem144",1.89641707249129
"LOC128109414",1.89632582467755
"Usp12",1.89564977407378
"Usp25",1.89526717137738
"Tsga10",1.89526496796594
"Smim19",1.89453928945122
"Znf503",1.89433079523018
"LOC128094822",1.89415941195185
"Npr1",1.89413613812444
"Scaper",1.89407518069929
"LOC128109110",1.8938865667628
"Gpn3",1.89381212959286
"Dock9",1.89273746837007
"LOC128115493",1.89259604278741
"Adamtsl1",1.89204889909531
"Tamalin",1.89198821595312
"LOC128096451",1.89172356288658
"Greb1l",1.89169163871108
"Aamdc",1.89101766834305
"Nkpd1",1.89086610688119
"Arfrp1",1.89079339833844
"Top3b",1.89069352635133
"LOC128121252",1.89066538167858
"Phc1",1.89002955418492
"Nt5c2",1.88967698850028
"Ndufb4",1.88955486368662
"Fes",1.88920772561295
"Smim13",1.88871765311847
"Bckdhb",1.88867345854356
"Mcrs1",1.8883445374451
"Adam19",1.88822501686956
"Srsf3",1.88698561282524
"LOC128098892",1.88692917370816
"Bst1",1.88607632963807
"Crispld1",1.88551827106779
"Kctd20",1.8851662161793
"Gja5",1.88503943092167
"Ndufb8",1.88479296094603
"LOC128094268",1.8837859322357
"Tnfrsf19",1.88311093990508
"Sfxn3",1.88281612541559
"Lta",1.88267050584434
"Spry4",1.88221331180786
"LOC128097546",1.88181977853605
"LOC128122883",1.88137385268211
"Shoc2",1.88126403895674
"Bdnf",1.88117153690575
"LOC128125745",1.8805277417324
"LOC128122314",1.88049028567344
"LOC128122797",1.87899212370834
"Mtg1",1.87898370837694
"Esyt3",1.87838544195551
"Vipas39",1.87831795104635
"Irag2",1.87782947645509
"Selplg",1.87777853855154
"LOC128117770",1.87761807239713
"Klc3",1.87691151684435
"LOC128125242",1.87691069596643
"Gpr137c",1.87676998026373
"Ctdp1",1.87589611098615
"LOC128099630",1.87558825498298
"Gjb1",1.87444786899843
"Sinhcaf",1.87407772360748
"Gnpda1",1.87403676035956
"LOC128103224",1.87390790134576
"LOC128116577",1.87348462294113
"Rasgrp2",1.87279762087525
"LOC128120228",1.87277005758788
"Me1",1.87273641496474
"Pygm",1.87247087891131
"Ttn",1.87240072452007
"Cdk7",1.87184307724242
"Slc26a8",1.8717603389368
"Epn3",1.87157662167659
"CUNH7orf57",1.87077702274704
"Pkmyt1",1.87069844931313
"Hpx",1.87024157741236
"LOC128103474",1.8699296559096
"Fat4",1.86985118387234
"LOC128116518",1.8697208900664
"LOC128103329",1.86944179199554
"Tnfrsf17",1.86943755420411
"LOC128116740",1.86906355448416
"Wac",1.86872069306525
"LOC128099640",1.86860607392544
"Lyve1",1.86857045124536
"Ak8",1.86838431316205
"LOC128104496",1.86731781072629
"Setdb2",1.86693938444458
"Gdap2",1.86693039031989
"Tubgcp2",1.86660741689554
"Mtrf1l",1.86654380118149
"Skic3",1.86622532799721
"Lzts3",1.86537782485666
"LOC128108694",1.86515000723642
"Heg1",1.86502575029908
"Slc25a44",1.86488863565943
"Ptprd",1.86472275339358
"LOC128123219",1.86443430278354
"Rpl12",1.86431216540339
"LOC128112441",1.86422976292614
"Col5a3",1.86397467231119
"Ushbp1",1.86380953510985
"B4galt7",1.86311792070361
"Rhobtb1",1.8630901504395
"Flna",1.86290501597377
"Samd11",1.86195064552198
"Mapk1",1.86191018548886
"Dok2",1.86180593521546
"Pram1",1.8617316755507
"Cdc37l1",1.86165218784267
"Tlnrd1",1.86162986779509
"Retreg3",1.86146165190131
"Serping1",1.86113569037669
"Hic1",1.86100353817283
"LOC128097371",1.86089803445779
"Kmt5c",1.86077108671603
"Il1a",1.8605816145522
"Tollip",1.86027446906884
"Traf1",1.85927375746697
"Fam13c",1.85925765607805
"Luzp1",1.85916658051027
"Ecd",1.85868215878241
"Btbd9",1.85831164297971
"Vasn",1.85794025192082
"Arhgef37",1.85746498116754
"Cdc42ep5",1.85704222518555
"LOC128107481",1.85688585941351
"Tcirg1",1.85649459133952
"Fam76a",1.85643942331635
"Dnajc13",1.85568276229781
"Hk2",1.85532723791738
"Exph5",1.85507951183413
"Dcun1d4",1.85421556281963
"Mrgprf",1.85378090738079
"Sesn2",1.85375780931193
"Mrps17",1.85354112603609
"Fbxl22",1.85300261611556
"Tube1",1.85297902365203
"Hkdc1",1.85273631237541
"Pno1",1.85265811137634
"Sgk1",1.85260600187877
"Nr1h4",1.8525786518277
"Lrrc1",1.85227021343343
"Ptpn6",1.85222304409261
"Zbtb16",1.85215906003866
"Mettl24",1.85196306862769
"Vstm4",1.85194166188429
"LOC128097354",1.85157699629998
"LOC128110546",1.85139277706054
"Xpo4",1.85080539867579
"Phactr1",1.85059631143046
"Inafm2",1.84987385741706
"Zzz3",1.84958393986258
"Eef1a2",1.84956437081091
"Znf219",1.84939361980296
"Tspyl1",1.84861952701317
"Hlcs",1.84828835452845
"LOC128099883",1.84761796398071
"Wnt5b",1.8475272773499
"LOC128099403",1.84739544122813
"Tmem164",1.8473286613573
"Dse",1.84684675174929
"LOC128115724",1.84674803331849
"Rabl2b",1.84671991017528
"Ift172",1.84663462035537
"Hes1",1.84565908426721
"Pdpk1",1.84561802703524
"Pik3cg",1.84508401801778
"LOC128116025",1.8446365416691
"Baz1a",1.84462795443043
"Glrx",1.84459033776177
"CUNH6orf120",1.84410712775528
"Rnf168",1.84406674322892
"Tmem41b",1.84361110317765
"Lrp1",1.84334665889601
"Gpr174",1.84333321786582
"Setd3",1.84326679731337
"Kiaa0319",1.84315341745481
"LOC128122413",1.84244849634934
"Tbc1d25",1.84238023751472
"Znf324",1.84172623084973
"Pccb",1.84153184529652
"Frmd8",1.84134825195696
"Zbtb46",1.8411917055663
"Dnah9",1.84118091532334
"Nek9",1.84110620647379
"LOC128118994",1.84108229558475
"Nup42",1.84073460241858
"CUNH8orf48",1.84071005880125
"Trib1",1.84041445741762
"Psmb7",1.83966991218024
"LOC128095190",1.83948070431175
"Pdlim2",1.83902475580662
"Arhgef17",1.83874810443446
"Vps29",1.8383574593054
"Pifo",1.8382797447901
"Tmem53",1.83820199254866
"Igbp1",1.83812550945426
"Dnajc1",1.83776502510008
"LOC128095666",1.83773840223562
"Capn15",1.83733925935023
"Pex10",1.83695207052651
"Mospd3",1.83653311412712
"Znhit1",1.83606111201035
"Maged2",1.83550704197331
"Plekhm1",1.83481678516355
"Zfp36l2",1.83478369982342
"Anks6",1.83455845496574
"Socs5",1.83431337328593
"Mast3",1.83358475421247
"Eml3",1.83354253548132
"Zbtb17",1.83350842728265
"Pigc",1.83293318954148
"Med30",1.83280118208088
"LOC128115302",1.83240239483052
"LOC128123379",1.83228047437238
"Ppp4c",1.83226552047997
"Pdia4",1.83223742236388
"Secisbp2",1.8321100519401
"Klf6",1.83170301697412
"Lrrc18",1.83168095019696
"Frem2",1.83146796291524
"Ptgr3",1.83133779110556
"Itih4",1.83133217246862
"Ccnd2",1.83082179106005
"Elovl1",1.83061156200631
"Clstn3",1.83042181042867
"Tsen2",1.82984594834481
"LOC128108562",1.82962148095382
"Ttc1",1.82961952653648
"Smc5",1.8293759998142
"Blk",1.82878625258102
"Slco2a1",1.82810950959261
"Aplnr",1.82787812508574
"Zbtb7b",1.82700986301264
"Vsig4",1.8269664451311
"LOC128120385",1.82604772481693
"Clic3",1.82584439522577
"Mapre1",1.82550567026134
"Dnajc17",1.82535846943715
"Cpt1b",1.8248049781929
"Zdhhc6",1.82477275143777
"Slain2",1.82476897498713
"LOC128116963",1.82468548757686
"Gnptab",1.82462210857787
"Wfs1",1.82446477819924
"Ovol3",1.82397139522814
"Ska3",1.82358564743197
"Htatsf1",1.82339003295046
"Lrrc74b",1.82302628262109
"Ccn3",1.82302512371089
"Olr1",1.82274509607256
"LOC128098839",1.82264788520405
"Ccdc34",1.82243231308134
"B3galt6",1.82215178671892
"Fam20c",1.82200479748215
"Zer1",1.82193955653541
"Supt4h1",1.8218670380592
"Cnrip1",1.82139921025032
"Gna11",1.82138050535864
"Arpc5",1.82107430064683
"Ccdc107",1.82084155775199
"Snx20",1.82079283875525
"Ric1",1.82006151269101
"Pcyox1",1.81988896030651
"LOC128118661",1.81978178866416
"Abcf1",1.81971584210374
"Crocc2",1.81927950676517
"Slc23a2",1.81922837315515
"Qki",1.81892656943258
"Arl6ip5",1.81883992532079
"Soat1",1.81843544465504
"Tead3",1.81813279167066
"LOC128108954",1.81758476835899
"LOC128097209",1.81752634743552
"Alg11",1.81751523707991
"Fam167a",1.8172170341618
"Csgalnact1",1.81720265783728
"LOC128098812",1.81706080589412
"Mcee",1.81650155443943
"Ube2i",1.81635933109567
"Tmbim4",1.81600320779559
"Cpox",1.81594602088243
"Tmem74b",1.8154279362334
"Armcx4",1.81491308261527
"Adsl",1.81473242466767
"Nme4",1.81434170185431
"LOC128115840",1.81432559805659
"Mrtfb",1.81408106450558
"Armc3",1.81366826742741
"Csrnp2",1.81359237897166
"Slc8b1",1.81356464917725
"Ulk3",1.81328134290817
"CUNH16orf89",1.81086387509101
"Crtc3",1.81084973393284
"LOC128105477",1.81070606862761
"Pdxp",1.81059782795608
"Smox",1.8105904156994
"Prr5",1.81057353683204
"Cr1l",1.81041442280431
"LOC128094931",1.81014786176222
"Ppil2",1.81013832193715
"Rcbtb1",1.81006153004509
"LOC128114188",1.80927200133024
"Ccdc163",1.80913456987437
"Pten",1.80901550121463
"Wipf2",1.80861780598053
"Rtf2",1.80843184253628
"Susd4",1.80840575938101
"Asb8",1.8079855177361
"Camp",1.80784360402608
"LOC128125513",1.80747167492497
"Sptb",1.80729648117693
"Etfrf1",1.80677730572453
"Kat14",1.80672177764348
"Spg7",1.80648628876318
"Ccdc186",1.80627607887114
"Btbd8",1.80617270413243
"Smim27",1.80587941801025
"Pdgfrb",1.805290407876
"Laptm5",1.80453042743042
"Mcm3",1.80399809496376
"Mtmr10",1.80381766747676
"Tyrobp",1.80374757738891
"Actr2",1.80353379378439
"Hpn",1.80337837622218
"Bbof1",1.80320805373838
"Il34",1.80307073109585
"LOC128114158",1.80301643238185
"Dpp7",1.80295928037382
"LOC128094535",1.80270256819476
"Pou2f1",1.80253574448435
"LOC128105174",1.80246602427511
"LOC128097145",1.80234540557264
"LOC128106243",1.80213368178874
"LOC128120885",1.80076326668643
"Dusp10",1.80060123137803
"Chml",1.8005471776284
"Emd",1.80023823775213
"LOC128096006",1.80003956186183
"Enosf1",1.79965775665004
"LOC128113299",1.79939485678189
"Vipr1",1.79936063342771
"Slc6a13",1.79934004214447
"LOC128101757",1.7993278474689
"Sirt2",1.79930850853954
"C2",1.79878931133658
"Rnf213",1.79868214564505
"LOC128105505",1.79764229489374
"Dhx15",1.79738330111799
"Abl2",1.79722363763368
"LOC128120265",1.79588751631153
"Snx19",1.79543573222182
"Zbbx",1.79535220990202
"Cfl1",1.79514209111053
"Prr3",1.79481298159031
"Bbip1",1.79437849941953
"Tspan14",1.79426972981608
"Itpr2",1.7942225170987
"Glul",1.79377134509299
"Crk",1.79301783666838
"Lrch2",1.79300415614373
"Mark1",1.79251827556688
"Stum",1.79208392653877
"Vps13a",1.79198821028428
"Galnt18",1.7917750897575
"LOC128115687",1.79076888185267
"Lpcat1",1.79060258897409
"Rexo2",1.78978887146395
"Parp14",1.78920069927461
"LOC128121939",1.78823460300028
"LOC128114253",1.78813864715938
"Chd8",1.78752233702231
"Aebp1",1.78744655529448
"Kiaa1671",1.78676945761373
"Stpg1",1.78676619430211
"Pde1a",1.78656897494745
"LOC128122757",1.78615544069078
"Arhgap30",1.78605235222509
"Eef2k",1.78576059187091
"CUNH17orf58",1.78551300791385
"Oosp1",1.78542052304122
"Gng12",1.78533560130171
"Mamld1",1.78525024278174
"Fzd4",1.78478849071236
"Hif1an",1.78471015295814
"Cmip",1.78470254101226
"Wdr3",1.78440114845117
"LOC128122712",1.78406161574115
"Fosl1",1.78393155944152
"Ccdc13",1.78379253264108
"LOC128118557",1.78331282466136
"Vamp3",1.78273700179732
"Pik3cd",1.78257934060084
"Pm20d2",1.78239404392858
"Rnf24",1.78238329705653
"Sh3glb2",1.78233289520825
"Tut1",1.78211425361085
"Mapk3",1.78194239637598
"Dusp8",1.78190213425567
"Aff2",1.78175997571611
"Slc25a38",1.7816119194119
"Ap1s1",1.78160589986578
"Cct3",1.78159172341976
"Lamp1",1.78145447442797
"Ephb4",1.78122718072417
"Ugcg",1.78091633580422
"Ctsw",1.78072648916538
"Agtpbp1",1.78057369327392
"Atg10",1.78028497902512
"Chrna2",1.78017509938768
"Ski",1.78012371958175
"Plekhg4",1.77948745698314
"Cd74",1.77932825172679
"LOC128121011",1.77904079682741
"Sorcs1",1.77889104024378
"LOC128100819",1.77803441088618
"Cfap206",1.77803389063798
"Slc35c2",1.77799022507368
"Rev3l",1.77798196267031
"LOC128125683",1.77717950243755
"Msl1",1.77693486390405
"Lrrc8a",1.77686616708967
"Pfdn4",1.77683365679502
"Plcb4",1.77673640481445
"Nol7",1.77637531412027
"Cldn23",1.77627850582195
"Alox5ap",1.77590966354359
"Kdm3b",1.77588561281756
"Sf1",1.77489509246112
"Gapt",1.77487343993313
"Hmga1",1.77436302304895
"LOC128117542",1.77432784239158
"Faf1",1.77360474791622
"Slc11a1",1.7727387646452
"LOC128115482",1.77269872435457
"Prkrip1",1.7724980683898
"LOC128099436",1.7723744784053
"LOC128123804",1.77181653449523
"Khdrbs1",1.77170388653862
"Usp28",1.77154174328016
"LOC128118654",1.77092854959399
"Igdcc3",1.77075318142118
"LOC128105393",1.77059293745693
"St6gal1",1.77040383060533
"Atg101",1.77032067420459
"Fam32a",1.77020021285853
"Ecm1",1.76989268153693
"Kmt5b",1.7696058926307
"LOC128094618",1.76883726199772
"Rtl4",1.76831297013497
"LOC128112382",1.76803957738788
"LOC128109964",1.76790072352357
"Notch3",1.7678880749992
"Kcnip3",1.76781665601742
"Lemd2",1.76772945325094
"LOC128119315",1.76732915261938
"Nptx1",1.76729038222946
"LOC128122685",1.76641549165617
"Terf2ip",1.76626855066481
"Smpdl3a",1.76625369925658
"Orc5",1.76613746320733
"Krt80",1.76527595418742
"Cped1",1.76507022661751
"Slc25a20",1.76502930492012
"Phf7",1.76495634520541
"Ezh2",1.76458826463891
"Pfdn1",1.76443551823783
"Eml5",1.76423358220251
"Safb2",1.7641741368324
"Plekhg5",1.76338389504558
"Irag1",1.76325744301
"Fmo1",1.76313099502355
"Tmem176a",1.76293368371026
"Ankrd29",1.76248953891992
"Acot9",1.7621781845934
"Col6a5",1.76207339964954
"Setd1a",1.7620691284323
"Ccndbp1",1.76146519419774
"Inpp5k",1.76137078462243
"Rars2",1.76069756827424
"Map3k1",1.7604867382313
"Utp18",1.76041329878587
"LOC128109407",1.76005077830584
"Rab39a",1.75943012321715
"LOC128122996",1.75933806990444
"Trim44",1.75932774677311
"Pkm",1.75931597892813
"Rps3",1.75919391938364
"Laptm4a",1.75884273103904
"Pear1",1.75849865076471
"Pias4",1.75752140937065
"LOC128122169",1.75734059078514
"Blmh",1.75715131158031
"LOC128110363",1.75713606663792
"Cnot6",1.7564863104605
"Sox4",1.75624132285274
"Myc",1.75620385901398
"Caprin2",1.75618409147046
"Sirt5",1.75600888462648
"Trim65",1.75597193901619
"Clec5a",1.75568526404141
"Pde1b",1.75564091591627
"Wdr74",1.75558458500438
"Aff4",1.75520419852762
"Sost",1.75498305363163
"Gcnt1",1.75489359938838
"Lat",1.75446387873737
"LOC128114405",1.75402475897339
"Ints13",1.75396843217643
"Limk2",1.75353746411709
"Fam3b",1.75324525268217
"Pkp1",1.75310397745833
"Tmem39b",1.75308101486584
"Secisbp2l",1.75289817517849
"Med4",1.75230632670094
"Miga2",1.7518832473443
"Sh3bp1",1.75177949334452
"Mettl23",1.7513020107642
"Arhgap33",1.75127627070305
"Flacc1",1.75114300351183
"Fzd9",1.75106180599898
"Serpine3",1.7505142564876
"LOC128115683",1.75012472015729
"Triap1",1.75007110282761
"Ro60",1.74968070432786
"Bahd1",1.74954790455601
"LOC128115842",1.74903167837423
"Uaca",1.74872013114906
"Rnf32",1.74867686644558
"Kdm1b",1.74825552141399
"LOC128122263",1.74782359417977
"LOC128111871",1.74746454896315
"Plekhg3",1.74722267263388
"Cwf19l2",1.74713377351476
"Lrif1",1.7469798724319
"Ptx4",1.7467697775123
"Isyna1",1.74663092871566
"LOC128103616",1.74661717994601
"Usp33",1.7450742322565
"Snrnp48",1.74430335445986
"Prkg1",1.74425858532966
"Tmem248",1.74348792161761
"Plod3",1.7433403001508
"Sh3pxd2a",1.74316298867179
"Dennd11",1.74275535124629
"Onecut2",1.74268863421123
"Fbxw10b",1.74251798136226
"Col25a1",1.74242953542191
"Lamp2",1.74231301462857
"Dnah7",1.74185816733752
"Igsf9b",1.74172386031921
"CUNH11orf97",1.74169859898031
"Sdr16c5",1.74160541474781
"LOC128102309",1.74153084413372
"Stom",1.74136536944453
"Reep3",1.74134306264911
"Zbtb9",1.74093166589301
"Gyg1",1.7405674548557
"Fndc7",1.74030677612417
"Endov",1.73969778574937
"Smim30",1.73967060736583
"LOC128095093",1.73913294241491
"Numb",1.73909709073496
"Prtg",1.73894594750993
"CUNH5orf15",1.73859314756545
"Ackr4",1.73793738748786
"Nap1l4",1.73758252900595
"Rpl35a",1.737299129415
"LOC128118118",1.73726387423787
"Cobll1",1.73725323908673
"Lxn",1.73711511168689
"Ttll13",1.73636242949395
"Fermt3",1.73627725621777
"Hmgcs2",1.73606882272797
"Naa30",1.73578973789692
"Pbx2",1.73574360959834
"Cfap157",1.73569582093338
"Fam172a",1.73562663996898
"Asap3",1.73541413593211
"Ntrk2",1.7352881079292
"LOC128099650",1.73513899717196
"Eif3l",1.73332828547522
"Psmb4",1.73259012667895
"Tsc22d3",1.73245932254172
"Lgals1",1.73144005965595
"LOC128101026",1.73138239232991
"Rpl10a",1.73121197209289
"LOC128112344",1.73013645565609
"Snx21",1.73002885713605
"LOC128115523",1.72994747928945
"Hibch",1.72992705914101
"Cacna1i",1.72973339822887
"LOC128097257",1.72947043269374
"Adgra3",1.72946564366462
"LOC128116352",1.72904098510565
"Hoxd8",1.72890909624414
"Nr4a1",1.72847359374408
"Dus1l",1.72820175737964
"Osbpl8",1.7280089985878
"Rgs19",1.72784331439822
"Cfap221",1.72782993403994
"Sh3bgrl2",1.72720064089589
"LOC128113601",1.72704367354808
"Csnk2b",1.72640403565196
"Tufm",1.72630426184379
"Hecw1",1.72549534300275
"Ddx11",1.72528323126299
"LOC128101953",1.72521836914093
"Tpi1",1.72520131181177
"Ttc28",1.72482396336682
"Dnajb5",1.72470836221458
"LOC128125685",1.72455979963639
"Lrrc8e",1.72443970164725
"Fbln2",1.7243262989484
"Rasal3",1.72309905009662
"Sat1",1.72254660552851
"Stat1",1.72241416391407
"Wdr49",1.721853194446
"Plcg2",1.72168855548396
"Slc15a3",1.72116967045596
"Snn",1.7210269943112
"Prss16",1.72088208478992
"LOC128121421",1.72039711858308
"Arhgap12",1.72037467610466
"Cpped1",1.72033994526733
"LOC128116304",1.72016495833973
"Odad2",1.71946945635122
"S100a6",1.71866454101507
"LOC128099686",1.71859841960179
"LOC128115696",1.71848345283293
"LOC128104056",1.71843813245474
"Cnnm4",1.71814276557508
"Thyn1",1.71791841573375
"Pa2g4",1.71751207683461
"Fnip2",1.71751148537165
"Rptn",1.71745864264088
"Clasrp",1.71730636033782
"Cog1",1.71707140126099
"Nans",1.7169656217405
"Pinx1",1.71690952091123
"LOC128109843",1.71658138532227
"Sds",1.71657636063411
"Prmt7",1.71632508840543
"Fam131b",1.71598948924896
"LOC128098852",1.71573461370398
"LOC128104147",1.71547891579366
"LOC128103185",1.7147111212401
"Cd200r1",1.71468530491961
"LOC128121414",1.71429045670393
"Smo",1.71409071037389
"Cdk10",1.71406872010746
"Tpmt",1.71404123146352
"St18",1.71366177337293
"Plet1",1.71349569953536
"Ido1",1.71321224676175
"Itch",1.71314335253048
"Rpl21",1.71298884312654
"Mbd3",1.71296456153176
"LOC128122424",1.71265415837835
"Klhl17",1.71237745337823
"P3h1",1.7123031666936
"LOC128104572",1.71205229196044
"Slc25a10",1.7119806120027
"LOC128111102",1.71180250361461
"Relt",1.71086292492676
"Kiaa0040",1.71078534177043
"LOC128118364",1.71010822592305
"Bad",1.71004912895523
"Mfsd9",1.70983255418833
"Rimklb",1.7096359441326
"LOC128099606",1.70954752188187
"Rce1",1.70919846279104
"Acly",1.7087079634474
"Nup133",1.70867595819657
"Ndrg1",1.70841038142729
"Gripap1",1.70824267509856
"Selenok",1.7082084889639
"Polr2a",1.70758845882209
"LOC128120422",1.70731846346833
"Pi16",1.70728253794579
"Dcaf11",1.70695101869896
"Pcgf6",1.70692497431317
"Arl6ip1",1.70673130311986
"Znf217",1.7065665629992
"Ttc21a",1.70601015333161
"Ina",1.70572215087007
"Rin2",1.70562349335371
"Jmy",1.70511482531763
"LOC128119189",1.70472656479477
"Uba3",1.7039643374503
"Irf2bp1",1.70382327582998
"Gpc3",1.7037014075416
"Nt5c3a",1.70274954588632
"CUNH19orf33",1.70263269224819
"Map3k15",1.70169937081501
"Slc29a1",1.70169356003198
"Arhgef3",1.70167166244929
"Mapk14",1.70166012540795
"Noc2l",1.70141386903805
"Sec22c",1.70140850256933
"Tlk2",1.70053379792069
"Adck1",1.7005248542742
"Cspg5",1.70028883750485
"Usp11",1.69967571628623
"Zc4h2",1.69938770015485
"Hif3a",1.6993642814218
"LOC128096652",1.69927696026903
"Hcfc2",1.69902926714594
"Ncoa3",1.69893012868752
"Nap1l3",1.69839922968397
"Tor3a",1.69799814451795
"Ndufa10",1.69692813973163
"Zglp1",1.69674277594638
"Iftap",1.69651703006285
"Tmem202",1.6965097147234
"Hpcal4",1.69605743521649
"LOC128106528",1.69575285436298
"Adgre3",1.69569362694301
"Slc25a33",1.69563481567924
"Prkar2a",1.69562130514289
"Pih1d2",1.69515838739932
"LOC128094239",1.69512110704484
"LOC128094286",1.6937421825197
"Ggps1",1.69347982321339
"M6pr",1.6929733286052
"LOC128111025",1.6927803390388
"Lypd3",1.69249569408494
"LOC128122400",1.69244364563785
"Washc4",1.69238262650281
"LOC128095210",1.6909455133885
"Ctnnbl1",1.69080389866285
"Utp25",1.69042108592591
"Map3k8",1.69020785173295
"Lonp1",1.69013202814695
"Snx27",1.69010092628468
"Ggnbp2",1.68991634711215
"Chd7",1.6895360310799
"Cenpe",1.68947084719762
"Chpt1",1.68938862664309
"Ndufa2",1.68915482255539
"Ndst1",1.68901115749797
"Rasl10b",1.68899878381757
"Micall1",1.68877633090344
"Abi1",1.68801233672464
"LOC128104192",1.6876016187028
"Cmtm8",1.68757939172478
"Micos10",1.68743045145229
"Gnb3",1.68737514275809
"LOC128110394",1.68732447450973
"Faap20",1.68727843390161
"Otud3",1.68727339087774
"Nprl3",1.68688094191833
"LOC128109498",1.68676302275741
"CUNH2orf88",1.6866081582718
"Mapk10",1.68619930041796
"Ckb",1.68611972085141
"Cst7",1.6860960146823
"Mitf",1.6852390685798
"Fam53b",1.68506118403914
"Smurf2",1.6842810261578
"Rab6a",1.68425437187117
"Mpl",1.68375882786623
"Emc2",1.68367699801139
"Med29",1.68322352896793
"Tmco1",1.68303024204606
"Ilkap",1.68256534041545
"Ankrd23",1.68238522153341
"Ribc2",1.68209053078019
"Ccr9",1.68148423239031
"Echs1",1.6813966074435
"Plpp6",1.68137050291569
"Meis2",1.68079517941946
"Exd1",1.6802349801319
"Tnfrsf1a",1.68008918801135
"LOC128119871",1.67974490439912
"Ccdc32",1.67969857109864
"Dlec1",1.67928589484156
"Fkbp2",1.67912201800223
"Ranbp3l",1.67848750068385
"Jade3",1.67848707229028
"Eid2",1.67822426575138
"Phlpp1",1.6781577502292
"LOC128125184",1.67783935519417
"Mphosph6",1.67760271810121
"Ocel1",1.67674758710438
"Strip1",1.67617396565104
"Commd6",1.67604944417941
"Ltbr",1.67579660886675
"Pld5",1.67551913578983
"Nalf1",1.67525162585829
"LOC128094293",1.67505059210173
"Cdc14a",1.67490606598744
"Lmo2",1.67479598403091
"Rpl7a",1.67452667312999
"Eef1d",1.67434032418027
"Ccdc3",1.67420348260792
"LOC128113255",1.67409894462448
"LOC128103248",1.67378920383596
"Neurod1",1.67368525926853
"Sec16b",1.67358856611116
"Dapk3",1.67338834023147
"Fam78a",1.67331159715467
"Ccrl2",1.67330936390961
"Nop58",1.67319081297302
"LOC128096949",1.67294315453651
"Prdx3",1.67293046919283
"Rgs18",1.67271937861246
"CUNH12orf57",1.6725610694191
"Myo1b",1.67192123097358
"Arhgap8",1.6715723081213
"Bace2",1.67137079959125
"Slmap",1.67087328436174
"LOC128119248",1.67084408760091
"Nat10",1.67077082274132
"Ddx1",1.67068871634595
"Glce",1.67057033342199
"Tmem38b",1.67056093544213
"Sdc4",1.67011356896001
"Mgam",1.66990936704623
"Slc6a9",1.66988014323389
"Naa10",1.66986437454278
"Rgs4",1.66979690385215
"Ada",1.66971217956426
"Wscd2",1.66970963987892
"LOC128108272",1.66900849576972
"Gfm1",1.66889893189773
"Mpp7",1.66877751231993
"Arid4a",1.66869645957231
"LOC128108326",1.66807740342679
"Arid5a",1.66782149044926
"Dgke",1.66739200071483
"Vamp7",1.66691347757921
"Agpat3",1.66690975306966
"Emilin2",1.66683033301631
"Chic2",1.66670616346499
"Npdc1",1.66549349925837
"Bcas1",1.66510198732184
"LOC128125439",1.66508046677508
"Fhip1b",1.66462955663291
"Mras",1.66459291948084
"Tcp11",1.6643962165962
"Alkbh7",1.66434437362461
"Tanc2",1.66423974033842
"Apobec4",1.66348162154229
"Aqr",1.66317558557185
"LOC128103629",1.66299929710706
"Mprip",1.66271622519954
"Rnf128",1.66243215800798
"Znf184",1.66235253524087
"LOC128098773",1.66235009354031
"LOC128103289",1.66223772622733
"LOC128111070",1.66200182047876
"Thoc6",1.66133304249717
"Fam229b",1.65952439212565
"Stxbp2",1.65928392411979
"Arhgap10",1.65921076123488
"Mamdc2",1.65909735293074
"LOC128103205",1.65888146203605
"Trim66",1.6585769902591
"Prickle4",1.65824059147589
"Pcca",1.65816254430645
"LOC128116263",1.6578719148764
"Nxf1",1.65786889852302
"Pdpr",1.6576519310197
"Ccdc170",1.65762197332904
"Eef1akmt1",1.65650141264701
"Hsp90ab1",1.656023946516
"LOC128112478",1.65595560949383
"Gna13",1.65582214079314
"Tesk1",1.65532759778188
"Pgghg",1.65493075963961
"Efhb",1.65456422430378
"Fbxo43",1.65437619214447
"B3gnt6",1.65382840980748
"LOC128115848",1.65355870213767
"LOC128117589",1.65349428214905
"Stradb",1.65341343822724
"Rxrb",1.65337290246064
"LOC128094241",1.65321227335097
"Zbtb8os",1.65286599517369
"Wdr73",1.65277813074091
"LOC128094628",1.65184821513649
"Nars1",1.65171715267457
"Ntf3",1.65149210267775
"Azin1",1.65147968495519
"Spata2l",1.65126991390407
"Milr1",1.65123434978307
"Edem3",1.65091149095269
"Abca7",1.65025673894209
"Sec31a",1.65008938589536
"Tmem104",1.64995061879425
"Bcar1",1.64942665072011
"LOC128111417",1.6491715113738
"Ctsf",1.64895461656075
"Acta2",1.64892428345949
"LOC128096280",1.64883001088938
"LOC128108957",1.64850756981288
"Ly6e",1.64850214271072
"Cenpp",1.64675716238446
"Zscan22",1.64663713062566
"Znf496",1.64653720248631
"Rpa3",1.64651311412631
"Scnn1a",1.64648831269029
"Nutf2",1.64634697620235
"Rabac1",1.64622671349601
"LOC128123315",1.6456669009274
"G2e3",1.64502739271087
"Lctl",1.64484770675334
"Pim1",1.64479161259712
"LOC128099370",1.64448255518785
"Bspry",1.64443047839152
"LOC128098351",1.64437768766693
"LOC128098780",1.64415933761195
"Mmut",1.64403600304209
"Mllt10",1.64394466153369
"LOC128104134",1.64282172586092
"Zbtb47",1.64275934314237
"Abcf3",1.6427148084718
"Siae",1.64270957776474
"Nf2",1.6426748962855
"Mfsd4a",1.64264491019467
"Ccdc24",1.64248049021979
"LOC128118163",1.64183176845602
"Chga",1.64128031500671
"Ccdc57",1.6412700031944
"Cd46",1.6410944496713
"Atp9b",1.64106119243367
"Yipf5",1.64077029038798
"Cbfa2t2",1.64074813164737
"LOC128111030",1.64005589722872
"Eef1a1",1.64003088583594
"Spata3",1.63996846277585
"LOC128120584",1.63996556197423
"Bltp1",1.63985618052185
"Gcc2",1.63944193078216
"LOC128108708",1.6394220811294
"Slc7a4",1.63891430095019
"Csf2",1.63883624885914
"Pde6h",1.63878732069569
"Acaca",1.63875025896959
"Spryd7",1.63871608012141
"Ak5",1.638470443908
"Rsad2",1.63840863357238
"Zscan20",1.63813400749549
"Slc12a9",1.63812748976489
"Fig4",1.6381242691697
"Il16",1.6376592443573
"Slc13a5",1.63725123459307
"Cgas",1.63721701829447
"Cd55",1.63704696413056
"Slc9a7",1.63699576050435
"Ptprs",1.63672223305872
"Arhgap26",1.63670767106547
"LOC128119833",1.63666191954895
"LOC128106436",1.63657619472854
"LOC128121235",1.63657498327267
"Limch1",1.63652956079816
"LOC128115546",1.63650533813303
"Ca4",1.63616707592841
"LOC128125048",1.63585238166405
"Fam168a",1.63584182037754
"Paqr9",1.63568119135509
"Arpc3",1.63563201610613
"Itm2a",1.63561741612039
"Rap1gap",1.63550958113883
"Nrbp1",1.6350003000515
"Irf2bpl",1.63477193877202
"Loxl1",1.63473860881263
"Arpin",1.63403165275645
"Sema5a",1.63391383419325
"Wdr41",1.63323868748222
"Rhod",1.63320313676241
"Klhl6",1.63315239979755
"Wbp1l",1.63307063180701
"LOC128114351",1.63283793411133
"LOC128124991",1.63250832505927
"St8sia5",1.63219510683172
"Ppp2r2c",1.6321800627246
"Fbxo31",1.6321407191078
"Fis1",1.63211049573938
"Cfap91",1.63190654326662
"Glg1",1.63174093928998
"Utp14a",1.63149801633718
"CUNH15orf39",1.63145524059599
"CUNH21orf91",1.63129529157967
"LOC128111442",1.63112777752053
"Pskh1",1.63072743836034
"Dnah10",1.63068541554692
"Myo15a",1.63047201235192
"Chchd4",1.62990205098869
"Abcd2",1.62971754800178
"Tceal9",1.6295119161794
"Ube3d",1.62940287204654
"Eml4",1.62937551054547
"Ipo9",1.6293689870076
"Letm1",1.6289258037549
"LOC128117975",1.62888942295279
"Phldb1",1.62874704548054
"Itga2",1.62846475771694
"Banp",1.62823467072888
"Lims1",1.6281711899853
"Cct7",1.62809450128632
"LOC128125061",1.6280906966692
"Cited4",1.62749474531313
"LOC128124901",1.62747607096739
"LOC128124757",1.62734889866173
"Nrxn3",1.62687246602962
"LOC128119313",1.62576321535325
"Zfp2",1.62542029802129
"Lratd2",1.62453625908625
"Eddm3b",1.624468785863
"Plekhj1",1.62364915431998
"Zbtb40",1.62362769780673
"Zscan26",1.62344704590248
"Ralgapa2",1.62333362463945
"Cntrl",1.62262456953285
"LOC128112649",1.62244723937439
"Rack1",1.62206567167321
"Ism2",1.62148668233923
"Dedd2",1.62137091366091
"Dlat",1.62104619541001
"Egln1",1.62100712247481
"Abca2",1.62098104930412
"LOC128109141",1.62089626961224
"Foxred2",1.62026788273407
"Rnf19b",1.61989261049282
"Ell",1.61952931260778
"Rbm34",1.6194324571908
"Tbc1d22a",1.61935753754779
"LOC128120821",1.61916925459292
"Tbce",1.61916116629587
"Rars1",1.61896339714565
"Rhobtb3",1.61887818076532
"Fbxo7",1.61858003908575
"Ttc3",1.61848978318421
"LOC128120627",1.6183606322605
"Eepd1",1.61835296091647
"LOC128115711",1.61775823318482
"Dusp18",1.61774470820015
"LOC128109331",1.61671281542824
"Ebag9",1.61666291168469
"Egflam",1.61652110763294
"Thoc2",1.61642548922407
"Megf10",1.61585030102065
"LOC128105883",1.6152966027226
"Scrn3",1.61453263451186
"Mknk2",1.61435856243997
"Tnfrsf11a",1.61428969603359
"Txndc11",1.61420495571519
"Trim16",1.61407277768978
"Ube2d2",1.61380858328327
"Znf22",1.61334246987562
"LOC128103951",1.61311003591472
"Angel2",1.61299136142225
"Uba52",1.61283293743671
"Prdm6",1.61261388839901
"Agbl3",1.61256606309936
"Xdh",1.61220943708954
"Atrn",1.61212143543472
"Foxj3",1.61208917279169
"Notum",1.61197533134586
"Sfswap",1.61188204825451
"Fjx1",1.61168921291933
"LOC128115521",1.61110683828194
"Pla2g4b",1.61096783827841
"Psmd12",1.61057357731362
"Olfm2",1.61053122027262
"Lrrc20",1.61044633335323
"Gtf2b",1.61030721270186
"Robo4",1.61025311560186
"Sec23a",1.6102491460984
"LOC128103818",1.61019846733268
"Lztr1",1.61018600613032
"LOC128093884",1.61005620861041
"Rab15",1.60982662476329
"Cdh4",1.60963267609441
"Megf6",1.60922101775564
"Kif3b",1.60897354398369
"Amz2",1.60858200125098
"Znf354c",1.60841027635168
"Rhpn2",1.60815877625959
"Klf5",1.60787782427216
"Fbp2",1.60774109688198
"Eny2",1.60733981361621
"Sel1l3",1.60651350589357
"Tdrkh",1.60645660866636
"Slc4a7",1.60634134322512
"Bltp3b",1.60629004023176
"Tmem129",1.60627768087485
"Ubp1",1.60601891571417
"Niban3",1.60494309753518
"Fat2",1.60493944311334
"Gpn2",1.60417520171516
"LOC128099217",1.60411282418758
"LOC128105753",1.60407807787201
"Phf20",1.60403255087535
"Sdc1",1.60386298278172
"Srcin1",1.60378957859451
"Id1",1.60361983045472
"Znf511",1.60321229823344
"LOC128099601",1.60252547408154
"LOC128115941",1.60240882320031
"Ccdc200",1.60215224894354
"Scube1",1.60211080556234
"Pip5k1c",1.6019485729221
"Emc10",1.60132592677681
"Jag1",1.60110205714937
"Sgsm1",1.60021457252865
"LOC128115679",1.60013441379165
"LOC128118814",1.59983967243914
"Mepce",1.59946821707111
"LOC128121830",1.59917859819781
"LOC128111851",1.5990151077956
"LOC128124484",1.59890589657144
"LOC128110413",1.59883019524464
"LOC128125646",1.59878086842359
"Rab1a",1.59740786361509
"LOC128123706",1.5971485587388
"Gpatch1",1.59713653762981
"Susd1",1.59687435110132
"Pim3",1.59687260728356
"Aifm1",1.59682641407105
"Col1a1",1.59681731123548
"Alg13",1.59665496810973
"Pnma6a",1.59659916349622
"Phyhd1",1.59651025635088
"Igflr1",1.59645126046329
"CUNH11orf54",1.5960035733779
"Hoxb6",1.59595324981709
"Mgll",1.59584397407274
"Sipa1l3",1.59542831143752
"Ppard",1.59468401933414
"Osr2",1.59436767367679
"Mpzl1",1.59407399446595
"Zbtb11",1.59389730489162
"Wtip",1.59371052526611
"Dclre1b",1.5936211163882
"Gask1b",1.59229516215595
"Fxyd3",1.59174920605773
"Slc35e1",1.59125768839373
"LOC128122852",1.59120065572443
"Pik3cb",1.5911660333034
"Psmg1",1.59090729446294
"Abhd14b",1.59071936393256
"Fan1",1.59051876259799
"Ankfy1",1.58983694277756
"LOC128103423",1.58974071965496
"Exosc10",1.58958684541575
"Ppm1b",1.5894653715048
"Bod1",1.58904703706483
"Gfra1",1.5889997004056
"Arl13b",1.5884837491816
"Arsj",1.58833169328625
"Phlpp2",1.58830585368454
"Kpna6",1.58798572019765
"LOC128119622",1.58792683822489
"Iqch",1.58757507610636
"Wasf1",1.58744406300973
"Csnk1g3",1.58687675337953
"Mpc2",1.58654268330219
"Tbca",1.58651860143631
"Wfdc2",1.58622571335124
"Alad",1.58593546206349
"Abcc10",1.5856621776551
"Fhl5",1.58508918602301
"LOC128108960",1.58502342481782
"Caskin2",1.58479846555326
"Nsf",1.58441976241072
"LOC128107018",1.58417346026056
"Cryab",1.58395262951849
"LOC128094602",1.58364434109604
"Casp8",1.58361543215018
"Exog",1.58163203437536
"Cep85",1.58155098007199
"Sar1a",1.5815212174413
"Ttc13",1.58097637242426
"Timp3",1.57963074779666
"Bnip3",1.5794102728206
"LOC128122718",1.57934479506211
"Ca13",1.57910927726445
"Znf516",1.57857061093135
"Fam53c",1.57855616457916
"Fam193a",1.57842209977545
"Ube2ql1",1.57834791569277
"LOC128111981",1.57816307955114
"LOC128095784",1.57809580900372
"Dcun1d2",1.57751710611999
"S1pr2",1.57730829105918
"Rchy1",1.57631404833708
"LOC128113540",1.57578626600126
"Cdc27",1.57576626367772
"Zbed5",1.57545632591092
"Ndufv1",1.57535577223152
"Hrct1",1.57532594645114
"Ric8a",1.57525017484155
"Myef2",1.57494968902546
"Plk2",1.57479578401168
"LOC128120491",1.57467668099324
"LOC128112695",1.57464480373984
"Supt7l",1.57455509943112
"Psma3",1.57402530940902
"Acox2",1.57377216177001
"Gpr132",1.57370869947397
"Nrg4",1.57360639481773
"Sh2d4a",1.57327969519121
"Snrk",1.57288070291943
"Dut",1.57274470426918
"LOC128101458",1.57270577181272
"Arhgap22",1.57265854592287
"Man1b1",1.57246136599653
"Morc4",1.57239109515232
"LOC128123327",1.57213649025145
"LOC128120202",1.57206410463009
"Drp2",1.57203355507574
"Guca2b",1.57177993707629
"Arhgap45",1.57110303740341
"Selenom",1.57071708025237
"LOC128122989",1.57045357771314
"Adam9",1.57045174016159
"Creb3",1.56999455849219
"Khdrbs3",1.56978413477629
"Sdc2",1.56975160663779
"LOC128100523",1.56948745854308
"LOC128098441",1.56938802667175
"Tmem123",1.5688389005411
"Zfp62",1.56844160864203
"Tor1a",1.56797150508126
"Sbno2",1.56791900966491
"Gpsm3",1.5676793669071
"Hacd4",1.5676068278895
"Rwdd2a",1.56725979959189
"LOC128108617",1.56718212419339
"Enc1",1.56683029680773
"CUNH16orf86",1.56653463605659
"Pik3c3",1.56641088258545
"Tubgcp3",1.56626348078706
"Ythdf3",1.56604048658981
"Znf438",1.56598690277611
"Polr3e",1.56577593300082
"C9orf72",1.56563249721865
"Lmln",1.56526369222494
"LOC128107960",1.5649493860698
"Jag2",1.56446128253087
"Erich5",1.56413788952848
"Fus",1.56367408587107
"Igdcc4",1.56365695738241
"Apoc1",1.56277327145146
"Edrf1",1.56216376720932
"LOC128100641",1.56208496935227
"Polr1c",1.56154402854032
"Strn",1.56120265058433
"LOC128113397",1.56086639436258
"LOC128119193",1.560479357974
"Zfat",1.56035164903821
"Slc4a3",1.56024732410317
"LOC128095694",1.56010951365522
"Aanat",1.55978601945248
"Gal3st3",1.55935288455395
"Samd13",1.55926917717964
"Prelid3b",1.55913623660682
"LOC128111117",1.55898477892165
"Ppp1r1a",1.55882366910347
"LOC128105736",1.55842915539829
"LOC128102476",1.55808653567509
"Rassf6",1.55775225454047
"Fam216a",1.55755322842702
"Ms4a1",1.55751113806353
"Clhc1",1.55728889711806
"Hcls1",1.55702773645054
"LOC128125453",1.556931365463
"Ypel3",1.55667503417184
"Dnai1",1.55633595812295
"Mfsd5",1.55630062207374
"Sema4c",1.55605619481502
"Ccr7",1.55598252003975
"Slc34a2",1.55592784822919
"Ccl26",1.55580616283182
"Rpain",1.55544600808599
"Rbfa",1.55540790242765
"Tstd1",1.55538184031054
"Abcg8",1.55517364610966
"Clasp2",1.55509732105586
"Smad9",1.55452023268498
"Sbds",1.5544898070562
"Usp54",1.55427349336408
"Col8a2",1.55340838566006
"LOC128124429",1.55295527675277
"Rassf3",1.55177630347861
"Gpr34",1.55167185088802
"LOC128101486",1.55166669117626
"Skp1",1.55157031551521
"Phkg1",1.55110136979647
"Rnf185",1.5510902211656
"Max",1.55106477225513
"Ndufs3",1.55088918787993
"Mbnl3",1.55085998276434
"LOC128112539",1.55041516306513
"Fam149b1",1.55031744494097
"Gal3st1",1.55025786579257
"Tatdn3",1.55025753947335
"LOC128120709",1.54996584774222
"Kif17",1.54954597205597
"Slc6a14",1.54929273743877
"Arl1",1.54915301481364
"LOC128121938",1.54883054634726
"Amigo1",1.54855034042655
"CUNH1orf35",1.54809390149843
"Arih2",1.54797907196019
"Tafa1",1.54755802938063
"CUNH21orf62",1.54739889381465
"Pde4d",1.54701903592208
"S100g",1.54678511159832
"Egr1",1.54647367451738
"Srpk1",1.54615699794506
"Map3k12",1.54597012103888
"LOC128099580",1.54541009596751
"Nudcd3",1.54482922228883
"Omd",1.54433040482049
"Lfng",1.54411055123708
"Dock8",1.54398390164637
"Ankrd66",1.54383240744059
"LOC128125102",1.54369586921119
"Ndufa4",1.54262482692844
"Tmed9",1.54255825917345
"LOC128111116",1.54221954915531
"Sfrp2",1.54180970660697
"Pgam1",1.54168295240674
"Kctd17",1.54160771256432
"Glrx2",1.54150590177572
"LOC128111740",1.54118609551093
"LOC128100835",1.5410261878923
"Slc22a3",1.54088624941585
"LOC128107670",1.54069500817796
"Zscan25",1.54067041672868
"LOC128119632",1.54012876297145
"Chmp1b",1.54006476304235
"Ccny",1.53969727805413
"LOC128110371",1.53968246760575
"Pogz",1.53893297118144
"S100a14",1.53852166997429
"Ttyh3",1.53839712816369
"Zmym1",1.53801736783528
"Prdm4",1.53732091405561
"Fhod1",1.53707334875029
"LOC128113954",1.53675723062541
"Tpcn1",1.53645182539185
"LOC128121201",1.53644503714699
"Borcs7",1.53636728364825
"Fgd6",1.53623729633299
"LOC128101160",1.5362327409918
"LOC128119316",1.53593691129503
"Col22a1",1.53588636353162
"Relb",1.53572407017236
"LOC128111881",1.5356405434176
"Znf260",1.53555307438721
"Marco",1.53482650739567
"LOC128116847",1.53416153855578
"H1-2",1.53414584024011
"Wnt9a",1.5338716086102
"LOC128094315",1.53386403494227
"Lsp1",1.53297561450049
"Tmeff2",1.53260509165623
"LOC128110513",1.53260317029029
"Capn5",1.53208851727488
"Chst10",1.53198159895572
"Tmem258",1.53194832169928
"Scube2",1.53163014479667
"LOC128096490",1.531229468783
"Chst12",1.53090694904372
"Arhgap21",1.53058314134414
"LOC128115660",1.53048097210542
"Dnajb13",1.53047669606849
"LOC128115746",1.53013966526903
"Srrt",1.5301060168395
"LOC128099344",1.5299632487493
"Prr16",1.52890316024421
"LOC128098850",1.52871635703259
"Pole3",1.52867303716122
"Plekhm2",1.52846097783372
"Nudt13",1.52820751001479
"L3hypdh",1.52803931456018
"LOC128110368",1.52775825631176
"C2cd5",1.52763877202884
"Gdf11",1.5275209891489
"Efcab12",1.52714140555697
"Yipf3",1.52707554366841
"LOC128101676",1.52670174566419
"Fign",1.52635291329714
"LOC128119184",1.52612602025574
"Slc15a2",1.52596734459473
"Tenm3",1.52586784791158
"LOC128120359",1.52569513578013
"Pipox",1.52528383376539
"Klhl36",1.52503203165899
"Akt2",1.52479091953726
"Myl7",1.52406169719684
"Arpc2",1.52349169603181
"Spats2",1.52343153396293
"LOC128120191",1.52323196149047
"LOC128103943",1.52321214436698
"Galt",1.52304835357598
"Pcnx1",1.5229655044068
"LOC128111224",1.52181590160465
"Fyb1",1.52174914791263
"Dennd2c",1.52173153417981
"Bicdl2",1.52171738332959
"LOC128115693",1.52169907285255
"LOC128121193",1.52146539762013
"Heatr5a",1.52138540284801
"Cdc20",1.52128212738935
"Adcy1",1.52118774884381
"Fkbp15",1.52088206869403
"Znf428",1.52078974419359
"Shisa4",1.5207130077453
"Calm3",1.51949667195171
"Borcs8",1.5194067318431
"Acbd5",1.51927114299072
"Ubr4",1.51924592669008
"LOC128113681",1.51920742139961
"LOC128101616",1.51794902954197
"Opn3",1.51794221945381
"Sorcs2",1.5179333720696
"Actr8",1.51656606529989
"Dis3l2",1.51648396603561
"Ap5z1",1.51599714115093
"Thsd7a",1.51568067856327
"LOC128096788",1.51523459049314
"Tgfb1",1.51516005702033
"Wdr91",1.51477581406561
"Prpf19",1.51460248849594
"Zw10",1.51453738374652
"Asap2",1.51441778132156
"Tmie",1.51439003633355
"LOC128108868",1.51416582130859
"LOC128118226",1.51394109097582
"Mthfd2l",1.51353871725914
"Rnf4",1.51352235816295
"Wdr76",1.51347763290389
"Rnf157",1.51325475854487
"Calm1",1.51302838334817
"Ttc39b",1.51267807097673
"Il5ra",1.51227568005783
"Sdr42e1",1.51203496239376
"CUNH10orf71",1.5117930502243
"LOC128112079",1.51171309767705
"Ubqln2",1.51140221199276
"Flywch1",1.51103055291395
"Hars1",1.51090310758908
"Mrs2",1.51055106028843
"CUNH1orf74",1.51044034719825
"LOC128099443",1.51036777094073
"Bmp1",1.50992510592697
"Spock2",1.50947535000338
"LOC128098552",1.50945671799889
"Treml2",1.50944920362992
"Ncoa7",1.5091004349519
"Gsk3b",1.50903156612811
"Rere",1.5078108815996
"Per3",1.50702593698193
"LOC128108575",1.50691361653882
"Umps",1.50660445339076
"Arg2",1.50654436401954
"Epha4",1.50638249678818
"Abhd15",1.50596891394744
"Rrp8",1.50502225641792
"Ttll1",1.50494416954979
"Mfsd1",1.50479885166091
"Ilf2",1.50464517613372
"Atrip",1.50460056551088
"LOC128124471",1.50450607941404
"LOC128120896",1.50436229855565
"Zmiz1",1.50421281916821
"Tbc1d13",1.5042028656604
"Slc4a1ap",1.50396323590182
"Ppme1",1.50392827909688
"Zxdc",1.50390919365939
"Sord",1.50363839840575
"S100a13",1.50352924052269
"Txndc2",1.50299265117787
"Samd15",1.50290045752069
"Smpd4",1.50148636352795
"LOC128105727",1.50127256006804
"LOC128100472",1.50074753721133
"Smdt1",1.50047938659741
"Cse1l",1.50039309354736
"Xpot",1.50029330173085
"Mia3",1.50006431619026
"Mdh1",1.49989436209121
"LOC128099737",1.49979655765279
"Iqca1",1.49887760856606
"Coro1a",1.49883549765655
"Ppdpf",1.49847926495092
"Pik3ip1",1.49843282604141
"Aldh18a1",1.49836680294539
"Wdr5b",1.49823819980827
"Scap",1.49720888358062
"Zbtb1",1.49705142143338
"Rab5c",1.49677137895604
"Snrpg",1.49656019134354
"Baiap3",1.49631414041321
"Mmgt1",1.49600940764521
"Cdon",1.49599689268998
"Rps18",1.49588521256981
"Hipk3",1.49582336135826
"Nit2",1.49537025223122
"Osbpl5",1.49515084999586
"Slc39a11",1.49508854127962
"Ppp1r26",1.4949129231696
"Emg1",1.49490205459987
"Ampd2",1.49456391307647
"Arhgap24",1.49454434599408
"LOC128095168",1.49451428571786
"LOC128111515",1.49440945533082
"Pias1",1.49403582899263
"Mlf1",1.4939409475213
"Alg5",1.49372520104984
"Eaf1",1.49366305803236
"Stk11",1.49362396215356
"Nfatc1",1.49338960861049
"Hspa4",1.49333942088809
"Camta1",1.49303242186992
"Arhgap29",1.49280371861885
"Plrg1",1.49274778272322
"Hgs",1.49270698012067
"LOC128110414",1.49249859468773
"Fgf7",1.4921641352177
"LOC128125173",1.49210279259813
"Syngr3",1.49187091948335
"Ppp1r3e",1.49183761035135
"Fam117a",1.49177732672012
"LOC128124964",1.49140867434738
"LOC128099536",1.49087496512676
"Anapc16",1.49074313869344
"Tmem238",1.49059385795473
"Atg4d",1.49024669477441
"Dlgap4",1.49023829021804
"Ascl1",1.49017431267204
"LOC128113173",1.49010030280827
"LOC128098520",1.4900742049592
"Whamm",1.49004851013231
"Poc5",1.49004533454697
"Endog",1.4898462952779
"LOC128095380",1.48965087923883
"Dzank1",1.48962794648862
"Smpd3",1.48944498766403
"Vegfb",1.48940224019956
"LOC128108114",1.48937271559073
"Osr1",1.48936702936135
"Gstk1",1.48900625548337
"Izumo1r",1.48879036923339
"Clec1b",1.48845168480238
"Ranbp3",1.4881807131926
"LOC128110888",1.48809668096051
"Slc35f2",1.4880615979665
"Pdia6",1.48804485722693
"Brix1",1.48760458803016
"Nabp2",1.48746333903617
"Lpar4",1.48728818493784
"Siglec1",1.48706967148098
"Hdac3",1.48698871159416
"LOC128095665",1.48680316368454
"Znf638",1.4864543753659
"Virma",1.48620528572471
"Frmd4b",1.48617462417647
"LOC128099897",1.48592100965969
"LOC128103705",1.48584114324708
"Rpn1",1.4856798228212
"LOC128107731",1.48537482390937
"Lgr4",1.48489721946076
"Dnajc11",1.48461135518806
"Frk",1.48370195073148
"Ola1",1.48317222811968
"Alg2",1.48295694156181
"Znf746",1.48291914175296
"Tmem252",1.48281831971205
"Kat2a",1.48279248462339
"Tmppe",1.48253024457332
"Arrb1",1.4819906098492
"Fpr1",1.48179426656985
"Znf615",1.48148975291996
"Slc45a4",1.48104064988529
"Casq2",1.48087954926583
"Dhodh",1.48062701022564
"Prr13",1.48059609944763
"Spns1",1.4804001678455
"Unc13d",1.48037298145615
"Tmem201",1.4802657922637
"Cd300e",1.47961398448019
"CUNH19orf84",1.47961166658421
"LOC128106002",1.47947889437
"Tnfrsf25",1.47919443902749
"Znf608",1.47911981694453
"LOC128102708",1.47907150182266
"Map3k7",1.47904705176918
"Zdhhc23",1.47881302532951
"Psme2",1.47871047902764
"Gtpbp4",1.4785076843851
"Tbxa2r",1.47833524805996
"Guk1",1.47794962323249
"Pard6b",1.47711382462834
"LOC128124168",1.47695629589275
"Nfkbib",1.47685974393646
"Clip3",1.47684842249622
"C6",1.4767371008031
"Osbp",1.47662406627676
"Riox1",1.47553587333026
"Psmd2",1.47505626210522
"Brca2",1.47502419890205
"Cfap57",1.47491045190552
"Znf445",1.47461291181425
"Fancl",1.47451415302394
"Tent5b",1.4735592523666
"Arl6ip6",1.4735034104467
"Rnf6",1.47329161435191
"LOC128116747",1.47307550411636
"Dyrk1b",1.47271541284661
"Tubgcp4",1.47224863581851
"Aurka",1.47215960815099
"Fgfr3",1.47158153296575
"Ankrd52",1.47131044805873
"Shisa5",1.47111228031815
"LOC128105126",1.47084383096849
"Rps14",1.47063052089153
"Zzef1",1.47037074930055
"Npy1r",1.47015881101369
"Idnk",1.47007792240315
"Yap1",1.47006828749339
"Gpr31",1.47000771338554
"Tpgs2",1.46960026298678
"Trim7",1.46957841264298
"Ssbp1",1.46948607834649
"Vps9d1",1.46917471107552
"Tmem253",1.46821349003094
"Sgk3",1.46811291866584
"Scgb1a1",1.46768784288868
"LOC128122303",1.46762515294938
"Fgfr2",1.46753176685009
"Klhl33",1.46748650294779
"LOC128112357",1.46729006865403
"Snu13",1.46677508924478
"Pacsin3",1.46638632890029
"Fam166b",1.46597191269768
"Cnot4",1.46586080474097
"Nnmt",1.46570629834264
"Zkscan7",1.4656649981289
"Mboat2",1.46542340973165
"Ssbp4",1.4653684597597
"LOC128115607",1.46534508750627
"Hadh",1.46525646238754
"Lrrc10b",1.46524302077054
"Lyrm9",1.46479271225327
"Yif1a",1.46462718720306
"Tbc1d24",1.46456775808577
"Ndufa8",1.46412647638062
"Nde1",1.46412611035338
"Nrg1",1.4639874831074
"LOC128111564",1.46397570080211
"Fgfrl1",1.46385016137966
"Slc7a8",1.46377129815682
"Ceacam1",1.46356469483692
"LOC128101338",1.46351846691126
"Dbnl",1.46334841436692
"Serinc3",1.46272197609674
"Dlg3",1.46265071783499
"Neo1",1.46260368164361
"LOC128095664",1.46254406899387
"Ctsh",1.46247197215669
"Rmnd1",1.46172919480006
"Lamp3",1.46127044503429
"Septin1",1.46081913905917
"Bfar",1.46065846139593
"U2af1l4",1.46054447887352
"Ppm1g",1.46037612486066
"Tapbp",1.45964548034009
"Churc1",1.45953486760518
"Tspan13",1.45910439582311
"Crybg2",1.45908723103365
"Snai2",1.45908324089546
"Slc20a1",1.45895701670528
"Thap6",1.45846807819386
"Snx15",1.45772283939989
"Ppp1r32",1.45754567346779
"Gad1",1.45737637517928
"Znf672",1.45737184564366
"LOC128119386",1.45673592994264
"Ufsp2",1.45668300780222
"Sfxn5",1.45659332667658
"Egr2",1.45649163615299
"Gla",1.45578272738066
"Mex3a",1.45538309654877
"Kcnk10",1.45533051265142
"Plch2",1.45493488623137
"Wnt4",1.45485073302842
"Pum2",1.45468841092236
"Map3k19",1.45424144653559
"Ankrd54",1.45392127610941
"LOC128110373",1.4537916733522
"Ncbp1",1.45371431906652
"Ppp1r14a",1.45350555643263
"Plod2",1.45338432536684
"Abcc9",1.45328990858735
"LOC128121682",1.45324915668131
"Tmem71",1.45310325258838
"Map1lc3b",1.45299525643668
"Spsb1",1.45290583612047
"LOC128110548",1.45255592150515
"Sik3",1.45248253075992
"Mocos",1.45204727072705
"Gfra2",1.45188875497208
"Dnajc21",1.45186635815173
"Prrx1",1.45148137095187
"LOC128112128",1.45130903149633
"Nqo2",1.45102195422312
"Ccr2",1.45092718281425
"Serpine1",1.45082362869819
"Gba2",1.45069036321421
"Eea1",1.45055386457125
"Dusp4",1.45048374689377
"LOC128117220",1.4504023262127
"LOC128105218",1.45027638733557
"Edem1",1.45021022325216
"Gpx2",1.44987429932704
"Decr1",1.44974782705727
"Parn",1.44944373474852
"Uimc1",1.44927539143305
"Adap2",1.44903904544857
"Chd5",1.44903016003682
"Pmaip1",1.44899804718089
"Nr2f2",1.44889947260015
"Slc36a1",1.44879013858515
"Neil1",1.44866103718554
"Nfs1",1.44860536119291
"LOC128110154",1.44859950920017
"Tia1",1.44845167771015
"LOC128105074",1.44834493631361
"Fut8",1.44825935249063
"CUNH17orf50",1.448222885615
"Fbxw5",1.44778784318415
"Cant1",1.44772170435223
"Telo2",1.44749039014725
"Scand1",1.44726500417579
"Dcaf1",1.44684278129799
"LOC128122768",1.44678023913289
"LOC128094180",1.44668563867185
"Cep55",1.44647646591455
"Cldn7",1.4462764237393
"LOC128115637",1.44597002653585
"Zfand3",1.4454556375379
"Rdh14",1.44539379282142
"Alkbh4",1.4453681835259
"LOC128103439",1.44508491314071
"Cachd1",1.44502650084168
"LOC128122409",1.44485403115367
"Coro6",1.44423685214872
"Blvra",1.44376159626801
"Upb1",1.44374050178345
"Hnrnpd",1.44324722944393
"Ppp2r2b",1.44310932192036
"Sybu",1.4426567625539
"LOC128115841",1.44261055077338
"Iho1",1.44255629640284
"Rhot1",1.44241940313112
"Tiprl",1.44219584525549
"Orai3",1.44209030479839
"LOC128123405",1.44207184312571
"LOC128101087",1.44197129765985
"Abhd8",1.4415340153912
"LOC128105032",1.44110547824315
"Bex3",1.44109584823376
"Cul3",1.44078712171662
"Rnf181",1.4402185116775
"Rassf2",1.44016561696244
"Tmem154",1.44013609811642
"Ube3b",1.43965052005658
"S1pr1",1.43891361241767
"Pkn2",1.43880292494347
"Hnmt",1.43816187843403
"Rad9b",1.43812823025972
"Adgrg1",1.4380196135568
"Fgf11",1.43776754876049
"Plk4",1.43771029707021
"LOC128109965",1.43766890815617
"Nr3c1",1.43763242100742
"Thumpd3",1.43760036395909
"Pabpc4",1.43742319433475
"Sepsecs",1.43717378098768
"Efcab14",1.4371576521613
"Rgs12",1.43714789282999
"P2rx2",1.43698253212566
"Thada",1.43679909830115
"Birc5",1.435956150219
"Cidea",1.43568242265111
"Cdyl",1.43543163730681
"Rpl23",1.43508306372965
"LOC128113056",1.43470627209819
"Naca",1.43452882317057
"LOC128119876",1.43444717478284
"Nme5",1.43436739926157
"Oaz1",1.43433545024322
"Acsl3",1.43418749124873
"Stk11ip",1.43402633964189
"Aplp1",1.43369592000221
"LOC128115667",1.43365702045257
"Hoxb7",1.43355301010429
"Kat5",1.43341094053728
"Eef2",1.43305373323453
"Gpr157",1.43278203803003
"Gipc3",1.43270837435471
"Dpy19l1",1.43246053284359
"CUNH9orf43",1.43210647647379
"Arrdc2",1.43208952421049
"Sucla2",1.43185030855142
"Slc25a1",1.43176819023445
"Trpm2",1.43167340586795
"LOC128099652",1.43162273743824
"LOC128099289",1.43140280977714
"L3mbtl2",1.43093732182822
"Cabyr",1.43078123420612
"Lin54",1.43057648230913
"Wdr93",1.43054685787042
"Rxrg",1.43009812394486
"Fam72a",1.42992999595162
"Ik",1.42989881660291
"Cactin",1.42955499245841
"Tmem94",1.42885782720619
"Fam20b",1.42881963187003
"LOC128124974",1.42866742505804
"Bloc1s5",1.42865368897982
"Gtf2e1",1.42855049488122
"Emc1",1.42851928438634
"Lrrc3",1.42829715695336
"LOC128118689",1.42814160548776
"Fgr",1.42810636659795
"Rnf10",1.42779716162617
"Gda",1.42761364619484
"Abhd14a",1.42755004630403
"Flvcr2",1.42713883363874
"Dync1i2",1.42703332016936
"LOC128117052",1.42650579032409
"Cd300lf",1.42572589946377
"Tmem119",1.42520280395189
"Shroom3",1.42502192035621
"Nbn",1.42485154810776
"Zfyve19",1.42484151142202
"Zcchc14",1.42472508742522
"Sirt7",1.42464227711873
"Eif5a",1.42461597988445
"Dpt",1.42451347656903
"Eya1",1.42438685943877
"LOC128112415",1.4240075589107
"Tasor",1.42393525130929
"Inpp5j",1.42366013236715
"Psmc1",1.42362835358845
"Eef1g",1.42352778812042
"LOC128117363",1.42327124171203
"Pja2",1.42305464966539
"Blnk",1.42287246525567
"LOC128098999",1.4226787318951
"LOC128102292",1.4222435605962
"Zdhhc17",1.42209536207457
"Ppfia1",1.42194764664882
"Cdh18",1.4217290565471
"Mllt1",1.42155550852297
"Hmgb1",1.42149010248565
"Dop1b",1.4208064391911
"Spsb2",1.42078600618896
"Zbtb7a",1.4205777290646
"Syn1",1.42022710921853
"LOC128099432",1.42006714638954
"LOC128113035",1.41979319020679
"Tardbp",1.41866841024232
"Fank1",1.41862779176514
"P2ry2",1.41857060407004
"Olfm1",1.41852201009138
"Ddah2",1.4180949365666
"Ndufaf1",1.41802962400629
"Timm44",1.41785833581403
"Maml3",1.41745078241607
"LOC128121987",1.41723529143777
"Mob1a",1.41709069450608
"Pan3",1.41707413286583
"Tgfbr1",1.41698297333482
"Reps1",1.41695617267772
"Adamts9",1.41686214883047
"Xpo5",1.41677945525352
"Gca",1.4163007585119
"Pdcd5",1.41619185546221
"Rab6b",1.41586590999164
"Col9a3",1.41579469451794
"Bcl2l14",1.41548258795762
"LOC128105840",1.41541983568563
"Creld2",1.41520495395679
"Ptpn9",1.41514740846312
"Frmpd2",1.41511337263888
"Pym1",1.41481945248831
"LOC128105506",1.41477288927775
"Tedc1",1.41467676747604
"Slc26a11",1.41420993495767
"Tle5",1.41407146987347
"LOC128118311",1.41404831016355
"Hspb1",1.41404354209925
"Cetn3",1.41372220260873
"Ttc7b",1.41335937255816
"CUNH12orf75",1.41329272541614
"LOC128114914",1.41296261922625
"Mgat2",1.41243110039003
"Sec24a",1.41225804861475
"Ints4",1.4120246191451
"LOC128113256",1.41152616806297
"Pxmp2",1.4113743903418
"Cars1",1.41112217114595
"Lin37",1.41108750090924
"Gas2l3",1.41038211363557
"Flad1",1.40993536069936
"LOC128099586",1.40989880621364
"Fbh1",1.40980992600701
"Fibp",1.40969082126529
"Lrp2",1.40965954453607
"Znf570",1.4092193926337
"Cage1",1.40915345544834
"Arsg",1.40912210383266
"Ubn2",1.40907544555575
"Nup50",1.40874817063594
"LOC128122588",1.40866292006928
"Prkcq",1.4085893738442
"LOC128103321",1.40851362881193
"Dock2",1.40839205320467
"Rhov",1.40797034468407
"Unc45b",1.40791109130076
"Ticrr",1.40766092110485
"Zhx3",1.40759507473428
"Ccdc159",1.40681449465539
"Pard6g",1.40669885941215
"Plekha3",1.4066186182393
"Rab2b",1.4057911618391
"Ripor1",1.40562328578017
"Cd226",1.40552691978421
"LOC128111115",1.40468930818558
"LOC128097192",1.40456137236787
"N4bp2l1",1.40419948792401
"Mycbpap",1.40419779110854
"LOC128094442",1.40413171559606
"Nmral1",1.40382265282012
"Smim7",1.40373582397261
"Rhbdd1",1.40342208137581
"Tmem259",1.40330860233896
"Fmo5",1.40310284347457
"Rsu1",1.40286819743856
"LOC128124819",1.40283200346438
"Nudt22",1.40254962041564
"Atxn7l2",1.40231922891188
"Eid3",1.40219353667013
"LOC128122093",1.4014246185282
"Mob3c",1.40087681061249
"Epor",1.40067698884944
"Tank",1.40061213262302
"LOC128094444",1.40047469993291
"Fndc3a",1.39981014048625
"Nr1h3",1.39964604229053
"Eif2s2",1.3995628010693
"Atp2a3",1.39955095889078
"LOC128094892",1.39939786091072
"Mlh1",1.39923475384087
"Rela",1.39909276825524
"LOC128108548",1.39890168311987
"Atp8b2",1.39855023386442
"Adgrv1",1.39814584880326
"Frmd5",1.39804936718151
"Tap2",1.39770765600022
"Ttc26",1.3976802599352
"Commd1",1.39738395834007
"Cers2",1.39706751407337
"Gucy2d",1.39702355452218
"Sugp2",1.3967589149099
"Ptbp1",1.39659601389298
"LOC128094557",1.39659265505245
"Sit1",1.39643794322989
"Mrpl35",1.39636491296513
"Wdr26",1.39613781102812
"Nckap5",1.39606949487119
"Rbm19",1.3959527473284
"Gemin8",1.39585614367112
"Cherp",1.39562167417837
"Zmat2",1.39552176958367
"Ccdc86",1.39539415735909
"Atp13a1",1.39498503745934
"Dcn",1.39482357722708
"Chdh",1.39400628573532
"Nudt7",1.39399120207345
"Lnpep",1.39387714746553
"LOC128114691",1.39311257310098
"CUNH12orf29",1.39307019893916
"Med12l",1.39300746273434
"Idh2",1.39293391877434
"Tex264",1.39289398692173
"Btbd6",1.39263312976922
"Ltc4s",1.39253744153085
"Dnm1l",1.39252355302691
"Nav1",1.39221544345017
"Snrpa",1.39219876014473
"P4htm",1.3920499535865
"Stx4",1.3918109241771
"Pacsin2",1.39110771156187
"Mapk8",1.39105060502422
"Spns2",1.39088287495745
"Fam110a",1.39047589995772
"Kdm3a",1.39037530023489
"Ubd",1.38998033343776
"LOC128103127",1.38930984763667
"Chchd10",1.38925789376629
"Rnf112",1.38894386386194
"Trpm7",1.38893344915556
"Olfml2b",1.3885661929481
"Rplp1",1.38856197993537
"Spint2",1.38855739039759
"LOC128107439",1.38837599043371
"Traf2",1.38832514070816
"Pwwp3a",1.38796522304166
"Sh2b3",1.38752607254862
"Znf706",1.38746676346231
"Edc4",1.38743321969613
"Serf2",1.38733986872135
"Dync1i1",1.38721233522656
"LOC128109825",1.38696687786824
"LOC128123421",1.38664890092544
"Stk4",1.38662536001084
"LOC128114389",1.38639606435394
"Armc6",1.38604392658385
"Ccdc85a",1.3858209842269
"P2ry6",1.38573293589534
"Ranbp10",1.38543021706991
"Ppp1r36",1.38527865572452
"Bnip5",1.38524891953776
"Hdac4",1.3848461840139
"Gadd45g",1.38458057572017
"Mgat4b",1.38456436653585
"Gpc4",1.38443248568515
"Spout1",1.38430615864287
"Eif2ak4",1.38373848165236
"LOC128108319",1.38373697577192
"Ttbk2",1.38364498836744
"Gcdh",1.38354047479919
"Itprid2",1.38339704536732
"Gem",1.38332516415142
"Cpxm2",1.38304522829564
"Ndufb10",1.38283977576173
"Litaf",1.3827177098669
"Ssr4",1.38245518997461
"Arl6",1.38195466978911
"Fuom",1.38159015298257
"LOC128094816",1.38131406924101
"Kics2",1.3809777400388
"Gamt",1.38068708355437
"Kansl1l",1.38040136782987
"Clcn3",1.38022806153325
"Ankrd6",1.38021648509827
"Txk",1.379373691304
"Pi4k2b",1.37918700174683
"Scamp2",1.37898902824227
"Ostc",1.37878049324798
"Hoxb5",1.3786918473846
"Ppp1r14d",1.37803915776788
"Kcnmb1",1.37730334928499
"Nav3",1.37687562591835
"Mfap5",1.37663752444314
"Dhdh",1.37619959464063
"LOC128095688",1.37596774035256
"Prim2",1.37578316393978
"LOC128109163",1.37573902935186
"LOC128095367",1.37515598296075
"LOC128099390",1.37457411878432
"Mpig6b",1.37447990473912
"LOC128118540",1.37386859397236
"Kcng1",1.37386610711878
"Tbrg1",1.3737849439365
"Hoxa4",1.3735909742867
"Sertad4",1.37347532923683
"Il10rb",1.3730871010343
"Ppp2r1a",1.37287221109978
"Slc35f1",1.37246830070457
"Trub1",1.37239138221018
"Cadm4",1.37227263690709
"Zpbp2",1.37214354041054
"Trip13",1.37185506686463
"Adam15",1.37180856360508
"Tceal1",1.37171748571358
"Cwf19l1",1.37141101715322
"Mad2l1",1.37069299445059
"LOC128111044",1.36999453373061
"Sdf4",1.36888164517082
"Lcp1",1.36873016180817
"LOC128123253",1.36794067135717
"Smarcb1",1.36779155477264
"Ap1m1",1.36744731801018
"Eda2r",1.36723393445954
"Dpp6",1.36723270754855
"Tpm2",1.36673619707362
"Alms1",1.36670375857318
"LOC128120461",1.36640786764166
"Vcl",1.36638270059972
"Jpt2",1.3661062372753
"Mgat4a",1.36600725496482
"Tafa3",1.3659681954746
"Dcaf6",1.36590367986926
"Clptm1",1.36586803939936
"LOC128112493",1.36555872009299
"Chd9",1.36531700310483
"Pon1",1.36531007917925
"Tmem178a",1.36468893371831
"Fbxo39",1.36453800572822
"Snx17",1.36432747318138
"LOC128119317",1.36394471711325
"Mme",1.36351100831666
"LOC128102781",1.36335965360468
"Cdkn2c",1.36321994860786
"Gpr85",1.36315313069792
"Pih1d1",1.36269073174845
"LOC128124020",1.36266159049982
"Znf8",1.36262333716077
"Lgals3bp",1.3624657589653
"Comtd1",1.3622109015558
"Pla2g4a",1.36173498565287
"LOC128095990",1.36157547106998
"Rab24",1.36146572511038
"Gphb5",1.36141196668848
"Commd8",1.36138053901915
"Gfi1",1.36136436914595
"Cpne2",1.36128771082338
"Pik3c2g",1.36112879919986
"Dnajc7",1.36079838146021
"Spatc1",1.36049285768352
"Oxa1l",1.36045301933692
"Aox1",1.36032085176819
"LOC128098681",1.35971331418883
"Tm2d1",1.35947600591455
"Asxl3",1.35924177215779
"Cmtr1",1.3591444155799
"Elapor1",1.35843805468711
"Sipa1l1",1.35843558172862
"Mrps22",1.35801474299248
"Slc45a3",1.35776302866629
"Rps6ka4",1.35729194406713
"Pfkl",1.356540827392
"Mef2d",1.35643255248114
"Tmem139",1.35626988074821
"Nudcd1",1.35600361507634
"Emb",1.35554153077653
"Fbxo3",1.35538503466152
"Plxdc1",1.35495426981557
"Nlrc5",1.35460552914363
"Spr",1.35419459071287
"LOC128102310",1.35412834428967
"LOC128110463",1.35359704678312
"CUNH11orf24",1.35346020426505
"Schip1",1.35267144730714
"Gfod1",1.35252105769605
"St6galnac5",1.35168622760321
"LOC128111168",1.351410322868
"Rbfox2",1.35136228278731
"Znfx1",1.35112758533162
"LOC128116735",1.35097795885665
"Pi15",1.35072684559634
"Smc4",1.35050424712365
"LOC128119831",1.35045400703533
"Tbc1d15",1.35004337941566
"Sycp3",1.34994288214775
"LOC128124418",1.34988795601637
"Tex26",1.34976640800321
"LOC128105252",1.34956130310207
"Eif2b2",1.34955991573699
"Bcl6",1.34934229496738
"LOC128124957",1.3493152423059
"Kcnq4",1.34928570215221
"Kiaa0825",1.34906664254445
"Ncbp3",1.34879097256024
"Med17",1.34873143170718
"LOC128117534",1.34849137987768
"LOC128110381",1.34829630002042
"Mmp19",1.34828232728061
"Nufip2",1.34813812678516
"LOC128113528",1.34810035890898
"Ywhab",1.34803251392863
"Lonrf2",1.34769338808039
"Hdhd2",1.34742067226968
"Hsd17b11",1.34734227238935
"LOC128124850",1.34727452958245
"Cep63",1.34718865937924
"Plp2",1.34706784758533
"Dapk1",1.34701576947312
"Hoxa1",1.34701257971804
"Ptgs2",1.34689936841276
"Ssbp2",1.34624067061319
"Epsti1",1.34602389059307
"Qrsl1",1.34548283901145
"CUNH20orf85",1.34546944207926
"Axl",1.34542439379896
"Lrrk2",1.34542260335527
"Mast2",1.34496617413464
"Tada2a",1.34485395696981
"Rab14",1.34470786334127
"Optn",1.34449105079238
"Lrrc71",1.34435099995633
"LOC128109162",1.3435643356087
"Rgl1",1.3433025727421
"Nae1",1.34304082037849
"Traf5",1.34285873153551
"LOC128117937",1.34272858807904
"LOC128113641",1.34244099444274
"Cplx2",1.3424341811241
"Tmco6",1.34241212655072
"Ext1",1.342075367936
"Tmem186",1.34201812742534
"Rit1",1.34188667559186
"Arhgap4",1.34156656426523
"Cercam",1.341301576366
"Ccl5",1.34093697299442
"Xpnpep2",1.34089807598731
"Mlec",1.34030450909859
"Ap3d1",1.34004770952259
"Znf660",1.3399959894327
"Rrp9",1.33998414149069
"Eid2b",1.33995752635819
"Arl10",1.33991146694744
"Kri1",1.33989537552496
"Ubxn7",1.33964174778872
"B4galnt1",1.33919198345452
"Nup205",1.33909751860384
"LOC128103525",1.33897074210992
"LOC128125434",1.33877151755093
"Ccar1",1.33855320920678
"Zdhhc12",1.3385379779302
"Rab4b",1.33849405078368
"Taf5l",1.33837854385429
"Abtb3",1.33834891932864
"Acp1",1.33810430463583
"Nxpe3",1.3378711636284
"LOC128108987",1.33785974944364
"Vav1",1.33779233166849
"Itgae",1.33767312929626
"Ctdsp1",1.33760942291931
"Lmbr1",1.33730980163625
"Pwp1",1.33708370326219
"Fzr1",1.33685598015943
"Crlf2",1.33664282262265
"LOC128110194",1.33652711400752
"Esr2",1.33641103512764
"Gprc5c",1.33609254491477
"Capn2",1.33583385658566
"LOC128121541",1.33543583816934
"Ginm1",1.33542393907586
"LOC128094097",1.33540809766909
"Prdm8",1.33530739098554
"Fsip1",1.33514172330696
"Mthfr",1.33510853944003
"Hmg20b",1.33503017680736
"G3bp1",1.33500963577348
"Slc27a5",1.33490536595914
"LOC128097123",1.33486152210092
"Cnnm3",1.33463168549183
"LOC128116904",1.33455424814654
"Ece1",1.33433813846274
"Etaa1",1.33416280230833
"LOC128115419",1.33402594936271
"LOC128112988",1.33380637403408
"LOC128120421",1.33345748395934
"Psmf1",1.33331644853427
"Arhgef16",1.33325119000447
"Vps4b",1.33324456960094
"Arpc1a",1.33312786972092
"Bmp6",1.33273676175737
"Slirp",1.3323881299058
"Dthd1",1.33233568198138
"Cnp",1.33209579678276
"Fhod3",1.33204052442552
"LOC128122904",1.33199430588497
"Ddx18",1.33181417285001
"LOC128115490",1.33169232922986
"Derl2",1.33155482891859
"Rfxank",1.3315373541115
"Cep76",1.33152299704668
"Synrg",1.33118676480427
"LOC128109284",1.33104467352906
"Ggta1",1.33099727895269
"Stx19",1.33082370126199
"Fads3",1.33013062408938
"Atp13a3",1.33000272943081
"Gcn1",1.32963161893029
"Gltp",1.32901731959417
"LOC128113685",1.32875976655871
"Tgoln2",1.328734038725
"LOC128119610",1.32855118763328
"Pnisr",1.32847113658216
"Psma5",1.32815924611484
"Dnaaf11",1.3280850131847
"Casz1",1.3272490191293
"LOC128099588",1.32690413395217
"Septin4",1.32685736737938
"LOC128120660",1.32677270682459
"Csk",1.32676967401656
"Hypk",1.32643031195712
"Arc",1.32621157736052
"Derl3",1.32617358315105
"LOC128125470",1.326081538003
"Tuba1b",1.32580469384997
"Efna5",1.32518086078317
"Hnrnpr",1.32501387642009
"E2f1",1.32484467779229
"Plaur",1.32427609692508
"Tango6",1.32425758846744
"Arid3a",1.3236946054534
"Slc4a11",1.32364612973407
"Myo1c",1.32350978347433
"Anapc10",1.32319659314192
"Dpy30",1.32296990415436
"Mcrip1",1.32273756610513
"Insr",1.32258752176105
"Mecp2",1.32253233993305
"Ano8",1.32236803111548
"Tstd2",1.32184908654014
"Angpt1",1.32183924114163
"LOC128099645",1.32126454094994
"LOC128120662",1.32102556645091
"LOC128109330",1.32009755209608
"Igf2",1.320049900778
"Fam174c",1.32002365199829
"Dmkn",1.31998311013759
"Atxn1",1.31986183178157
"Itgb7",1.3198583540996
"Exosc8",1.31874968239797
"LOC128122149",1.31861002281276
"LOC128108701",1.31848533410189
"Col5a2",1.31828819860299
"Lamb1",1.31807127637005
"Ccl28",1.31795676372113
"Rhou",1.31788649837087
"LOC128116614",1.31785069426716
"Podxl2",1.31777388523451
"Hsd3b7",1.31759348055432
"Hvcn1",1.31755064297327
"Kctd5",1.31732590387596
"Tigd2",1.31728075401916
"Rapgef2",1.31692449407715
"Rabl3",1.31689971397997
"Snap23",1.31636190244937
"Paxx",1.3163560598496
"Nme6",1.31635112276689
"LOC128099633",1.31620446383583
"Mamdc4",1.31609422553029
"Psd",1.31591958947804
"Trpv2",1.3159000498188
"Scn3b",1.31587267639671
"Cct6a",1.31535226362338
"Rpl36a",1.31522022308027
"LOC128117480",1.31518687169231
"Keap1",1.31518638233543
"Fbxl19",1.31509293126586
"Arhgef10",1.31502353059223
"Trip10",1.31488894626178
"Ezr",1.31448764260077
"Cpne8",1.31411390399595
"Nop56",1.31406161673583
"LOC128100330",1.31404424228507
"Cmtm7",1.31322603251311
"Fpr2",1.31297749041288
"LOC128110342",1.31266259461547
"Rnf135",1.31255392994213
"Ankrd17",1.31249145518638
"LOC128113242",1.31247639752336
"Memo1",1.31219400446462
"Limd2",1.31216475160983
"Acyp1",1.31187490852595
"Tac1",1.31173356297632
"Mtcl1",1.31164702962531
"LOC128097543",1.31150795971299
"LOC128112087",1.31127790706346
"Nkd2",1.31124828917054
"Nsun3",1.31063762345849
"Ccn4",1.3105757400038
"Dot1l",1.30962837805497
"Gask1a",1.30931443559439
"Eif3e",1.3090523942266
"Bbs4",1.30873534854112
"Wdr55",1.30866986963602
"Dpp4",1.30863672741866
"Exoc3l4",1.30832583436837
"Mrpl41",1.30832132903574
"Immt",1.30824452448488
"Il10ra",1.30824432647635
"Rbks",1.30752811320876
"Efcab10",1.30742359483716
"Grem2",1.30723691972416
"Gbe1",1.30716289833586
"LOC128096051",1.30681416221295
"LOC128109460",1.30672696939102
"LOC128111959",1.30670135410489
"Tle2",1.30644257293043
"Entpd1",1.30638237919154
"LOC128099649",1.30635900518936
"Mlh3",1.30612668483912
"Sync",1.30609716550336
"Tpd52l2",1.3059453275176
"LOC128125638",1.3055344770418
"Mapk4",1.30544734760682
"Znf770",1.30534969305598
"Ing4",1.30501735837168
"LOC128120651",1.30454495495306
"Scnn1b",1.30450714527639
"Tmem167b",1.30416630654031
"Cemip2",1.30410555770173
"Borcs5",1.30392228352959
"Arl11",1.30384732579167
"Coq5",1.30381670570069
"LOC128094249",1.30366237359077
"Pdp1",1.30363622143711
"Tbc1d20",1.30319496329098
"Intu",1.30317953953621
"Evc",1.30315507519644
"Dazap1",1.30312529382622
"Tfg",1.30302769856287
"LOC128114115",1.30279229607832
"Patz1",1.30276061136057
"Vps35",1.30275251396069
"Lynx1",1.30238469242684
"LOC128106042",1.30214357953033
"Zbtb26",1.30207082915124
"Pcbp4",1.30198193512286
"Cds1",1.30169891538517
"Camk1d",1.30168731847064
"Yy2",1.30165000753524
"LOC128116902",1.30140283845649
"Snx12",1.30044085651567
"Pnrc1",1.3001853235298
"Ppif",1.29992078449962
"Fscn1",1.29980067204159
"Tec",1.29976830825858
"LOC128117973",1.2994154394768
"Prss57",1.29934118173499
"Ptprz1",1.29931495802497
"Tmem82",1.2992279434234
"Tmt1a",1.29858403771119
"Rnf5",1.2984301300328
"Hnrnpdl",1.29819634652638
"Rtn2",1.29813322029119
"Mfap3",1.29810114268
"Daglb",1.29797863087818
"Ddx50",1.29784901723214
"Syce2",1.29777462280647
"C1qtnf5",1.29762883434712
"LOC128119104",1.29762334851233
"Rheb",1.29759743502691
"Rps2",1.29750140946683
"LOC128123346",1.29675668392146
"Rbp1",1.2965318989426
"Men1",1.29650488827892
"LOC128116223",1.2962354459578
"Gss",1.29610756667115
"Atraid",1.29606537855449
"Plcg1",1.29587614377744
"Ankfn1",1.29583251675868
"Cs",1.29579408167866
"Fntb",1.29542610803778
"Nanp",1.29528647199055
"Rpl15",1.29506627633477
"Abcc1",1.29503939138918
"Steap4",1.29474758305501
"Gsx2",1.29457361054594
"LOC128124955",1.29352131048599
"Ccs",1.29350707741266
"Slc2a8",1.29328233894713
"Ptprc",1.2932071540936
"Rttn",1.29296811148155
"Ano1",1.29290049269379
"Pik3r1",1.29288025333389
"Gdap1",1.29261174766969
"Tnks1bp1",1.29226917206535
"LOC128105917",1.29211825604443
"Kif3c",1.29197063160784
"Hoxa3",1.29167843106672
"LOC128120466",1.29150394988562
"Cenpf",1.2914199130684
"Bnip3l",1.29120661562732
"Rpap1",1.29114023774531
"Utp20",1.29091153438044
"Tsc22d1",1.29074329644088
"LOC128105173",1.29049743958877
"Yjefn3",1.29046090376358
"Rbl1",1.29014722747365
"Mrpl34",1.29003268569939
"LOC128110003",1.28980263827994
"LOC128113506",1.28949173931307
"Msmp",1.28852020396599
"LOC128098243",1.288443085987
"LOC128118958",1.28844207060349
"Znf652",1.28829943964888
"LOC128114232",1.28814360590177
"LOC128124302",1.28778950827466
"P2rx7",1.28761135614589
"LOC128112902",1.28750978105575
"Gnai1",1.28729745911297
"Chd3",1.28714919772306
"Ppp2r5b",1.28691988145034
"Liph",1.2868831312967
"Rabl6",1.28674964012415
"Map3k6",1.28672912853795
"LOC128095651",1.28668433344266
"Ahsp",1.28651759828413
"Spaar",1.28617012611312
"Fibin",1.28577401308355
"Unk",1.28564274707356
"Znf18",1.28547473392015
"Csnk1e",1.28524420725881
"Nfatc2ip",1.28443692647884
"Dlg4",1.28408512141693
"Lto1",1.28386086474279
"Ascc1",1.28379314249078
"Dnah17",1.28370063628472
"LOC128105814",1.28362653717902
"Sec24d",1.28353683718337
"Taok1",1.28325419667953
"Znf362",1.28307134789758
"B3galt4",1.28289608394858
"Tspan33",1.2824269442221
"Rbm17",1.2820884993133
"Tfcp2",1.28180991757539
"Map1lc3a",1.2816410478509
"Wdr46",1.28144497971947
"Kcnn2",1.28140418228705
"Pof1b",1.28138992197955
"LOC128106705",1.28124166648067
"Ssrp1",1.28110229242651
"Gprin3",1.28101593210777
"Zfp57",1.28057519456257
"LOC128094296",1.28032504692961
"LOC128112948",1.28007401150695
"Gas2l2",1.27964702172287
"Tpcn2",1.27964466180881
"Cfap161",1.27940804220506
"Tekt4",1.27928512769459
"Cda",1.27924954526208
"Riok1",1.27883956123947
"Larp4",1.27877020753692
"Tspyl4",1.2785718482521
"Sigmar1",1.27853351509026
"Atp1a3",1.27847447313789
"Plb1",1.27826582197781
"Shank2",1.27796410325421
"Znf507",1.27796015820569
"Abracl",1.27787081973955
"LOC128102246",1.2776697097402
"Gigyf1",1.27762953395622
"Wdr45b",1.27759247623846
"Thtpa",1.27739273594027
"Notch1",1.27734207010165
"Dsn1",1.27699095904903
"LOC128124331",1.27692646240914
"Mall",1.27688485822729
"Wdr38",1.276858796111
"Acad8",1.27681763914101
"LOC128096954",1.27677037882678
"LOC128125080",1.27674547770833
"Kdelr1",1.27667429381951
"Cfap46",1.2764268414822
"CUNH3orf62",1.276230073571
"Dnajc27",1.27581909618167
"Sprtn",1.27559179842619
"Radil",1.27538674880444
"Klhdc9",1.27532841408161
"Cacna1d",1.2752114477639
"Tctn1",1.27515413047749
"Nsfl1c",1.27462632206885
"Mphosph10",1.27460262451927
"Rorb",1.27454292624217
"Rinl",1.2745108649497
"Rif1",1.27449668933861
"Clec20a",1.27436376402236
"Tprg1l",1.27425451557465
"Rpusd4",1.27424704253446
"Kdm5b",1.27380439306731
"Dnaaf9",1.27338561240828
"Tp53bp2",1.27337358959177
"Il1b",1.27320272426993
"Wipf1",1.27309336054475
"Fam219a",1.27290632437612
"LOC128110403",1.27288314691345
"Sned1",1.2728689936779
"Otog",1.27182001819093
"Spint1",1.2717550672861
"Zdhhc24",1.27142883613433
"Zmat3",1.27096622764336
"Polr2b",1.27095914368061
"Agpat1",1.27080243646434
"Pfkp",1.27061964855424
"Batf",1.26996944123543
"Bloc1s4",1.2699072541656
"Dnajb14",1.26988083375161
"LOC128103468",1.26965995827522
"Lpin1",1.26935708764812
"Bod1l1",1.26928892618485
"LOC128118230",1.26927219100181
"Agpat2",1.26909213805451
"Lipe",1.26892281435377
"LOC128108451",1.26885199098508
"Lamc2",1.26869539884207
"Tusc1",1.268521498793
"Mcm2",1.26842630444931
"Lin9",1.26839189501736
"Spag9",1.26832135923059
"Tmem167a",1.26824605795207
"Elk4",1.26813841342226
"Stt3a",1.26808727671891
"Prkar2b",1.26808459045655
"Dpf3",1.26804056228932
"Slc9a5",1.26797620431798
"LOC128096489",1.26796490868472
"Vps52",1.26792105644094
"Nup210l",1.26775850568166
"Pafah1b2",1.26773899670299
"Stx5",1.26766000407119
"Plekha6",1.26752616153731
"Fam241a",1.26748391009113
"Dalrd3",1.2674181145538
"LOC128125689",1.26695498674629
"Ccdc73",1.26691295754168
"Herpud1",1.26690106468963
"Eif4g2",1.26665028332078
"LOC128098583",1.26545905097778
"LOC128106216",1.26527325139516
"LOC128125389",1.26480913095566
"Sdk1",1.26480655394992
"LOC128095524",1.26465719793893
"Plbd1",1.26435887415513
"Atp8a1",1.26424927016365
"Abhd11",1.26422172547252
"Mmab",1.26417919022557
"LOC128112068",1.26383553162133
"Capg",1.26351968851291
"LOC128119194",1.26342612341534
"Cuedc2",1.26339285390996
"LOC128115726",1.26318873353053
"Trak2",1.26317080234385
"LOC128094866",1.2630190465038
"Vwa2",1.26297623550186
"LOC128114955",1.26290536894189
"Pcsk1n",1.26274954876162
"Phf10",1.26247353005544
"LOC128095327",1.26233815042247
"LOC128106598",1.26232401814978
"Prmt3",1.26201722381676
"Arhgap27",1.26148772450157
"Hmgn3",1.26134686515408
"Tmem125",1.26096914471167
"Mpst",1.26051101413024
"Ppp1cc",1.25972082830346
"Ndufc2",1.25881275659911
"Hspb7",1.25879327774932
"Naa60",1.25843184575996
"Cdca4",1.25841738465659
"Rpusd2",1.25796668457178
"Rpl18",1.25792173016908
"Xpo7",1.25743264998367
"Taf1d",1.25684005211242
"Rad21l1",1.2566127180497
"Septin7",1.2565488477433
"LOC128125711",1.25638145963365
"Rnf31",1.25626606400971
"LOC128111727",1.25613152588705
"LOC128123101",1.25606842069897
"Ccnc",1.25594870247798
"Ttc39c",1.25592903111786
"Slc24a3",1.25590333509991
"Icoslg",1.25580515003776
"Parm1",1.25528848518729
"Ccdc71l",1.25525578133835
"Nek1",1.25471046406842
"Tgif2",1.25468632871625
"LOC128119687",1.25460543724521
"Rmdn2",1.25443575729657
"Idh3a",1.2543078718299
"LOC128102343",1.25367416939629
"Rgs9",1.25366594549344
"Aktip",1.25346028926864
"Klrk1",1.25304800234752
"Tmem185a",1.25302350102243
"LOC128106268",1.25279296310119
"Tst",1.25273354474425
"Smim3",1.25265636265386
"Maf",1.25264662715787
"Atg4a",1.25245290770979
"Avil",1.25237628610104
"Atp10d",1.25200052475211
"Cd7",1.25196218515624
"Cbx4",1.25194930445957
"Fam216b",1.25168773198937
"Fas",1.2514540525995
"Kdm2b",1.25123842942658
"Acsf3",1.2507682326878
"Impa2",1.25063256928696
"Miga1",1.25034357532114
"Slc41a3",1.25026578197678
"Pacsin1",1.25024719508362
"Nudt16",1.24986132941088
"Msantd2",1.24986118253793
"Cpt1a",1.24986004317699
"Trem1",1.24984098771789
"LOC128112710",1.24943187849484
"LOC128105522",1.24930339295652
"Mtmr6",1.24899286533655
"LOC128120827",1.24891922160048
"LOC128124738",1.24851449300514
"LOC128098891",1.24708943143384
"Kif18a",1.24697182741696
"Kctd19",1.24678244706319
"LOC128118457",1.24657220781619
"Lenep",1.24652712992118
"Polm",1.24611038555543
"F2",1.24596583095142
"LOC128124682",1.24591676693319
"B3gnt2",1.2457084351138
"Tert",1.24552154377405
"LOC128098822",1.24522258483977
"Slc6a15",1.24492535263294
"Slc25a19",1.24432274326594
"Entpd5",1.24400321395772
"Ei24",1.24376852933077
"Itfg1",1.24349726714694
"Cfap276",1.24341048209435
"LOC128105427",1.24339681793562
"Nek2",1.2429712840897
"Slc2a1",1.2427986060442
"Pkdrej",1.24258134035431
"Adgrb2",1.24235334545069
"Thumpd2",1.24234259097311
"Arl16",1.24218590222889
"Ecsit",1.24179488477104
"Ttll11",1.24175102192131
"Wdr48",1.24169282760034
"Otulin",1.24166818897556
"Rbak",1.24125094701611
"Zc3h12b",1.24062929055956
"Prkd3",1.24062572889865
"Akap9",1.24061663037167
"Nes",1.24052623489943
"Csrp2",1.24013851797138
"Azin2",1.24000617209448
"Slc17a2",1.23964899234721
"Tmem205",1.23945089484322
"LOC128114968",1.23911486777842
"LOC128102362",1.23871941188387
"LOC128120536",1.23868180137347
"Dip2c",1.23864775883967
"Sox18",1.23858256979768
"Tmem69",1.23852141547218
"LOC128119829",1.23810812414105
"LOC128122078",1.23787812722153
"Ptcd3",1.23770108811028
"Abcc3",1.23763070630061
"Znf346",1.2376151617472
"LOC128119948",1.23713874764943
"Med8",1.2369419457883
"LOC128115296",1.23637436262973
"LOC128102608",1.23635938422823
"Gosr2",1.23633326693056
"LOC128107308",1.23623069053127
"LOC128108887",1.23620171727999
"Angptl2",1.23607789237996
"LOC128115617",1.2359347550986
"Socs7",1.23589997211943
"Slc25a12",1.23583775108853
"Gtf2f1",1.23580642498735
"Plxna1",1.23566343948477
"Tubg2",1.23522345696518
"Snrnp70",1.23474346635714
"LOC128113481",1.2343872549795
"C4bpa",1.23386251012858
"She",1.23371533461416
"Jund",1.23369388463421
"LOC128122689",1.23351254310703
"Ppp2r2a",1.23342466048385
"LOC128101046",1.23323899845188
"Glb1l2",1.23306359774633
"Galnt12",1.23285054916521
"Psmg4",1.23274828271511
"Ammecr1",1.2326817998129
"Tab2",1.23251254555497
"Tmem247",1.23248676874426
"Cep41",1.23202140122749
"Fignl1",1.23183717639861
"LOC128118854",1.23173039776734
"LOC128113514",1.2314650447687
"Rhbdl2",1.23123049837444
"Veph1",1.23078165318426
"LOC128124527",1.23072417396113
"LOC128095508",1.23057931484885
"LOC128102123",1.23038213114394
"Tmem242",1.22993059735386
"Pum3",1.2297486746455
"Plekhn1",1.22956485659032
"Stk33",1.22936739795253
"Adgrd1",1.22917395748032
"Dhx30",1.2291418804794
"Mterf1",1.22893781000315
"A4galt",1.22879500342969
"Abcb6",1.22843627086142
"Ddb2",1.22832747256803
"LOC128099487",1.22811429961355
"Suclg1",1.22798149365475
"Dnaaf4",1.2279729855401
"LOC128114255",1.22795008191854
"Hexb",1.2278934364027
"Vxn",1.2278821743307
"LOC128099658",1.22768779299659
"Lrrn4",1.22732247420865
"Plagl2",1.22723891858684
"Maz",1.2271281405334
"Lyar",1.22708224875988
"Ipo7",1.22706724764131
"Slc5a1",1.22704366761904
"LOC128098949",1.22694095125112
"Txlna",1.2267311935767
"Pmm2",1.2265563069406
"Gatad1",1.2264501342058
"Fbxl4",1.22628431151552
"Mynn",1.22616485958737
"Cnn2",1.22603921987113
"Fmnl3",1.22523606407434
"Cd164",1.22499853748425
"LOC128100050",1.2248687538873
"Dnmt3a",1.22481709405591
"Mettl14",1.22450194501954
"Cstf1",1.22439820268051
"LOC128115704",1.22384820533244
"Fabp4",1.22367035242487
"LOC128111852",1.22366628309389
"Sptan1",1.22306508417891
"Flt4",1.22237952932606
"Erg28",1.22236563374183
"Acadvl",1.22235331305056
"Lama5",1.22225602924417
"Ankrd13c",1.22218262030761
"Trim14",1.22211636604052
"Col6a6",1.22182316976253
"Gab3",1.22177987392282
"Cacnb4",1.22150508836161
"Chst15",1.22149647888311
"Metap1d",1.22148018573079
"Rpl13a",1.22110758267898
"LOC128095820",1.22079713832266
"LOC128103850",1.22044694848504
"Plekhg6",1.22009619092451
"Gabbr2",1.22002381901359
"Ubr2",1.21975260979895
"Tmod1",1.21970487236847
"Mcts2",1.21949033401891
"Slc26a2",1.21871528845299
"Bms1",1.21869600819849
"Hddc2",1.21842861581946
"Slc43a3",1.21841106430011
"Plgrkt",1.21828478170414
"Hmgn5",1.21790609345939
"Gmip",1.21781539808585
"Gid8",1.21766299246218
"Tmem204",1.2174934513892
"Pigp",1.21742627347233
"LOC128098623",1.21715225863315
"Nav2",1.21644933677015
"LOC128099968",1.2163552469205
"LOC128098828",1.2160990442808
"Tmco4",1.21570947881073
"LOC128096383",1.21568772871727
"Ptges",1.21548986723581
"Smoc1",1.21519249331282
"Angel1",1.21508123756126
"Rmi1",1.21506765528301
"Ccdc66",1.21502923234358
"Klf16",1.21476976220643
"Creb3l2",1.21471933312226
"Cuta",1.21407947470231
"Foxc1",1.21402242032513
"Apbb3",1.21358668689709
"Abcf2",1.21327493065003
"Gjc2",1.21270542324426
"Pierce1",1.21253326534179
"LOC128120559",1.21178852751763
"Osgin2",1.2117784692387
"Wdr25",1.21170393543061
"Qrich1",1.21166472760855
"Bri3bp",1.21152466800309
"Rpl24",1.21104307545138
"Dixdc1",1.21054495511464
"Kifbp",1.21052957342578
"Eif6",1.21037973413589
"Pate1",1.21031288464254
"Katna1",1.21028412009491
"Gcfc2",1.21022773716651
"Nphp4",1.21010248245618
"Dnm3",1.21007821472188
"B3galnt2",1.20978019765774
"Dync1li1",1.20954858236494
"Adnp2",1.2095376005661
"Smarcc1",1.20920055143625
"Cnot2",1.2090941911036
"Dsp",1.20888979795746
"Alg8",1.20857361733001
"LOC128124046",1.20833428894335
"Gxylt2",1.20828008753879
"Mcm8",1.20824584070233
"LOC128109562",1.20772877952552
"Tmco3",1.2075764604768
"Pik3r3",1.20702582149683
"LOC128120264",1.20699025233216
"LOC128118142",1.20683000633873
"Tbk1",1.20682220885173
"Ireb2",1.20670153603471
"Rnase1",1.20661406935557
"Srsf7",1.20637718093046
"Dchs2",1.20602866247602
"Tpm4",1.20537031821191
"Krt7",1.20520827045034
"Med23",1.20455019922691
"Slc30a5",1.20438908705357
"Acss2",1.20430102091
"Icos",1.20418186106212
"Dtwd1",1.20383659578339
"Mdh2",1.20382989614634
"B4galt4",1.20349862470668
"Ppm1j",1.20349043578575
"Leap2",1.2034210571775
"Wdhd1",1.20314888433401
"Hcar1",1.20313638849916
"Rflna",1.20304288828581
"Fbxo25",1.20302039350291
"Slbp",1.20275676599174
"LOC128095155",1.20214277596618
"Runx1",1.20213356954445
"Irgq",1.20203546728112
"Bcl6b",1.20178550262089
"Gga1",1.20168416411537
"LOC128099751",1.20161911738296
"Hat1",1.20154019054173
"Mkrn2os",1.20152567221189
"LOC128117089",1.20147977082111
"Styx",1.20136197356647
"Foxp3",1.20112283701108
"Cass4",1.20105305521115
"LOC128115950",1.20085269050491
"Slc52a2",1.20047427032669
"LOC128104590",1.20025948754255
"Zscan18",1.19991171314524
"Tnfsf15",1.19984549083731
"Plxnd1",1.19930220169338
"LOC128119761",1.19902776221255
"Tpt1",1.19900788984754
"Ryr2",1.19896055830885
"Galnt4",1.19846821377788
"Camsap1",1.19837850150943
"LOC128108664",1.19813374772991
"LOC128095701",1.19787905598774
"Cttn",1.19781821469794
"Slc30a4",1.19771904972612
"Grn",1.19754738585928
"Pofut2",1.19721735718587
"LOC128124468",1.19698792025236
"Trrap",1.1966889759974
"Cfap300",1.19659659779522
"Rab3ip",1.19658133529278
"Masp2",1.19639811787312
"Cep126",1.1962090641029
"Slc35b1",1.19616301119252
"Rbm39",1.19613651296424
"Kiaa0586",1.19591865063135
"Cbx2",1.19573680426083
"Dlg1",1.19549894670786
"Unc5a",1.19525842528214
"Ca8",1.19525075624968
"Hdhd3",1.19511272170008
"Tulp3",1.19494425801834
"Dnaaf2",1.19479640297779
"Tcaim",1.19443801664963
"Relch",1.19426534553847
"E2f2",1.19414367744795
"Dusp14",1.19367659742961
"Nsd1",1.19365342958567
"Slc49a4",1.19364952320389
"Mrps35",1.19360498091451
"Rangap1",1.19266534198138
"LOC128108912",1.19266032866643
"Sntn",1.19264586466137
"Psmd13",1.19235142893942
"Med25",1.19208330585464
"Mospd1",1.19198183144577
"Spata5l1",1.19165384750206
"LOC128107677",1.19154609411176
"Atp11a",1.19130215218613
"Adgre1",1.19110402679348
"Vamp5",1.19102330421623
"Pcyt2",1.19089391243188
"Napb",1.19075423745737
"Alg3",1.18996328139418
"LOC128103141",1.18981477111196
"LOC128114347",1.18972504339933
"Npb",1.18963513587729
"Cd248",1.18938504838461
"Gps2",1.18900346506833
"LOC128120249",1.18897709982125
"CUNH6orf47",1.18893591673637
"Cemip",1.18893270673493
"Sprn",1.18881496752353
"Washc1",1.18878457488944
"Znf335",1.18878023881811
"Cfap20dc",1.18837501357718
"Pold2",1.18830804782537
"Nipsnap2",1.18828007969084
"Mpv17",1.18822433710785
"Dhx9",1.18811566808521
"Mrto4",1.18800836849054
"Ndor1",1.1876333528548
"Tenm4",1.18743539099791
"Macc1",1.18724985346073
"Ppcdc",1.18722422975835
"Arih1",1.18715649851927
"Lcorl",1.18715143296161
"Mppe1",1.18685149975904
"Wee1",1.18680993407904
"Trpc3",1.18587206898654
"Zbtb43",1.18581465963415
"Ralgps2",1.18549677074829
"Srsf11",1.1854567573793
"Gpalpp1",1.18531727722656
"Brsk1",1.18513580603174
"Atic",1.18492738227027
"Klk9",1.18491584029449
"Tra2b",1.1846544358496
"Card9",1.18464931946458
"LOC128102959",1.18449894291849
"LOC128125789",1.1844098293328
"Skor1",1.18434911600772
"Clic5",1.18416720218043
"Disc1",1.18377839324859
"Napa",1.18376081144715
"LOC128113445",1.18319240095601
"Vamp2",1.18309614892531
"Sdf2l1",1.18301273588261
"Trim24",1.18285122795444
"Inip",1.18282740949677
"Cyth3",1.1827725945169
"Ddx56",1.18272298085788
"Arfgef2",1.18225931551707
"Snrpa1",1.18210911408329
"Rcc2",1.18175317961738
"Pdcl",1.18163471058558
"Upp1",1.1812784975854
"LOC128099273",1.18120529022798
"Trpc6",1.18118893710462
"Dynll2",1.18073117295399
"Carmil2",1.18047015924227
"Prr32",1.18044278329053
"Dipk1b",1.18014552464245
"Pitrm1",1.18006465864527
"Clns1a",1.17986371495837
"Dlgap1",1.17884279267519
"Mlkl",1.17864547218884
"Cd300a",1.17842148481598
"Hey2",1.17827465210633
"Rplp0",1.17823555821314
"Ntaq1",1.17813436229824
"LOC128099621",1.17792000134461
"Lime1",1.17757432161821
"Timp4",1.17755144226662
"Raly",1.1771188432199
"Tomm34",1.17703447649114
"LOC128103334",1.17664795379131
"Usp8",1.17660263081665
"Ak9",1.17606048800773
"Nrn1",1.17595841629829
"Mrpl13",1.17588543390646
"Cdc42ep3",1.17553761987817
"Boll",1.17526750045068
"LOC128110514",1.17526558580821
"LOC128124487",1.17524406810222
"Eif3j",1.17516245246656
"Ap5b1",1.17514087342127
"Ptbp2",1.17513027375858
"Runx2",1.17503273605159
"Topors",1.1750213462253
"Sumo1",1.1740580096151
"Nrdc",1.17384520213189
"Polr2e",1.17380103034009
"LOC128099691",1.17307971077097
"LOC128102477",1.17267935785435
"Naa20",1.17230722003333
"Ifngr2",1.17216623317351
"LOC128122200",1.17191994048417
"Camkk1",1.17181694833097
"LOC128125424",1.17137425562006
"Trim56",1.17135240987822
"Sri",1.17131138821162
"Thbs2",1.17126647363856
"Slc43a2",1.17123720153801
"Znf16",1.17080534738946
"LOC128099824",1.17046744824822
"Nr2f1",1.1703295786233
"Neurl1",1.17022084471648
"Zbtb8a",1.17013490724342
"Slc25a13",1.17002795808199
"LOC128094207",1.16978461718234
"Cand1",1.16943822706742
"Mgarp",1.16940055337188
"Atrnl1",1.16940038573604
"LOC128108845",1.16929294789178
"Kif20a",1.16926721877594
"Bmp2",1.16886381597282
"Fam169a",1.16839988135129
"Map4k2",1.16814866494794
"Arhgef10l",1.16813446102959
"Map3k3",1.16812139748492
"Unkl",1.16792863039721
"Pde2a",1.16789892453101
"Znf367",1.1678662525609
"Ccar2",1.16759009141867
"Dync2i1",1.16758027697607
"Alcam",1.16734548778244
"LOC128117218",1.16727188263867
"Nup210",1.16701973524273
"Rnf212",1.16692219383334
"Galk2",1.1668040070115
"Diablo",1.16654650705869
"Spata6l",1.16588437234106
"Syndig1",1.16581127579776
"Pcnx2",1.16574783166226
"Slc19a1",1.16571343296975
"Fzd7",1.1654284437278
"Csnk2a1",1.16523975384667
"Urm1",1.16475581379473
"LOC128095561",1.16464287899101
"CUNH9orf24",1.16439437631166
"Iqcb1",1.16406353447768
"Ap1ar",1.16394385233069
"Eml6",1.1639172227168
"Sdhd",1.16377586144366
"Sirt3",1.16342094983911
"Efcab9",1.16324935335802
"Kif23",1.16295978564612
"Avl9",1.16281869790197
"Cdc42ep2",1.16261832708812
"F5",1.16218983885853
"Cct4",1.16218975647267
"Mylk2",1.16218539354354
"Capn3",1.16193823138913
"Aven",1.16176719930182
"CUNH16orf87",1.16171338042617
"Nhsl1",1.16167480626304
"Ypel1",1.1613631381292
"LOC128110416",1.16090743398666
"CUNH3orf49",1.16089134319714
"Acd",1.16087684972979
"LOC128110717",1.16084316496878
"Nom1",1.16068001297175
"Dkc1",1.16040389112711
"Tob1",1.15992662241853
"Wdr18",1.15977293145163
"Pyurf",1.15946884667303
"Znf569",1.15926307237958
"Arhgef4",1.15918519375545
"LOC128108359",1.15907197290987
"Plcb1",1.15900507421296
"Ngdn",1.15885030741023
"Marcksl1",1.15848475741634
"LOC128094055",1.15840168414479
"Klhdc8a",1.15759457165794
"LOC128099765",1.15742838901365
"LOC128105431",1.1573261410303
"Abraxas2",1.15724198454889
"LOC128102265",1.15723540215944
"LOC128120387",1.1563684446395
"LOC128122147",1.15631145290598
"Tmem184b",1.15599861067026
"Arl15",1.15586454249487
"Ssna1",1.15572329043393
"Slc11a2",1.15550084188731
"LOC128103574",1.15491669847861
"Dnaaf8",1.15478750349789
"Hmgxb3",1.15461624815899
"LOC128116697",1.15438358886594
"Scn2b",1.15438322678229
"LOC128111659",1.15431141386487
"Wbp2",1.15417669092327
"Csrp3",1.15417313963849
"Use1",1.15406096289638
"Snca",1.15403246913142
"Nol12",1.15391537611303
"Rbl2",1.15373386823102
"Dars1",1.1537223394302
"Bcl7a",1.1533322610177
"Vars1",1.15312657725673
"Smoc2",1.15310681512072
"Nme3",1.15288939029697
"N4bp2",1.15277621370701
"Timp2",1.15269043404304
"Gmeb2",1.15208067594677
"Hyou1",1.15155910486618
"LOC128096247",1.15132799033872
"Sp100",1.15038357833284
"Rusc2",1.15025144601771
"LOC128122458",1.1501516117904
"LOC128108558",1.15005871178324
"Gpld1",1.15002929512636
"LOC128114363",1.14991929448666
"Mettl22",1.14971284761273
"Ppp4r3b",1.1492495004883
"Timm9",1.14913177128386
"LOC128101831",1.14903184184639
"Tnxb",1.14859666484605
"Sctr",1.1483594706579
"Dnajc5",1.14830917669237
"Znf436",1.14813116334482
"Ubfd1",1.14812306915326
"Stoml1",1.14778263436813
"Catspere",1.14753479902614
"Rlf",1.14692187488434
"Htr1b",1.14683117533566
"Abcc2",1.14643364122941
"Parp4",1.14593763699017
"Cyth4",1.14569079849561
"Qars1",1.14532399109812
"Acoxl",1.14521534729197
"Zfp90",1.14500807323414
"LOC128111024",1.14478840794271
"Igf2bp2",1.14448412471364
"Ms4a8",1.14447836662842
"Kiaa1958",1.14389605211239
"Hpgd",1.14357743841675
"Epb41l4a",1.14337431286037
"LOC128107880",1.1431879277596
"LOC128125792",1.14316190137481
"Lins1",1.14277258941232
"Arsl",1.14275466182387
"Cdc42se2",1.14270528767626
"LOC128099200",1.14260010154925
"Oxr1",1.14226393616663
"Mrps36",1.14185267482914
"Helz",1.14143009716599
"Mroh1",1.14140508237129
"LOC128124435",1.14137254310405
"Bin3",1.14068900609156
"Cdkn1a",1.1406164862191
"LOC128101774",1.13992663588402
"Nin",1.13954598059441
"Map4k3",1.13943095237433
"Scnn1g",1.13908954800326
"Golga2",1.13871512482041
"LOC128125578",1.13871244462487
"LOC128124596",1.13843312666891
"Mmaa",1.13814712575783
"LOC128120531",1.1381288541401
"LOC128097256",1.1379555132049
"Rexo1",1.13791398623782
"LOC128110395",1.13749998260547
"LOC128121674",1.13739875502276
"Fgf13",1.13735340539596
"Idua",1.13715172421191
"Lrrfip2",1.13713011158019
"Ttc4",1.13699164488095
"LOC128122422",1.13698504691543
"Ajm1",1.13658477263593
"LOC128101571",1.13645321085529
"Akt1",1.13638419215538
"Erp44",1.13608185689646
"Sltm",1.13557248786041
"Sh2d3a",1.13529332603405
"LOC128120554",1.13507871588449
"Tars2",1.1350181486221
"Sppl2a",1.13489713497193
"Galm",1.1348734281422
"LOC128113347",1.13481465792803
"Smim11",1.13473932157789
"Zc3h8",1.13447527460293
"Tnip2",1.13447368550838
"LOC128094649",1.13427785562943
"Ankrd44",1.13421720584307
"Meaf6",1.1342034740086
"Csnk1g1",1.13399452183757
"LOC128121986",1.13324051683335
"Ndufs7",1.1331948499614
"LOC128120388",1.1331670710086
"Mcemp1",1.1329320229887
"Elavl1",1.13292449617244
"Pdia5",1.13290820086507
"Ldlr",1.13279078345591
"Gpihbp1",1.13257869452583
"Agt",1.13254915845821
"Atosb",1.1320389162251
"Rab3gap2",1.13196441640751
"LOC128122855",1.13181011926358
"Rcc1",1.13163120645695
"LOC128099480",1.13076704840437
"Samd1",1.13051095862081
"Kctd21",1.13035147390063
"Dda1",1.13002708698092
"Oca2",1.1296584050691
"LOC128113617",1.12956013802717
"Krt8",1.12927282194158
"Sp3",1.12921918555855
"Sfmbt2",1.12915209966017
"Mtrf1",1.12907676786463
"Fam217b",1.12879423107262
"Csnk1a1",1.12872967758567
"Ikbkg",1.12830037548056
"Lrsam1",1.1280897347573
"Kiaa1143",1.12801400687176
"Il20rb",1.12727972289375
"Pxk",1.12663042318828
"Cplane1",1.12654037450129
"LOC128099534",1.12634911932363
"Bcap31",1.12592119729296
"Arid1b",1.12534095655437
"Hamp",1.12513774295046
"LOC128124283",1.12512739824293
"Mknk1",1.12512178101392
"Tmem87a",1.12504621218142
"Mblac1",1.1249657154391
"Chrnb1",1.12469675619843
"Mtarc1",1.12425535117192
"Jrk",1.123768942426
"Tmem232",1.12329233010253
"CUNH8orf33",1.12323476966849
"Rarg",1.12320468161046
"Elmod3",1.1232044368815
"Ap5s1",1.12318429563672
"Lrpap1",1.12280095921565
"LOC128103107",1.12254146371236
"Rab2a",1.12239900657329
"LOC128100600",1.12235093662973
"Cdk18",1.12224142748276
"Dbp",1.12197421423584
"Cdc14b",1.12170987624817
"Tnfrsf21",1.12152799155068
"Ide",1.12132061592422
"Mex3c",1.12131482217989
"Smarcd1",1.12114821924811
"Stard3nl",1.12101749623198
"Brip1",1.12091711461045
"LOC128114003",1.12082941096654
"Dhrs1",1.12081779873753
"Rac2",1.12052834826077
"Dtnbp1",1.12026098677702
"Med21",1.12011765269428
"Sox15",1.12010409358462
"Abhd17a",1.12000355667615
"Btbd3",1.11984641595418
"Hspa2",1.11977533064428
"Sgsm3",1.1195570452724
"LOC128108383",1.11942573698257
"Stau1",1.11913492080308
"Cnnm2",1.11908214266902
"Mms19",1.11903745130246
"LOC128113635",1.11879324032324
"LOC128107388",1.11878501657008
"Pcdh19",1.11860926328474
"Psph",1.1184402172535
"LOC128098903",1.11826136577943
"Pcif1",1.11808736340176
"Ankrd11",1.11783142270479
"Lasp1",1.11770168518965
"Gata2",1.11753812715595
"Gpd1",1.11752830432355
"Mocs1",1.11732760816386
"Utp11",1.11647603310913
"Diaph3",1.11645582989806
"Kif26a",1.11615741068527
"Fastkd1",1.11609585106464
"Znf574",1.11607928299326
"Dld",1.11550227474491
"LOC128110411",1.11536817657396
"Mrpl38",1.11521269189067
"Ppargc1a",1.11497407753015
"LOC128094545",1.11492629507968
"Adamts6",1.11454006798249
"LOC128099683",1.11445569365985
"Srgap1",1.11422132958197
"Sclt1",1.11415013968683
"Ndn",1.1138663061521
"Puf60",1.11322253552124
"Eif2b1",1.1125249691161
"Cic",1.11243839005982
"Gdpd2",1.11243089903087
"Fxyd7",1.11235676583079
"B4galt2",1.1122386445897
"Rilpl1",1.11219921812348
"Perp",1.111922354014
"Sar1b",1.11144630960977
"Ino80c",1.11139249862888
"LOC128124182",1.11093754871486
"LOC128093961",1.11089598841599
"Top1mt",1.11065982076719
"As3mt",1.11057744672281
"Surf4",1.11056436396559
"Cep131",1.11023154496788
"Mrtfa",1.11012450929736
"Mmp14",1.109990554382
"Chek1",1.10990398452234
"Mab21l2",1.10988378310487
"Rprd1a",1.1098257917506
"LOC128111028",1.10942723028648
"Zc3h12d",1.10918402278306
"Asns",1.10917284971656
"Ssh3",1.10902938314926
"Lifr",1.10884833878378
"Kctd6",1.1087793359044
"LOC128116286",1.10853653096765
"Syt11",1.10849640267432
"Paics",1.10837606166772
"Uba1",1.10824742213911
"LOC128107380",1.10808102250021
"Itih2",1.10807797962677
"Nostrin",1.10807685107484
"Igsf10",1.10803269218072
"Adamts13",1.10777532977022
"Slc25a40",1.10756353253891
"Cdipt",1.1072381846652
"Eif4a1",1.10723321621152
"Tm4sf20",1.10719388245895
"Lhpp",1.10704914173617
"Snx11",1.106860944978
"LOC128117617",1.10678496256558
"Rbm10",1.10672128103421
"Znf398",1.10664453282503
"Rngtt",1.10640298044127
"Ncapg",1.10613317397965
"Irs1",1.10605390433446
"Dcaf7",1.10603362864129
"LOC128111015",1.10596463674115
"LOC128094596",1.1051227154971
"Slc30a6",1.10497489069339
"Npc2",1.10479421289861
"Oat",1.10432053137991
"Upk1b",1.10358067336299
"Slu7",1.10302533682854
"Mef2b",1.10267585768196
"LOC128125297",1.10257302384585
"Dgka",1.10236955166169
"Eif2b4",1.10115362457155
"LOC128095250",1.10083649251869
"Romo1",1.10065114239539
"Adgrl2",1.10040776605826
"Btbd2",1.10023576179485
"Slc3a1",1.10009359840372
"Gatc",1.09998397590219
"Rftn1",1.0996739567901
"Rps21",1.09937317817368
"Hspbap1",1.09907353438155
"Ccng2",1.09899696895385
"Slc35f5",1.09882791267071
"Scrib",1.09854914687336
"Erf",1.09823269824545
"LOC128096496",1.09812094469587
"Ifnar1",1.09810642177752
"LOC128119852",1.09810365814857
"Efs",1.09798961046616
"Id4",1.09795096072307
"Rpusd1",1.09774167847365
"Sox3",1.0973208941388
"LOC128110387",1.0968659042929
"Mafg",1.09672900814698
"LOC128095691",1.09657473786168
"Foxo3",1.09655418179462
"Nampt",1.09640762146065
"Pank4",1.09598257623613
"LOC128118504",1.0958337594426
"Ryr3",1.09564490561903
"LOC128099602",1.09561380489552
"Htatip2",1.09544519348413
"Tsen54",1.095342307979
"Apoa2",1.09529546978879
"LOC128095788",1.09518405618179
"Umad1",1.09515709771036
"Arl2bp",1.09500504347171
"Dynll1",1.09497304717233
"Dcx",1.09480186433549
"Mecom",1.09435734464673
"Sesn1",1.09395146482832
"Galnt9",1.09390602649228
"Prune1",1.09378419754509
"LOC128099598",1.09330876760736
"Lamc1",1.09328872243428
"LOC128115771",1.09316603835756
"Csrp1",1.09294756842443
"Sostdc1",1.09265823780869
"Znf148",1.0926223440636
"Coro1c",1.09234729340777
"Frmpd3",1.09229816708863
"Rpl38",1.09219360084433
"LOC128098738",1.09192166289766
"Ino80",1.09188288161194
"LOC128098691",1.09186504063292
"LOC128108023",1.09181470825784
"LOC128099623",1.09180896663415
"Jmjd4",1.09173096911473
"LOC128124150",1.09170038191118
"Pla2g5",1.09162545733318
"Nrde2",1.09146010729678
"Slc25a45",1.09084604946884
"Arf6",1.09058077467919
"Ano7",1.09050632613646
"Pmp22",1.09015475365971
"Morn2",1.089878704932
"Stoml2",1.08963892115758
"Rhoh",1.08955287636747
"Ggt6",1.08887933953984
"LOC128122543",1.08877918060628
"Ckmt2",1.08855719014234
"Far1",1.0884792637064
"Invs",1.08841068031673
"Snx18",1.08827847857084
"Nudt16l1",1.08813600226537
"Fmc1",1.08784092886725
"Aldh1b1",1.08777003345272
"Fadd",1.08746870045029
"Tmem86a",1.08742682706425
"Otud5",1.08734428506598
"Mvk",1.08725005225047
"Fam25a",1.08710944335338
"Stard4",1.08702028224647
"Gpr146",1.08687747057497
"Skic8",1.0866975272341
"Aim2",1.08647305797606
"Sdhaf2",1.08631883314854
"Rnf144a",1.08613430085859
"Fam219b",1.08597522596195
"LOC128099676",1.08583260993912
"Zc3h6",1.08511437015747
"LOC128101073",1.08502881074085
"Ust",1.0844012770137
"Adar",1.08406743626999
"Naa35",1.08354949260417
"LOC128101839",1.08354618709636
"LOC128100370",1.0829877970811
"Eif2ak3",1.08294800127345
"Rnmt",1.08278914680614
"CUNH1orf21",1.08277205898422
"Cert1",1.08232907245042
"LOC128125498",1.08217411722658
"Cdkl4",1.08214558542755
"LOC128115677",1.0818704786792
"Cep170b",1.08185604845666
"Ccl19",1.08182067081769
"Zcchc10",1.08178226154076
"Jph2",1.08161017169518
"LOC128096627",1.08150033845652
"L1cam",1.08137449762072
"Smpx",1.08116491879546
"Gabre",1.08110000245895
"Wrap73",1.0807300517923
"Hectd4",1.08029094924681
"Pacc1",1.08012641639996
"Cfap410",1.08010658497708
"Ptger4",1.08005322584871
"Pbdc1",1.07990500640608
"Slc27a1",1.07972164557523
"Iba57",1.07950756530755
"Aldh3a2",1.07947998253092
"Fras1",1.07938080094834
"LOC128114599",1.07883061210336
"Nexn",1.07879324045258
"Ptges3",1.07868457828777
"Ripply3",1.07866662095134
"LOC128113648",1.0785224002667
"Hps3",1.07840895248879
"Micos13",1.07839114272617
"Inf2",1.07826866070458
"Cenatac",1.07813960896207
"LOC128122271",1.0780783811271
"Csde1",1.07805267024903
"Igfbp7",1.07786426681653
"LOC128118171",1.07764000960409
"Epx",1.07725505485509
"Dok4",1.07714167807963
"Asph",1.07696981082235
"Dnajc4",1.07609796770432
"Foxf2",1.07585800658814
"LOC128099444",1.075828541222
"Pkib",1.07560158810121
"Kirrel3",1.07555774948928
"Nyx",1.07515051302873
"Rhno1",1.07487907206184
"Gpc6",1.07477970978435
"Rnf8",1.07467769602525
"LOC128116578",1.07455032794645
"Plat",1.07436740972232
"Dnajc30",1.07347546188951
"Dhfr",1.07332670111322
"LOC128114371",1.07325029099936
"Apbb1ip",1.0729988797255
"LOC128112082",1.07297469703025
"Rybp",1.07286328912843
"LOC128116015",1.07285360645697
"Ankrd16",1.0726153283106
"LOC128105780",1.07228622999054
"Blm",1.07205289686847
"Kat7",1.07197960948841
"Sephs1",1.07193426444034
"Gab2",1.07188066232661
"Khsrp",1.0718209046454
"C1qtnf6",1.0717471954292
"Dennd3",1.07170118126007
"Znf106",1.0715459834882
"LOC128125158",1.07149549602398
"LOC128124848",1.07143371051247
"Cfap95",1.07132836887781
"Hoatz",1.07111092004698
"Dvl2",1.07100906173157
"Man2c1",1.07098569341603
"LOC128121840",1.07086999978885
"Htr7",1.07077806006107
"Fech",1.07040869049851
"Aldh1l1",1.07036629800834
"Usp53",1.07035138216965
"Plce1",1.07022743734377
"Slc39a8",1.07019039839073
"Slc9a1",1.07018188344151
"Elp5",1.07013138045678
"Znf7",1.06995286745463
"Nhlrc2",1.06969232335058
"Fitm2",1.06951635480403
"Lpar6",1.06919764555643
"Wipi2",1.06910621538602
"Tex15",1.06855471871894
"LOC128117662",1.06850795933368
"Zfpm1",1.06848744520613
"Kptn",1.06820834558813
"LOC128119274",1.06809975976397
"Dusp7",1.06806103840325
"Slc39a7",1.06799157702004
"LOC128097471",1.06787177860224
"Gns",1.06742079816652
"Ddx27",1.06733902851635
"Coq10b",1.06726976746208
"LOC128107227",1.06689727740862
"Strada",1.06639997703892
"LOC128121679",1.06630427048816
"Bpifc",1.06598811886796
"Brdt",1.06594795751345
"Plvap",1.06584257936314
"Tor1b",1.06575138971781
"LOC128099979",1.06531730262993
"Erich1",1.06499067872802
"LOC128108205",1.06480898570671
"Mtrr",1.06475847727377
"Atpaf1",1.06471155559105
"Ggact",1.06470719549016
"Calml4",1.06461807534189
"Gpr141",1.06445647242112
"Farp1",1.0642676852977
"Acp5",1.06423427693259
"LOC128102136",1.06417581844072
"Slc35e2b",1.06416556157592
"LOC128105421",1.0640575802568
"Ube4b",1.06340594317788
"Nelfcd",1.06326086439805
"Abcg5",1.06314949525403
"Ndufb5",1.06314352001473
"Polk",1.06302849025672
"Pafah1b3",1.06298142193805
"LOC128102736",1.06271836971243
"LOC128104632",1.06259563727003
"LOC128109632",1.06251246704132
"Znf287",1.06242972119559
"Hyal2",1.06199936773484
"Lzic",1.06174139113167
"Wdfy3",1.06162769503704
"Pttg1ip",1.06152658505881
"Axin1",1.06128899769531
"LOC128125703",1.06113731354443
"LOC128112548",1.06112874398027
"Fer",1.06094123953925
"Cct2",1.06093436236761
"Wfdc1",1.06093255885256
"Mgme1",1.06082922077718
"Comp",1.06047961136311
"Mipep",1.0604341880824
"Cln6",1.06025123857377
"Ints10",1.06024141034654
"Fam184b",1.06021234534203
"LOC128111027",1.05992481556708
"Pgf",1.05975273929662
"Kcna6",1.05949250160933
"Mrpl55",1.05947522159951
"Slc2a13",1.05944740530731
"Arap1",1.05893926814255
"Cyth2",1.05819846127338
"LOC128103031",1.05749106461591
"LOC128097570",1.05648853966916
"Col5a1",1.05621438854049
"Bola2b",1.05600494833696
"Pck2",1.05578347509802
"Dnaja4",1.05560850390302
"LOC128104137",1.05553737477919
"LOC128099057",1.05549386268509
"Golm1",1.05534826948203
"Efna1",1.05520459068122
"Mkx",1.05484617146333
"Slc31a2",1.05471333079717
"Muc2",1.05465565901562
"Prkn",1.05452745409123
"Dync2i2",1.05446655442464
"Fam151b",1.05424920756504
"Uchl5",1.05424575564096
"Znf599",1.05422016664326
"Gmnn",1.05399618561379
"Spast",1.05375362404103
"LOC128120369",1.05373974803752
"Sptssb",1.05367180331131
"Larp4b",1.05348507702065
"LOC128112698",1.05340499577385
"Fkbp5",1.05337180686464
"Pld6",1.05304857718578
"Ctdspl2",1.05282166325879
"Ppp1r15b",1.05281625629462
"Elmod2",1.05271432023223
"Znf212",1.05264176310696
"Cbx6",1.0525061624322
"Pex26",1.0522282842256
"C1qtnf1",1.05222818074145
"LOC128098070",1.05215271548591
"Gemin6",1.05212851060757
"Cog2",1.05190351413387
"Taf11",1.05174182899535
"Smg9",1.05165650873149
"LOC128105113",1.05164235554741
"Plcxd3",1.05157753409988
"Cdkl2",1.05148100882353
"Zcchc9",1.05091081533153
"Gan",1.05087787653901
"LOC128104144",1.05074208790787
"Rps6kc1",1.05062201189562
"Caln1",1.05044165115343
"Znf479",1.04998076715323
"Rpp40",1.04994527772972
"Zmynd11",1.04979715039761
"Galnt2",1.04926971309852
"Stard5",1.04923319716494
"Nppa",1.04893583964639
"CUNH19orf44",1.04891436829787
"LOC128099596",1.04885865093488
"Zcchc3",1.04876379801648
"LOC128119127",1.0485982396313
"LOC128103502",1.04854287367597
"Cdan1",1.04822507306818
"LOC128103573",1.04798638183906
"LOC128114194",1.04791910615363
"Sox11",1.04790956101874
"LOC128115244",1.04737090206195
"Ncoa6",1.04735973378327
"Il13ra2",1.04714321165557
"Gemin4",1.0470700582568
"LOC128124195",1.04689783538151
"Cib4",1.04686082497975
"Il12rb2",1.04680433795148
"Dtx3",1.04675535698623
"Wdr1",1.04672983755323
"Ccdc78",1.04665128909553
"Taf2",1.04651705215519
"Gdf1",1.04613367636167
"Ciart",1.04601008562715
"Ppp1r10",1.04596821846971
"Dctn4",1.04531066509809
"Polr3c",1.04524467698014
"Frmpd4",1.04465901954202
"Egfr",1.04459373072703
"Prelid1",1.04444713751062
"Ikbkb",1.04421631096222
"Ccl27",1.04402133978226
"Nectin1",1.04391584584077
"Aspa",1.04388293345419
"Ier2",1.04385934263974
"Bop1",1.04350768896842
"Asb1",1.04347804224956
"LOC128111660",1.04332613983672
"Tpra1",1.04304537445744
"Dph3",1.04301980232778
"Dact1",1.0429386691952
"Znf800",1.04291588237796
"Lsm4",1.0428811606435
"Wfdc3",1.04281901480025
"LOC128102486",1.04268838728997
"LOC128112910",1.04258354596351
"Ctsd",1.0424316793362
"Lhx6",1.04234011030352
"Otulinl",1.04195990333734
"Unc13c",1.04166984437113
"Glcci1",1.04154103130392
"LOC128094509",1.04148157028012
"Ube2f",1.04096792392934
"Trib2",1.04083738764153
"Supt20h",1.04060033656826
"Tp53bp1",1.04033535293391
"C2cd6",1.04014546907912
"Ppef2",1.03996601135103
"LOC128097137",1.03970278308927
"Nub1",1.03962435408353
"Krtcap3",1.03947841293619
"Synpo2l",1.03910920444831
"C3",1.03896579147579
"Dpysl4",1.03859317039702
"Sec24b",1.03850068230866
"Stard6",1.03825205295723
"Fmn1",1.03810554135413
"Taf6",1.03794836723159
"LOC128112736",1.03788738334097
"Get1",1.0378086500181
"P4hb",1.03721156740367
"Faah",1.03638873884538
"Tm7sf2",1.03632939509095
"Git2",1.03622341650968
"Cbarp",1.03620768622994
"Ogdhl",1.03613160682543
"LOC128094081",1.03588187309314
"Sstr4",1.0358812232212
"Cacna2d3",1.03574472747711
"Mettl4",1.03553910583323
"Kcne4",1.03547320528214
"Csnk1g2",1.03544845365842
"Arv1",1.03535943911816
"Dnttip1",1.03531462769821
"LOC128120598",1.03482177261182
"Ndufa4l2",1.0348077395066
"Brsk2",1.03469509892157
"Atxn1l",1.03414307838432
"Pofut1",1.03413860986544
"Six4",1.03405893888107
"Dnai3",1.03391920971412
"LOC128112713",1.03294477550011
"Lrmda",1.03266994850275
"Fbxo45",1.03181996083701
"Nipal1",1.03175615968056
"LOC128102601",1.03164050172942
"Atp5f1b",1.03140679536821
"Myorg",1.0311718422291
"Cdc42",1.03113188330806
"Znf81",1.03108215683263
"Tbx21",1.03104681158925
"Gpat4",1.03102271747809
"Unc80",1.03099951660441
"Lum",1.03081054019596
"Ptov1",1.03044598632848
"Nop9",1.03034975206588
"Nsrp1",1.03018618541756
"Fli1",1.03014490023111
"LOC128110400",1.02988888923222
"Smpd2",1.02968289338133
"Commd4",1.02964221609424
"Ccdc51",1.02953435980117
"Reln",1.0294639226329
"LOC128111876",1.02910506051133
"Aup1",1.02886634608996
"Ybx3",1.02885394984413
"Slc24a2",1.02878759656821
"Fam210a",1.02853894209409
"Stk36",1.02851113417905
"Arhgap19",1.02843615676977
"LOC128117300",1.02841566679429
"LOC128094807",1.02831179319414
"Vdr",1.02807747580035
"Nlgn1",1.02799438990945
"Xrcc4",1.02774797710396
"Smyd1",1.02773341064272
"LOC128125152",1.02766050276235
"LOC128121403",1.02757553012733
"Tlcd3a",1.02757039321669
"Flt3lg",1.02742864726903
"LOC128099247",1.02729603358025
"Ttyh1",1.02721381454283
"Gldc",1.02691259780803
"Prph",1.02683693346363
"Pex1",1.02665969982742
"Grin2c",1.02648148206416
"Pfdn6",1.02632888895928
"Mpz",1.02630059152084
"Phb2",1.02614629302383
"Hyi",1.0261146707897
"Wdr62",1.02600052806878
"Tfeb",1.02535375799381
"LOC128113328",1.0252602017642
"LOC128108534",1.02500600423037
"Jph1",1.02483717381314
"LOC128094633",1.02471475386895
"Alg1",1.02464772198831
"LOC128111767",1.02453246488098
"Ptprf",1.0245270056625
"Ezh1",1.02449974785173
"Lrrc14",1.02405751156322
"Gpr161",1.02387429217514
"CUNH6orf89",1.02369667811086
"Ccdc167",1.02365540777243
"Triobp",1.02304643274739
"Ddx59",1.0230094783928
"Krt18",1.0228351583503
"Emc4",1.02275857639598
"LOC128093947",1.02258853764703
"Ilrun",1.02250534463773
"Adrm1",1.02245455042515
"Adra2a",1.0222180335806
"Lbr",1.02187916480271
"Cib2",1.02182844564704
"Ccdc38",1.02158878908981
"Polr2c",1.02153243850465
"Mink1",1.02110944388157
"LOC128095171",1.02099456625694
"Get4",1.02090973596175
"Chad",1.0207367935996
"Cetp",1.02011968377245
"Toe1",1.01997338459192
"Pds5a",1.01993762687486
"Gle1",1.01986780603079
"Kdelr2",1.01950700575251
"Mapk12",1.01863839745363
"Itgb6",1.01832355892328
"Homez",1.01810091230937
"LOC128110665",1.01768634212105
"Ccdc28a",1.01754182012207
"Nefh",1.01741527983053
"Pigw",1.01713370343961
"Tmem131",1.01610932093208
"LOC128104003",1.01600514648168
"Eri2",1.01569663664604
"Mllt3",1.01517774111887
"Mvp",1.01497182483336
"Slx4ip",1.01497020800095
"Esf1",1.01483900351046
"Anapc2",1.0147020573225
"Rgp1",1.01462967044462
"Gar1",1.01442145068591
"Arhgef11",1.01438685564895
"Mettl6",1.01434012323379
"Smagp",1.01424871744464
"LOC128096562",1.01410071755339
"Fgf23",1.01404815898957
"Hectd1",1.01387450003589
"Klhl30",1.01385112581092
"Pdcd11",1.01379685729512
"Ykt6",1.01331096197603
"Lrfn3",1.01327313034763
"Ttc21b",1.0131541149495
"LOC128121643",1.01304038795167
"Cdr2",1.01276846855914
"Stard10",1.01271733709335
"Ptpdc1",1.01257504408945
"Tnfrsf11b",1.01251909230272
"Irf5",1.0123227366703
"Garnl3",1.01223813086904
"LOC128099365",1.01218365211186
"Frrs1l",1.01204600404504
"Fads2",1.0118850274432
"Alpk1",1.0116284786775
"LOC128111947",1.01144473079295
"Med26",1.01135988531822
"Ppp1r1b",1.0112739957669
"Snx4",1.01089595092661
"Otud7b",1.01070110151739
"Dnajc14",1.0106728069172
"Anapc7",1.01058238702944
"Mark3",1.01053943462346
"Rpa1",1.0102551373062
"Plec",1.01006985385575
"Tmem109",1.00950154190308
"Marveld3",1.00948266881591
"Col18a1",1.00922876938998
"Npas3",1.00909652977839
"Nufip1",1.00905160158308
"Sult1a2",1.00860969912793
"CUNHXorf38",1.008368635636
"Prxl2a",1.0080212176853
"LOC128124684",1.0079952991431
"Ripk2",1.00774568988453
"LOC128104266",1.00772885988013
"Naa40",1.00761956744972
"Bbs10",1.00754213407988
"Nup43",1.00753447665325
"Chpf2",1.00746244055161
"Haus4",1.00728435145437
"LOC128111170",1.00723341362204
"Eif4e3",1.00700429784436
"LOC128108844",1.00695899350554
"Nek11",1.00689176472947
"Tmem140",1.0068159770603
"Gabrd",1.0063115580205
"Tnfaip3",1.00628374962116
"Gpr155",1.00614924955072
"Dnajc24",1.00609086381163
"Dclre1c",1.00590361040199
"Kcnk7",1.00587255065576
"Satb2",1.00574786280934
"Tepsin",1.00559843384279
"CUNH16orf54",1.00555633018262
"Dtd2",1.00543763606848
"Ipo5",1.00543138008312
"Josd2",1.00540400395527
"Gpr45",1.00486395957207
"Nacc1",1.00457540574235
"Ppp1r21",1.00446196721724
"Slc5a6",1.00396075658952
"Tmem101",1.0036851525758
"Spcs2",1.00363209311385
"Phf19",1.0035258234904
"Galnt15",1.00347814499382
"LOC128114550",1.00330828595545
"Kcnd2",1.00326222899426
"LOC128109606",1.0028859368885
"LOC128117976",1.00257643968597
"Slc51b",1.00248687069235
"Hspbp1",1.00154481854336
"CUNH8orf88",1.00146385742443
"Gpr89a",1.00126790443642
"Srp72",1.0011995984124
"Pgd",1.0010960138565
"Dhx57",1.00099998084888
"Pigq",1.0008329024723
"Trim38",1.00081591879443
"Best2",1.00067681866387
"Grm3",1.00048164207816
"Rfwd3",1.00047306593509
"Klhl5",0.99990728615074
"LOC128110374",0.998635858409166
"Lrrc25",0.998413484744527
"Nln",0.998344576968823
"Lmod2",0.998336770900456
"Vsir",0.997468544335505
"Cops8",0.997371659591044
"Gp1bb",0.997231974025972
"Tmem161a",0.997186261890404
"Pigu",0.9970682723052
"Tmem33",0.9970647022607
"Gpatch3",0.996935097760848
"LOC128117132",0.996893656038627
"Mavs",0.996812148735361
"Lyg2",0.996676206348006
"Sigirr",0.996630654201234
"Mtch1",0.995549069419287
"Plaat5",0.995532132059219
"LOC128122723",0.99551097718101
"Tbl2",0.995362861666635
"Gpr137",0.995239193567812
"Mrm1",0.994925513270348
"Mob3a",0.994636330057792
"Slc25a42",0.994518956678503
"Rspo3",0.994010093617137
"LOC128112359",0.99400788261492
"Phyhipl",0.993828472000345
"Vcpkmt",0.993642782632211
"LOC128118168",0.993528202070137
"Ckap2l",0.993489983623075
"Ston1",0.993254182217515
"Odf2l",0.992907181694186
"Tnpo3",0.992714278127345
"LOC128116024",0.991598276376086
"Psrc1",0.991232612898826
"Runx1t1",0.991052010465297
"Mettl25b",0.99077003580844
"Nrgn",0.990730455640831
"Rasgrf2",0.990600818919324
"Slc35g6",0.990421933976481
"Rilpl2",0.990364888660432
"Grtp1",0.990252125426849
"Chrm2",0.990058195394082
"Nhlrc1",0.990029210510792
"LOC128094694",0.989900062619197
"Zdhhc16",0.989852947874598
"Pcdh15",0.989176340251763
"LOC128105392",0.989080226574113
"Tmod3",0.988922690033655
"Samd9l",0.988920947958325
"LOC128103208",0.988760037988849
"Nploc4",0.988229432825029
"Mettl15",0.988223773585391
"Ccdc157",0.98821502727897
"Mmp7",0.98809063563133
"Atp2b4",0.988087449739811
"Pcdh9",0.988015367225127
"LOC128120742",0.987933569603437
"Faap24",0.987827270327715
"LOC128102196",0.987790956149493
"Fbln1",0.987740692751391
"Lipt2",0.987392066400347
"Sf3b1",0.987381539455513
"Heatr5b",0.987297906559956
"St3gal1",0.987167302008503
"Atrx",0.98698824201546
"LOC128099551",0.986882378859129
"LOC128096908",0.986797919803909
"Fchsd1",0.986716242406277
"Ung",0.986570778434785
"Snta1",0.986513901079082
"Tmem50b",0.986126028786131
"Ppfia2",0.986004644590987
"Cops3",0.985896060613277
"Ctsz",0.985522885825748
"Ddx6",0.985463931260314
"Rnase6",0.985272163295151
"Cbx7",0.985224205347976
"Tmbim6",0.984882751043134
"Hbp1",0.984347861899706
"Bfsp1",0.984324026543795
"LOC128101750",0.984312125541765
"Npr2",0.984221014633874
"Rgs1",0.984100865168737
"Pold3",0.983977310785421
"Mical3",0.983866728584745
"Tm2d2",0.983090491649791
"Midn",0.983007503519361
"Morn1",0.982743637816901
"Col4a5",0.98240214053283
"Esr1",0.982376581210108
"Tfb1m",0.981997753152064
"Brk1",0.981876628576888
"Lpin2",0.981505704024404
"Rps4x",0.981384775274461
"Usp45",0.9811795180605
"Ism1",0.980827898393445
"Etfa",0.980536115816107
"Neurl1b",0.980518683519144
"LOC128110687",0.980285828034127
"LOC128115349",0.979994735758497
"Sox12",0.979898937469525
"Dcaf17",0.979589686133541
"Nemf",0.979392270550771
"Il23r",0.979346788779672
"Psma4",0.979330811002806
"Vwa5b2",0.979245870042677
"Marchf5",0.978789970101837
"Ccnt2",0.978562400466456
"LOC128107412",0.97837986850478
"Arfgap3",0.9781236090005
"Pgap4",0.977949492099473
"Hsh2d",0.977867770693722
"Tacc3",0.977583902369714
"Bche",0.977457796837954
"Exoc8",0.97733032783905
"Tex48",0.977299061012959
"Tinf2",0.977298147567407
"LOC128116225",0.97718868485979
"Incenp",0.977033990925158
"Trmt112",0.976644081539039
"Stam",0.976558887378016
"LOC128093933",0.976207750510269
"C1qtnf2",0.975966806618156
"Whrn",0.975655669357455
"Myo9b",0.975580705923649
"LOC128114211",0.975575872303714
"Sardh",0.975311654672299
"LOC128108885",0.974916382903968
"Lrrc75a",0.974826864528726
"LOC128098071",0.974745367067233
"LOC128104464",0.974665578206152
"Gzf1",0.97417992166676
"Ubac1",0.97368394687222
"Mastl",0.973420247099351
"Nr2c2ap",0.973229602982763
"Nccrp1",0.973189827733297
"Ighmbp2",0.972965932563757
"Cramp1",0.972843077617313
"Usp35",0.972812410736034
"LOC128114259",0.972752576671249
"Spock1",0.972497091580894
"Sf3b4",0.971916894100534
"LOC128100117",0.97161536372615
"Gria2",0.971122246008031
"Chd4",0.970885767875632
"Bglap",0.970427071877336
"Entpd2",0.96985075390078
"Znf280b",0.969671141621281
"Cep104",0.969613060004541
"LOC128095692",0.969532631221488
"Spa17",0.969508414823975
"LOC128116862",0.969317126789861
"Nt5c1a",0.969263640463299
"Shc3",0.969248890699081
"Stk38l",0.969247954443385
"Agap2",0.969247670363522
"Ppib",0.969204700656186
"Cplane2",0.969190783679969
"Mst1r",0.969092785643127
"Tmc5",0.968810198259757
"Ss18",0.968654919586914
"LOC128111707",0.96845915232633
"LOC128124466",0.968403476887005
"Znf384",0.967563900398888
"Ptgdr",0.967430984733483
"LOC128120628",0.96670398417956
"Cd2ap",0.966422073443584
"Fut9",0.966415358032514
"Ss18l2",0.96640506853077
"Mpp4",0.966008563119606
"Slco2b1",0.965969584593191
"Zfand2a",0.965697691418771
"Eif3b",0.965606822433177
"Sgms2",0.965373207357608
"Ciao3",0.965340398008389
"LOC128118626",0.965222463160794
"Gmpr",0.964352693237721
"Mucl3",0.964349888250847
"Tsnaxip1",0.964166868853569
"Ints7",0.964098146706559
"Ssu72",0.963873517547917
"Focad",0.96382986281657
"Gna15",0.963674794667696
"Prex1",0.963434244686763
"Zfp92",0.963232698635798
"Zc3hav1",0.963161424102984
"Sap30",0.963013257854345
"Arl13a",0.96290016212888
"Pacrgl",0.962677307703141
"Msto1",0.962614110417028
"Tspan31",0.962605183217762
"LOC128120192",0.962593534553216
"Erich2",0.962498413023944
"Tpd52l1",0.962229558391535
"LOC128111572",0.962036695404268
"Crip1",0.962024358775636
"Grin3b",0.961857324725926
"LOC128106412",0.961711897908474
"Tssk2",0.961385740436523
"Dohh",0.961000962351404
"Sf3b2",0.960919649598721
"Epm2aip1",0.960885070175592
"LOC128112980",0.96069720659854
"Wasf3",0.960697068351747
"Rell2",0.960683602848236
"Anks3",0.960640077042648
"Ddx39b",0.960080097762917
"Ube2q2",0.959709175633208
"Usp40",0.959440691887153
"Nup35",0.959336759083531
"Ccdc142",0.95849856049279
"P2ry1",0.95849480881907
"Negr1",0.958460677666418
"Thrsp",0.958337755852631
"Mcf2l",0.958228690472929
"Ror1",0.958120198609602
"LOC128125010",0.958065538858079
"Gpn1",0.957668210119648
"LOC128115714",0.957589649993243
"Tsc22d4",0.957393725449128
"Ubr5",0.956844169037014
"Sun1",0.956629151965598
"Hnrnpul1",0.956618474714172
"Iqub",0.956572138862938
"LOC128114946",0.956287395934429
"Ubap1l",0.956267818853348
"Tp53inp2",0.956261905574025
"Thumpd1",0.956126082262386
"Tnnc1",0.955497541788156
"Nat14",0.955429367362077
"Gmpr2",0.955379661270722
"Cnih4",0.95513510233297
"CUNH1orf109",0.955045893130892
"LOC128097028",0.954905350737388
"Ift122",0.95483132209359
"Alas1",0.954715721528953
"LOC128099505",0.95425230806801
"Pik3c2b",0.954202438311774
"Rps6ka6",0.953985605872463
"Unc5b",0.952974275598681
"Lin7b",0.952874173238278
"Dynlrb2",0.952685720428214
"Cpsf7",0.952352346607055
"LOC128105566",0.952253830646492
"LOC128125392",0.952195861731274
"LOC128120298",0.951910017127365
"Lmna",0.951657679115409
"LOC128115107",0.951483345922278
"LOC128099595",0.951380419856281
"Slc26a4",0.951314375830513
"Adgre5",0.951259188778537
"Efl1",0.951207249647794
"Srcap",0.951116485912081
"Ddx49",0.951088222056985
"LOC128112971",0.950888702529307
"LOC128115698",0.950839521757196
"Parp2",0.950806361788386
"Scly",0.950471635898738
"Mex3d",0.95046736308051
"Prim1",0.950312314115921
"Slx1a",0.950156874602402
"Fcf1",0.949804931337849
"Rnf41",0.949521127736737
"Rpl7l1",0.949516375324064
"Tmem50a",0.949388116941074
"LOC128115681",0.949267486804655
"Abhd4",0.949042460704706
"Slc17a8",0.948809970915412
"LOC128096431",0.948758108929061
"Tmem91",0.948756066675033
"Bicral",0.948260060394361
"LOC128114512",0.948129743092707
"LOC128094657",0.947982830772843
"Amt",0.947821437878832
"Nt5e",0.947774092833578
"Lamtor2",0.947768256704698
"Polb",0.947147051475829
"Adcy9",0.946994895427539
"LOC128121045",0.946897314510785
"Gins4",0.946614456302897
"Usp50",0.946367995529399
"LOC128117164",0.946220728033124
"LOC128124976",0.946122380524607
"Ndufa12",0.946113837803994
"LOC128107545",0.945761098980773
"Il6r",0.945759605479281
"Gpc1",0.945702835307599
"Nfia",0.945315796447659
"Klhl29",0.945310866352109
"Ip6k2",0.945276107221227
"Smim6",0.944924351655738
"Tmem67",0.944901235378115
"Prdm16",0.944900347862169
"LOC128118521",0.944766317203134
"Espn",0.94469431249389
"Kiz",0.944353095268124
"Slc38a10",0.94426980521192
"LOC128122548",0.944221902400636
"Six1",0.944216812818636
"Sncg",0.944177965731693
"Rtn4ip1",0.944168602781035
"Smarcd3",0.944108585787254
"LOC128115874",0.944016800618362
"Adam22",0.943812970478548
"Ccdc88b",0.943716976737951
"Bnip1",0.94352715330036
"Eif4b",0.943524144347396
"Gpr108",0.943260893647493
"Sike1",0.943135147401771
"LOC128110549",0.942863201582912
"Utp3",0.942598000779174
"Rfxap",0.942530711219311
"Mybl1",0.942370292615121
"Znf512b",0.942291873054152
"Epc1",0.94212833199262
"Stard7",0.942119727482468
"LOC128118658",0.941910532991062
"Znf777",0.941760778888048
"Fgfbp1",0.94165647897692
"LOC128112301",0.941538558410706
"LOC128110659",0.941330387786138
"Cdk20",0.94126486196387
"Dlst",0.941237697440252
"Mtif2",0.940552080690775
"LOC128110816",0.940519053569367
"Sap25",0.940507506296103
"Kcna3",0.94048131603137
"Gtf2h1",0.940237999401751
"Hnrnpul2",0.940116966720025
"Taf1c",0.939907522554767
"Glb1",0.939432087817284
"Ptdss2",0.93927744089824
"Itga8",0.939024956319506
"Usp18",0.938309748211595
"LOC128098259",0.938280119197981
"Msra",0.93806967276954
"Hars2",0.938058468371878
"Slc16a11",0.937787855057058
"Pnpt1",0.937713285548416
"Tmem132a",0.937670132651976
"Errfi1",0.937131063264141
"LOC128105937",0.937066825599067
"Crtam",0.937034526017685
"Adra1d",0.937015873995763
"Shld2",0.936971038619439
"Csmd3",0.936812551092169
"Slc2a4rg",0.936759160367001
"Hepacam",0.936635693233506
"Hfe",0.936405235192252
"Immp2l",0.936259710034749
"LOC128123077",0.936165852098003
"Irf8",0.93593935455942
"LOC128107115",0.935898289518743
"Atp5mc3",0.935667662260914
"Armh3",0.935539749427708
"P2rx6",0.935532818425642
"Tmem234",0.935429030151818
"Fam81b",0.935409381465216
"Erbb4",0.935372435669472
"Ccdc97",0.935307763595437
"Dap3",0.935234134181274
"CUNH19orf25",0.935203058002099
"Leng1",0.934536831587107
"Ccdc61",0.9344289384358
"LOC128123590",0.934285002366386
"Isoc1",0.934238735772874
"Psmc3",0.934210118188117
"LOC128112060",0.93401204227573
"Pgs1",0.934002135370319
"LOC128101048",0.933774745915252
"Pdgfrl",0.933686131145966
"LOC128109890",0.933591356161794
"LOC128107024",0.933516515917961
"Wasl",0.932998092960515
"Prkab2",0.932827017894534
"Rhoa",0.932751653546054
"Pdzd11",0.932397348357521
"LOC128095133",0.93189256324478
"Tcea2",0.931755951280064
"Kcnc4",0.931676515675339
"Mphosph9",0.931662627776596
"Agk",0.931534559068213
"Vps11",0.931316930138855
"LOC128120984",0.931094132994775
"E2f5",0.93102080948769
"LOC128117450",0.930557855207836
"LOC128099687",0.930037070204181
"Dusp28",0.929921339620141
"Ift80",0.929806780589462
"Rbm22",0.929784668811074
"Mrnip",0.929607639441425
"Slc13a2",0.929512263667504
"LOC128114658",0.929370076227653
"LOC128096740",0.929183873019267
"LOC128108297",0.929091970812699
"Spink1",0.928938162855197
"Nipal3",0.928887760385153
"Dact2",0.928040244289889
"Arel1",0.927891432163179
"Gga2",0.927884470405596
"Stc2",0.927344582987575
"LOC128102858",0.927291543806463
"Wiz",0.927227622830859
"LOC128095243",0.927217352274208
"Lrrc4",0.927069172623029
"Nlrc3",0.926778014306913
"Rita1",0.926321546762857
"LOC128113369",0.926244489387403
"Akr7a3",0.926169324415383
"Treh",0.926134038416793
"Cnot11",0.925931271754157
"Odad4",0.925789805439903
"Oaz3",0.925686552981757
"Parvg",0.925257783246208
"LOC128114293",0.924717125150837
"Cxcl10",0.924532410029106
"Cebpg",0.924005619898658
"LOC128124183",0.924002070216362
"Dph2",0.92390832213722
"Slc20a2",0.923820586576273
"Fbxo21",0.923818415560475
"LOC128095388",0.92381190358026
"LOC128103613",0.923537495759196
"LOC128120608",0.923214862455967
"Slc35e4",0.922894675092066
"LOC128099752",0.922861906287001
"Polr3d",0.922674826568972
"Stbd1",0.92250373795676
"Nudt15",0.922436339660434
"Sh3bp5l",0.922350391496098
"Cd44",0.921520976907481
"Dgkq",0.921511783857463
"Nkx6-2",0.92125412563405
"Crybg1",0.921232244412209
"Layn",0.920963734741465
"Rpsa",0.920835931172495
"LOC128103286",0.920691728749901
"Magi1",0.920663553884027
"Ifngr1",0.920655592591796
"LOC128110404",0.920597599943246
"LOC128099749",0.920461858425484
"Map2k2",0.92021557145174
"Exoc1",0.9201791560326
"Arnt",0.919993997896198
"Ipo13",0.919957561615619
"Nmd3",0.919886593064112
"R3hdm2",0.919865147691906
"Tctn2",0.919753989776075
"Prmt5",0.919577291796848
"LOC128115752",0.919168172166479
"Ccnjl",0.918951861593318
"Cntnap1",0.918766348540517
"Znf628",0.918760807244275
"LOC128095365",0.918694145929784
"Omp",0.918690964478748
"Glis1",0.918582087305288
"Slc6a4",0.918555173386785
"LOC128124186",0.918547540996371
"LOC128094763",0.918449835525667
"Casp6",0.918338446864665
"LOC128095414",0.918108526249884
"Sgsh",0.917928045440439
"Ap2a1",0.917897810762426
"Synpo",0.917896135550371
"Aoc2",0.917592889915412
"LOC128105622",0.917349404544085
"Zc3h12c",0.917309425742583
"Alkbh8",0.917263202620882
"Creb3l4",0.917207341506376
"LOC128100781",0.91706544913439
"Ndufa13",0.916852688982786
"Khdc4",0.916517048513346
"Tifab",0.916379210757991
"LOC128098811",0.916093818215734
"Tjp3",0.91598039269272
"Pomgnt2",0.915848227671813
"Pgls",0.915751115238759
"LOC128103615",0.915638683457491
"Adpgk",0.915635789888986
"Znf580",0.915514579763987
"Anapc4",0.915057050384385
"Wdr5",0.914944281277424
"Leng8",0.914805418120589
"LOC128099710",0.913989358790341
"Rrp12",0.913892526727132
"Cpa3",0.913774682507874
"Hsd11b2",0.91362678433244
"Ppp1r9b",0.913510726239058
"Vdac3",0.913196627295519
"LOC128098781",0.912570600804682
"Mtfr1l",0.912543615528035
"Znf169",0.912484934706604
"Plekhh3",0.912391176067705
"LOC128097203",0.912005123961116
"Clec9a",0.911939247554047
"Pigo",0.911930312418825
"CUNH7orf50",0.911924180561746
"LOC128121842",0.911909003095076
"Fads1",0.911889128042879
"Snip1",0.911876957721941
"Ttyh2",0.911761587869858
"Sgpp2",0.911627408643419
"LOC128102174",0.911371957881422
"Cfap61",0.911108909182387
"Egfl7",0.911101993390487
"Cdk2",0.911018783455009
"LOC128120072",0.910919850921421
"B3galt5",0.910754758256997
"Cdk3",0.910488402431588
"LOC128121659",0.910368510433438
"Vcan",0.910273445654791
"Cebpa",0.909978282341128
"Ankrd39",0.909820256810855
"Rad54l2",0.909768237768365
"Nnat",0.909713619595912
"Pkn3",0.909699170636453
"Kdsr",0.909698606865765
"LOC128115645",0.90941426540636
"Ift81",0.90940406983287
"Tmed10",0.909327761483472
"Ccdc149",0.909319297049136
"LOC128112220",0.908985717963295
"Slc27a6",0.908616146146779
"Aldh1a2",0.908579602524797
"LOC128109823",0.908524961368566
"Baz2a",0.908505914555815
"LOC128097352",0.908315757456002
"Rprd2",0.908220731005729
"Agmo",0.908212761784552
"Stk17b",0.907694826090669
"Sfta2",0.907642368851627
"Ggt7",0.90721182283986
"LOC128116171",0.907201064985987
"Depdc7",0.907078672715077
"Abcb10",0.907078310093196
"Nr2c1",0.907012023076923
"Actb",0.906929867606902
"Vps25",0.906493645237827
"Prelid3a",0.906439814834886
"Prpf40b",0.906205244806839
"Nck1",0.906188167409196
"Sh2d5",0.905755561963271
"Surf2",0.905680581680951
"LOC128120201",0.905525493050316
"Pate3",0.905116991201566
"Scube3",0.904871266864286
"Mertk",0.904643499309149
"Eppk1",0.904312774832963
"Frs2",0.904262800154993
"Zmynd15",0.903855528246565
"Macrod2",0.903508283400416
"Znf691",0.903441739723626
"Znf710",0.903313472641003
"LOC128108517",0.903255183931966
"Vps39",0.903232148011138
"C1qtnf3",0.902863415051003
"Phc2",0.902804278048167
"LOC128121760",0.902286033494463
"Amdhd2",0.902247938346823
"Gpr156",0.902215787570386
"Slc25a27",0.902114069842545
"LOC128111061",0.902108656140741
"LOC128116211",0.901718778246372
"Gpnmb",0.901499463818109
"Clstn2",0.901463653983228
"LOC128122231",0.901413403420712
"Phip",0.901311565589556
"Rnf138",0.900921535504213
"Ganc",0.900813168657955
"Timm17a",0.900529347016231
"Actn3",0.900484169934898
"Kiaa2012",0.900462979808036
"Cacna1g",0.900255334552332
"Cdin1",0.900212043207452
"LOC128103735",0.899869332421941
"LOC128120582",0.89966380731365
"Evi5l",0.899625967451844
"LOC128121244",0.899481638017265
"Med9",0.899265537325694
"LOC128117309",0.898925119005201
"Ptpn11",0.89841999636814
"Agrn",0.898296530661788
"Cers5",0.897909364916354
"Uhrf1",0.897420091425595
"LOC128106103",0.89718620632186
"Rnf208",0.897040534435377
"Colgalt1",0.8969335852737
"Lpar3",0.896931185618576
"Atp8a2",0.896871274543786
"Cdcp2",0.896694167974865
"Dhrs3",0.89656699957749
"LOC128109838",0.896474951977423
"Fam133a",0.896373999019728
"LOC128121218",0.896288718385146
"Parp8",0.896218898509616
"LOC128110807",0.896105768701025
"Gkn2",0.896049048092475
"Cnot3",0.895954262964951
"Oxld1",0.895870752088126
"S1pr5",0.895843128177006
"Slc25a17",0.895738474152897
"Tubb4b",0.895633433757004
"Fam83e",0.89535208503478
"Fam171a1",0.895153306213289
"LOC128122434",0.895097230808263
"LOC128115718",0.89486321086408
"Ctps1",0.894687526181282
"LOC128116396",0.894541620328243
"Ufsp1",0.894531664934702
"LOC128108361",0.894501009936178
"Septin9",0.894445607437858
"Rragb",0.893415974336964
"Ffar2",0.893306037067293
"Coro2a",0.893153347129531
"Zdhhc5",0.893101020600091
"Wdr19",0.892875177924384
"Fchsd2",0.892863219638448
"Acot11",0.892584972035893
"Slc35d2",0.892534025545768
"LOC128121537",0.892299586475736
"Garem2",0.892201341829846
"Tead2",0.892180539572897
"Rab11fip4",0.891644898819483
"Nap1l1",0.891564371331305
"LOC128095565",0.891497628881799
"LOC128108364",0.891358392452097
"Cbfb",0.891239372009375
"Chmp4b",0.891218104621945
"Rpgrip1",0.891090965413522
"Ddx21",0.89100815325786
"Tbc1d10b",0.890692545371327
"Serpina10",0.890516040219405
"Ap4e1",0.890461807277308
"Gatd3",0.890452756166347
"Phf2",0.890385861829239
"Nmt1",0.890228648112421
"LOC128119608",0.889977671636771
"Rtn4rl1",0.889763314949027
"Ythdf1",0.889690171285075
"LOC128104645",0.889362829539991
"LOC128105635",0.889263593353969
"LOC128103335",0.889257944161714
"Pex5",0.88922996656753
"Chek2",0.889210014735207
"Kif1b",0.889092499079678
"Uck1",0.889030822410264
"Zfhx2",0.88902677407248
"Pabir1",0.888993141828708
"Larp1",0.888877346225543
"LOC128121771",0.888567883982556
"Olfml3",0.888520299544461
"LOC128101344",0.888416520098304
"Zbtb24",0.888194993698408
"Ankef1",0.887586167729697
"Micall2",0.887524357732478
"Gypa",0.887424071860288
"Med10",0.887373188131949
"Pald1",0.887105024885801
"Adk",0.887075646458299
"Trpm4",0.886643135859478
"LOC128095526",0.886227054096273
"Gng13",0.886108527415873
"Nod2",0.885825553840346
"Znhit3",0.885730507874089
"Prom2",0.885480582892057
"Pot1",0.885478795898081
"Gtf3c5",0.885336812994192
"Ncstn",0.885182165191104
"Ctss",0.885127623179656
"Ap3s2",0.885032444795436
"LOC128119637",0.884787537489377
"Psme3",0.884421080549227
"LOC128125208",0.883363878404733
"Dph6",0.883310080317496
"Insyn1",0.883306532489198
"LOC128101401",0.883294168083537
"Vps51",0.883250926729776
"Kank1",0.882771469584198
"Klf13",0.88250569344711
"LOC128099969",0.882440993949092
"LOC128106366",0.882358035532216
"LOC128098548",0.882291589906678
"Crnkl1",0.882289710784575
"Cxcr4",0.882041292094815
"Cdc42ep4",0.881998382667714
"Slamf8",0.881917813598173
"Nyap1",0.881851863849911
"Tmem25",0.881703591359257
"LOC128102020",0.881458089313111
"Dctn1",0.881341628270892
"CUNH2orf73",0.881265393654881
"Fance",0.881052618203762
"LOC128107852",0.880577465297074
"Klhdc7a",0.880503463587415
"Sphk2",0.880431581745442
"LOC128122265",0.880366529418312
"Islr",0.879971904393217
"LOC128106338",0.879770736210698
"Clic1",0.879641465319566
"Cenpt",0.879615839958205
"Slc6a2",0.879470968376533
"Ldb3",0.879467355931295
"Nmt2",0.879373879545463
"Clstn1",0.87921702324478
"Gabrp",0.879145656946044
"Atg7",0.878904539321484
"LOC128096518",0.878663476873911
"Tecpr1",0.878436216956314
"Tceal8",0.878385293875056
"Ccdc198",0.878360216846317
"LOC128116856",0.878248120619287
"Gpkow",0.878227240150063
"Tmem88",0.87819939074797
"LOC128121353",0.8780164071804
"Clpb",0.87794688880502
"Zdbf2",0.877703418764322
"LOC128106999",0.877616027449126
"Lrrc39",0.877558096214636
"Suds3",0.877456808191896
"Gucy1a2",0.87727159982605
"Susd5",0.87723569012332
"Nup37",0.877109110644095
"Jdp2",0.87705231957042
"Isg20l2",0.876905282318022
"Atxn10",0.876669395038527
"LOC128097418",0.876535329452313
"Sh3bgrl3",0.876478568676809
"Hm13",0.876476137916957
"Cysltr2",0.876324336718882
"CUNH1orf210",0.876292555484524
"LOC128111724",0.876260250974272
"Eef1e1",0.87618043865551
"Shroom4",0.876147352038594
"Wsb2",0.876123766733609
"Dcp1b",0.875899659217664
"Lrp10",0.875890118278813
"Dus3l",0.875857868173136
"Mmp24os",0.875821758655855
"Lrrc58",0.875733987911626
"Treml1",0.875550828524709
"Serpine2",0.875297387842743
"Asb7",0.875206839217026
"Ube2l6",0.87516600997938
"LOC128112288",0.875066685506205
"Muc19",0.874505646576817
"Pdpn",0.874376171669638
"Ppfia3",0.87427659552499
"Jak3",0.873838135132056
"LOC128125810",0.873702390482693
"Ap3m1",0.873594336754572
"LOC128098217",0.873418832658645
"Plpp3",0.872875398648726
"Nkain4",0.872748018879619
"Xg",0.872448819146195
"Boc",0.872073719720333
"Dennd6a",0.87206781325974
"LOC128108663",0.872009941987041
"Madd",0.871745698270264
"LOC128117924",0.871232863494672
"Cntnap2",0.871084310778609
"Smn1",0.870956729371028
"LOC128121043",0.870476818208689
"Phldb2",0.870447430937612
"LOC128097702",0.870314725534209
"Cad",0.870311561351921
"Coq10a",0.870255155445534
"Rnf182",0.870248070703175
"Tex10",0.870142586144684
"Cln8",0.870097399228351
"LOC128117232",0.870093294773643
"Chchd5",0.869980949974971
"Mafk",0.869941092884962
"Pgam2",0.869855633158295
"Itgb1bp2",0.86985236793595
"Atp23",0.869618015103477
"LOC128119432",0.869430174001552
"CUNH10orf95",0.869068277004951
"Slc66a1",0.868931854261768
"Znf12",0.868926963908007
"Osbp2",0.868832793379066
"Macrod1",0.868622761393734
"Tysnd1",0.868398283638384
"Mrps2",0.86801872765412
"Yars2",0.867780393997063
"LOC128121475",0.867475889617668
"LOC128104870",0.867460451351476
"Srek1",0.867088472198541
"Cdc37",0.866991556680551
"LOC128119390",0.866573902266181
"Adat1",0.866522075596078
"Tasor2",0.866503512111563
"CUNH15orf62",0.866290374320253
"Pwwp2b",0.865832465038605
"Tsc1",0.865786530949732
"Tmem63b",0.86570361218291
"Selp",0.865646478544551
"LOC128106240",0.865501978492314
"Hspb8",0.865416893397329
"Me3",0.865376901019086
"Gldn",0.865278802885768
"Kazn",0.865182288770042
"Clpp",0.865134086642083
"Atp6v0d1",0.865111563053339
"Nphp1",0.864657089844515
"Tmem271",0.864622316504899
"LOC128113856",0.864616729511709
"Slc7a14",0.864538442694324
"Pla2g6",0.864502897061545
"LOC128113155",0.86407148917754
"Dffa",0.863655100474969
"LOC128117964",0.863625703807945
"Tmem176b",0.863453647853591
"Asrgl1",0.863343906992767
"Usp37",0.863215345650771
"Kcnip2",0.86312525168574
"Tp53i11",0.863106413886426
"Tm4sf1",0.862964549749293
"Tmem44",0.862760926341705
"Actn1",0.862690642427835
"Lmx1b",0.862606997724117
"Daam2",0.862584005260847
"Actr1b",0.862505297057172
"Vsig10l",0.862424129523836
"Stk31",0.862411635274935
"Tradd",0.862132990928714
"Pcdh12",0.861962371723986
"LOC128122420",0.861663392703343
"Arhgap39",0.86109925716319
"Pi4k2a",0.860814159171602
"Map7",0.86070859694087
"Tp73",0.860579308194
"Naa38",0.860419752656309
"Sos2",0.860220890458314
"Cchcr1",0.860095033692585
"Atp1b1",0.860076256992106
"Leng9",0.85998383951634
"Cwc27",0.859591784801394
"Mrpl37",0.859347093775615
"Proser3",0.859279392000138
"Gata1",0.859113483313063
"Tmem208",0.858862627533516
"LOC128095650",0.858780773053806
"LOC128111779",0.858740183094616
"Nudc",0.858532599834213
"Clic6",0.85841786839152
"Znf655",0.858048783105843
"Nts",0.857894190522734
"Pnpla3",0.857855389050529
"Kcnh7",0.857780891775644
"Ccdc15",0.856921314042258
"Spn",0.856874510791369
"Entpd4",0.85662419898317
"LOC128094746",0.856040285952411
"Ptprm",0.855998272224114
"S1pr4",0.855897554109066
"Sod3",0.855783710791446
"Ece2",0.855557859545872
"Ssx2ip",0.855524658046563
"LOC128099587",0.855060096599723
"Rsad1",0.854951711141146
"Celsr2",0.854909469665456
"Slc35c1",0.854657878298138
"Rasl10a",0.854390451444419
"Dab2ip",0.854328563268189
"Stip1",0.853621518689749
"Mitd1",0.85356985022497
"Exo5",0.853357412305093
"Kctd13",0.853289272187353
"Kdm4a",0.853024224523737
"Nacad",0.852924297369368
"Inppl1",0.852772458532803
"Rbp4",0.852638430823397
"LOC128107767",0.852416699182322
"LOC128118482",0.852140592170751
"Cfap107",0.852027558652915
"LOC128124920",0.851824279812319
"Itgb8",0.851361352307569
"P4ha1",0.851345739929465
"Samd12",0.85108867235522
"Srsf9",0.850969939891617
"Hrc",0.85096970976784
"LOC128120590",0.850907808708947
"Tmed2",0.850861360249949
"Il4i1",0.850814734600857
"Flrt3",0.85064716207349
"LOC128104415",0.85053964100036
"Maff",0.850529966751995
"Tmem165",0.850467944683036
"Muc20",0.850280143885055
"Rmdn3",0.850247002988097
"Spi1",0.850001317280475
"Topbp1",0.849064716134704
"LOC128111652",0.849058757252837
"Ehbp1",0.849052035118432
"Oser1",0.849047699621996
"Fam110d",0.849039172450996
"LOC128117226",0.848982598505516
"LOC128099684",0.848943935317589
"LOC128119397",0.848693547161241
"LOC128110539",0.848641444338005
"Zscan2",0.848578315214159
"Slc26a6",0.848455284010446
"Foxq1",0.84823917441362
"Khdc3l",0.848056468520549
"Cables2",0.847984775236396
"Atp5f1d",0.847963869169235
"Avp",0.847951884663586
"Tgfb3",0.847857597721639
"Htra2",0.847618097013738
"Cd2bp2",0.847452891367291
"Elp6",0.847451083503679
"LOC128122432",0.847401314452066
"Phka1",0.847285752731154
"Tprkb",0.847245915465684
"LOC128117522",0.846868782406114
"Acer3",0.846753787063448
"Sgta",0.846628708220506
"Dcdc1",0.846571667465582
"Wdr27",0.846222263844084
"Nfyb",0.845895206916588
"Med15",0.845773327912752
"Eftud2",0.845762958175624
"B3galnt1",0.845636245921553
"Eps8",0.845491499991148
"Stx10",0.845377354273343
"LOC128102844",0.845182561946902
"P2ry14",0.844326349031986
"Nubpl",0.844286616476668
"Prr15l",0.844172171727891
"Xkr4",0.843930519068371
"LOC128103476",0.843625041647496
"Ovol1",0.84326733214498
"Mrpl27",0.843150488794508
"Gtpbp2",0.843115058406048
"Kndc1",0.842884446099539
"Trpt1",0.84257724255453
"Sfxn1",0.842261668387885
"LOC128117375",0.842189526427573
"Chat",0.842169042052899
"Loxl2",0.842083033681256
"Top2a",0.841951131758591
"Sav1",0.841837050322792
"Ripk1",0.841826134180622
"Trim11",0.841768726372488
"Hspa9",0.841672623871544
"Rgs13",0.841665267655129
"LOC128115281",0.841542275937554
"Slc2a10",0.841488436837827
"LOC128108661",0.841314311197726
"Xab2",0.841087392372446
"Gnl2",0.840935789192622
"Rundc3a",0.840707114012957
"Odc1",0.840491580178395
"LOC128102770",0.840227774026242
"Il1rap",0.840040153221917
"LOC128098979",0.839428353209445
"Smad5",0.839103425806951
"Popdc3",0.839069524845113
"Slc1a2",0.838914134796625
"LOC128098690",0.838772568018123
"LOC128121008",0.83872018034322
"Cp",0.83847286139872
"Dcstamp",0.838013236781072
"Dok1",0.837840370275096
"Cstf2t",0.837814914271524
"Nudt14",0.837534986550898
"Hspd1",0.83698486891803
"Snx8",0.836756290036947
"Map2k3",0.836747623576817
"Apbb2",0.836721475784883
"Tubb",0.836471057433597
"Acacb",0.83642324929924
"LOC128112252",0.836300300058954
"LOC128110938",0.836207841438041
"Gphn",0.836158308095505
"Fam171b",0.836080424824143
"Znf281",0.835973690771003
"Plekhb1",0.835597828914336
"Kcmf1",0.835413984127236
"Nkg7",0.835393470222438
"LOC128107653",0.835354735746539
"Kif15",0.835280099732937
"Sqor",0.8348910721487
"Gsdme",0.834127183543472
"Bst2",0.834074293009429
"Psmd14",0.833972988289525
"Znf784",0.833597775202729
"Nit1",0.833515470623436
"Antkmt",0.833408455494288
"CUNH6orf163",0.833199400506938
"Xrcc2",0.833089446099925
"LOC128098463",0.833024769142582
"LOC128107655",0.832957207308206
"Tmem255a",0.832902948357639
"Psmb8",0.832780366914493
"Ddx55",0.832514774992933
"Rbfox1",0.83233720770931
"Crb2",0.832168235534485
"Osbpl2",0.832110643393948
"Pigk",0.832001553828072
"LOC128115705",0.831939509318979
"Cand2",0.831912389804468
"Spopl",0.831874120012832
"Sp5",0.831732145967577
"Myo9a",0.831607762951624
"Esam",0.831269800203788
"Kbtbd11",0.831186390112603
"LOC128117237",0.831119217915146
"Zswim2",0.831081693973791
"LOC128117766",0.830878054172304
"Usp36",0.830844643163711
"Dad1",0.83081097675572
"Pax5",0.830770021502073
"LOC128122491",0.830757626361112
"Mlx",0.830724806610193
"LOC128109574",0.8307115030127
"LOC128095656",0.830440758328684
"LOC128117144",0.830350060887784
"Itga2b",0.830307543432881
"Cnot9",0.829945631980761
"Ppil4",0.829941448183633
"Crlf1",0.829339495405645
"Snx14",0.829326037245325
"Plcl1",0.829323087480743
"Ppp3cb",0.8292487408525
"CUNH8orf58",0.828784742089369
"Dmac2l",0.828713000616141
"Slc2a4",0.828712559332465
"Mrps5",0.828654404876391
"Bean1",0.828412014691653
"Shmt2",0.828343213761891
"LOC128121028",0.82821645311779
"P3h2",0.828170944073989
"Rassf5",0.828037911676677
"LOC128119689",0.827558236179763
"Stmp1",0.827090440931914
"Akap11",0.827040789587274
"Wdpcp",0.826970402960694
"Tln1",0.826558777945183
"Tnip3",0.826540838417193
"LOC128116903",0.826340465339633
"Acads",0.826323102594217
"Mysm1",0.82631091357933
"Znf318",0.826167731721914
"LOC128106428",0.826146183540373
"Ttll5",0.826064771494577
"LOC128123551",0.825903164127091
"Hnrnpll",0.82588233641426
"CUNH22orf39",0.825791246690659
"LOC128099931",0.825743535638337
"Bcl7b",0.825474689924293
"LOC128116434",0.825051018245842
"Sh3pxd2b",0.824886673277758
"Dusp15",0.82480973692769
"Uchl3",0.824800239891789
"Sema6a",0.824752641874235
"Ran",0.824506937106073
"Tlcd5",0.824369447951837
"Bbs5",0.824357060133071
"Lysmd2",0.824336956441296
"Stx18",0.824055655141322
"LOC128121858",0.823994498998539
"LOC128104357",0.82383293425342
"Fdx1",0.823370523284407
"Kif12",0.823307211472772
"Hopx",0.823122418942912
"Dnaaf6",0.82301805058562
"Hoxb2",0.822990843889436
"Kctd1",0.822903492229426
"Svbp",0.822699925581111
"Hyls1",0.822205892962824
"Spns3",0.821944409440978
"Kctd14",0.821567329674704
"Abhd5",0.82141972570359
"Pwp2",0.821359272376044
"Zkscan2",0.821330056872549
"Jmjd8",0.821291494550243
"Enpp3",0.821088255855454
"Prrt2",0.820428576745437
"Arhgap40",0.820264967563043
"Ppp6r1",0.820166426558413
"Scmh1",0.820120744684443
"Nkiras2",0.820091462974393
"Ccdc60",0.820057951670464
"Ncan",0.819713605413059
"LOC128121935",0.819667302032434
"Zbtb42",0.819365074082657
"Pde4a",0.81934787445175
"Klhl9",0.819334219801979
"Sec63",0.819330116247546
"LOC128095034",0.819290325879058
"St3gal3",0.818628115023276
"Htra4",0.818441319780436
"Znf513",0.818394616376283
"Gcgr",0.817914815571674
"Emc8",0.817878300081863
"Cog7",0.817861750412839
"Wdr72",0.817728158729712
"Slc1a7",0.817410122120867
"Commd5",0.817342721041463
"Helz2",0.817081287906277
"Nfasc",0.817074628251437
"Fbxo5",0.816713565352678
"Kidins220",0.816081663405328
"Arfgap1",0.8159527268961
"Anapc5",0.815900302259872
"Cd180",0.815525542717176
"LOC128122586",0.815309010672962
"LOC128122414",0.815096861189881
"LOC128116048",0.81502387533954
"Dnajc5b",0.814713073289586
"Cpeb3",0.814640815229245
"Mark2",0.81455163346486
"Wnk3",0.814415550763072
"Ssh1",0.81429686682421
"LOC128114835",0.814262155531891
"LOC128103305",0.814159283574918
"LOC128119102",0.814129994309955
"Il17rc",0.814051808229585
"Pebp1",0.813982762942643
"Atp6v0a2",0.813663673570244
"Helb",0.813622391042005
"Wdr36",0.813618910043005
"Usp31",0.813484498445863
"LOC128113946",0.813403787413648
"Dus4l",0.813185330166681
"Foxf1",0.813119801107986
"LOC128117790",0.812740281484428
"Znf653",0.812626162781817
"Fggy",0.812623526797272
"Coq3",0.812599699461629
"LOC128099670",0.812535741084344
"Crebbp",0.812236568792304
"Acrbp",0.812226646508443
"Pamr1",0.812046683688767
"Rnf43",0.812013460105876
"Rnf141",0.811923670301611
"LOC128123392",0.811810083105716
"Stx17",0.81099633663429
"LOC128124938",0.810996214019936
"Wdr37",0.810933765494897
"Szt2",0.810930584531633
"LOC128106006",0.81056240105569
"Slc9a9",0.810557218573761
"LOC128115463",0.810445399267932
"Nlrp5",0.809965050401512
"Ascc2",0.80983719148951
"Il15ra",0.809824808107197
"Znf821",0.809782136655579
"Golm2",0.809307299319285
"LOC128104292",0.809282350686774
"Lca5",0.808839709702239
"Slc25a23",0.80883539402953
"Agfg2",0.808807973370722
"Phyh",0.808750379808316
"Rdh10",0.80834152787736
"Trim15",0.808300773267893
"Msantd3",0.808253606447878
"Dnali1",0.807833321521762
"Pepd",0.807631581771488
"Erp29",0.807591532361277
"Gabra5",0.807296605848625
"LOC128122131",0.80686825896171
"Lig1",0.806864272416606
"Naa80",0.806805837620799
"LOC128104746",0.806755516413037
"Septin2",0.8056524294369
"Ccdc102a",0.805485246544172
"Mbd4",0.805402103195541
"Tmem87b",0.805262261557773
"LOC128096430",0.805098537600712
"Creb5",0.805078936262886
"Habp4",0.804962697168086
"Vmac",0.804934108689475
"Arhgef25",0.804839843954558
"Zranb1",0.8046051707933
"Foxk1",0.804361309907769
"Art4",0.804292633318755
"LOC128102907",0.804250249606526
"LOC128124472",0.803795971707567
"Txnl4a",0.803774785076483
"Akap5",0.803475559770227
"Nsg1",0.803394506143474
"Myoz1",0.803328979078312
"Mrps18b",0.803252543163446
"Nid2",0.803196311723763
"Adamtsl3",0.803169948328685
"Nudt1",0.803060523036223
"Lin7a",0.803026947251492
"Ywhag",0.80299216604878
"LOC128120594",0.802700022852754
"LOC128114352",0.802536174348985
"Fzd3",0.802391212406729
"Usp24",0.802124819013199
"Nlrx1",0.802107930444327
"Gabpb2",0.801948634384723
"Abat",0.801625429183619
"LOC128102358",0.801527546982104
"Rnf123",0.801357053227116
"Gjb2",0.801252571298338
"LOC128120672",0.801136996823461
"Snap47",0.801114865180462
"Eif5",0.801055435654961
"Ntf4",0.800991699380004
"Simc1",0.800838313819147
"LOC128115340",0.800715810040452
"Etv3",0.800540748970788
"Unc119b",0.800451414729197
"Hs3st3a1",0.799813334008914
"Tns2",0.79968165806577
"LOC128105911",0.7995854446668
"Mars2",0.79945623588897
"LOC128095674",0.799429815109543
"Pou2f2",0.799102891349223
"Cab39l",0.799102138740482
"Gdf10",0.799061641150549
"Lnx1",0.798880032328629
"Crygs",0.798481367181332
"Fndc4",0.798336336167533
"Nhsl2",0.798312929638852
"LOC128099661",0.798293781188035
"Dmwd",0.798233995987601
"S100pbp",0.798158325764519
"Itpka",0.798134479602791
"Sgcg",0.798107591236456
"LOC128119746",0.797856596543816
"Plin3",0.797619795990265
"Ankzf1",0.797381616176038
"LOC128094928",0.797198001334022
"Nras",0.797171684755287
"LOC128115616",0.79702788261949
"P2ry12",0.796902999814186
"Crkl",0.796841462004723
"LOC128096343",0.79642076533376
"Glipr2",0.796334307307012
"LOC128122634",0.796216293383772
"Mc1r",0.796209532495356
"Ift43",0.795739901952806
"Nucks1",0.795624427284282
"Tnfrsf4",0.795559025932764
"Pappa",0.795376653931821
"Cfi",0.795259103825784
"LOC128120436",0.794862129035406
"Hsf4",0.794718028930051
"Ptrhd1",0.794640619965059
"CUNH1orf52",0.794571622464999
"Gper1",0.793824855221336
"CUNH2orf81",0.793804893449852
"Prss8",0.793478185234487
"Ubr1",0.793182887939124
"Strn3",0.79310762896485
"Rb1",0.792836022841659
"Znf251",0.792766779395666
"LOC128104419",0.792679567204236
"Snapc4",0.792218833648161
"Pdrg1",0.792171466810621
"LOC128094527",0.791312992438838
"Trap1",0.791250867397116
"Pld2",0.791043570579944
"Mvb12a",0.7909752874785
"Disp1",0.790935567706377
"Mfge8",0.790702699461843
"Ctbp2",0.790622568455083
"LOC128098080",0.790575514585746
"Klhl11",0.790427423420242
"Snrnp200",0.790408319501954
"LOC128096669",0.790393887331662
"Metrn",0.790364476819282
"Acy3",0.790303169747074
"Wapl",0.790209512476052
"Cdk6",0.790133836244651
"Fam43a",0.790086503709328
"Trnay-gua",0.790036080246659
"Il18",0.789709212801512
"Pisd",0.789338977374091
"Ramac",0.789098615584149
"LOC128101419",0.789032002972505
"LOC128114954",0.788735570087199
"Pfdn2",0.788582391141717
"LOC128105592",0.788479717861064
"Htr4",0.78831674444719
"Rd3",0.788304133558535
"Mal",0.788236380125527
"Dram2",0.788155683031202
"LOC128114007",0.787763523540876
"Fam118b",0.787457445215669
"LOC128105444",0.787436418753886
"Gpank1",0.787302832161305
"Ints1",0.787236000908625
"Colq",0.78714271342999
"LOC128115612",0.786968249003961
"LOC128095297",0.786797645515744
"Nif3l1",0.786729672678682
"LOC128111140",0.786687291691122
"Glb1l",0.786682765904757
"LOC128116231",0.78657643470607
"Ptgs1",0.786494088074251
"LOC128107473",0.786323599733232
"Stub1",0.786300896165099
"LOC128115957",0.786291812724982
"Syt12",0.786091290934294
"Gpatch8",0.785545687947276
"Tmem255b",0.785527684362402
"Cnr1",0.78548243121214
"Hjv",0.785223662658942
"Prdm11",0.784957018297021
"Pdhb",0.784807747615415
"Rab40b",0.784333633186817
"Fam234a",0.784255732393455
"Scx",0.784196725682742
"Kmt5a",0.784185770477415
"LOC128107704",0.784028494678154
"Wnk4",0.783983008437409
"Coq6",0.783838939881711
"Tppp3",0.783827045611955
"Slc51a",0.783624874869704
"Kyat3",0.78354052513319
"Dph1",0.783518136356648
"LOC128095844",0.783509063779378
"LOC128107378",0.783504098316296
"LOC128123458",0.783478865332801
"LOC128117952",0.783208684012426
"Ano10",0.783125014628607
"Obscn",0.782924515058073
"Phf23",0.782698495739043
"LOC128120623",0.782478251810573
"Reep6",0.78238449389137
"Ndufs2",0.782208209797164
"Ikzf5",0.781624470219153
"Gfus",0.781562099505491
"Ddx39a",0.781541734262277
"Rrm1",0.781476365241457
"Slc22a8",0.781331673544813
"Ergic2",0.781263387549926
"LOC128114635",0.781138377298507
"Mbtps1",0.781115959317058
"Ctr9",0.781015011790012
"LOC128123553",0.780679609334817
"Dram1",0.780679036717608
"LOC128124821",0.780516142659474
"Iglon5",0.780338776395744
"Coasy",0.780288237883605
"Tnfrsf13b",0.779867403580683
"Kcnn1",0.779734955518562
"Cenph",0.779717809326382
"Zfand2b",0.779687883873764
"LOC128105075",0.779615225416993
"Omg",0.779428808878177
"Crtap",0.779403316217902
"Hrurf",0.779007288304027
"Bub1b",0.778757414062355
"Ube2g1",0.778742729359007
"Myo7a",0.778441446940513
"Clspn",0.778411632693441
"Eif1ax",0.778332685620873
"Pld4",0.778120417448486
"Mlxip",0.778114771283771
"LOC128094172",0.777899776264378
"LOC128099184",0.777802962025
"Igf2bp1",0.777753923305093
"Cldn19",0.777199043353169
"Trmt1",0.777033204771143
"Mlycd",0.776914865697222
"Rrm2b",0.77687733523903
"LOC128118708",0.776362343624598
"Tgm1",0.77632302153247
"LOC128105832",0.776212202406787
"Klhl26",0.77602431649667
"Znf606",0.775698752537144
"Ppara",0.775612945675383
"Apoe",0.775402964630464
"Ppp1cb",0.775391942348898
"Lrrc40",0.775375438003083
"LOC128099064",0.775355544135336
"Ca11",0.775226015985632
"Snx30",0.77502071135921
"Pstk",0.775020636516946
"Fastk",0.774779358261847
"Srebf1",0.774757412700381
"Chtop",0.774688139522102
"Scnm1",0.774630383654769
"Vrk1",0.774572761929912
"LOC128106494",0.774550326001151
"CUNH1orf50",0.774084605366247
"LOC128122435",0.774024090076885
"Umodl1",0.773899022258075
"Pdss1",0.773784777754154
"Kifc2",0.773758554182078
"Fbxw8",0.773618482739062
"Ppp1r7",0.773531685734118
"Acvr2b",0.773507658237898
"Rnf215",0.773502722701416
"Fam83g",0.773240680062832
"Etnk2",0.773110988684446
"LOC128104537",0.773008951348118
"Znf77",0.772684405517117
"Vgll4",0.772165260733913
"Dgat2l6",0.772053337030404
"Pds5b",0.771827981130172
"Apba3",0.771803477202395
"Mindy2",0.771785057289829
"Dusp23",0.771690787255387
"Ctbs",0.771513005628042
"LOC128118231",0.771442027721485
"Dnal1",0.771135982696992
"LOC128120609",0.77063128483283
"Adgrg5",0.770564627099726
"Agpat5",0.770230663543927
"Gpr182",0.77019381249254
"Slc14a2",0.770135962870373
"LOC128100706",0.770062860846652
"Znf865",0.769868848842252
"Loxl3",0.769795278907703
"Tomm40",0.769786566869907
"P2ry13",0.769697314783198
"Ciz1",0.769641509276215
"Vps50",0.769461606650051
"Caps",0.769414575763738
"Dpyd",0.769373222050458
"Zswim9",0.769292156648932
"Hspa14",0.769253503149674
"Lsg1",0.76899287466946
"Ndufa3",0.768985442414294
"Samd8",0.768757894316084
"Hdgfl2",0.76863022887209
"Slc49a3",0.768422987516059
"Wnt7b",0.768264745807057
"Cnksr1",0.768247109508618
"Trim13",0.767901433726684
"LOC128115551",0.767731685846815
"Emc7",0.767663944060462
"Atg9a",0.767644099123403
"LOC128097512",0.767385074489864
"LOC128105175",0.767369399492042
"LOC128124432",0.767049632957424
"Rps6ka3",0.766925295386899
"Tmem219",0.766877424742738
"Cttnbp2",0.766560307230554
"Eif4enif1",0.766559610147633
"LOC128116555",0.766472284357322
"Tmem106c",0.766359629746859
"Cfap100",0.766322066547627
"Ddit4l",0.766303884591325
"Clock",0.766260586266642
"Nmnat3",0.766152770328485
"LOC128103964",0.765918007368707
"Avpr1b",0.76567337887272
"Znf382",0.765660736070034
"Slc25a25",0.765512503412001
"Magee2",0.765440886136203
"LOC128114285",0.765415210724763
"Thsd4",0.765395134480501
"Pim2",0.765372692727568
"LOC128104315",0.765370858234333
"LOC128122518",0.765358902008559
"Fcrlb",0.765002324084181
"Znhit2",0.764883183329097
"LOC128113346",0.764777611429887
"LOC128113454",0.764747658743088
"Mtor",0.76458337759076
"Ecrg4",0.764459399609323
"Nlrp6",0.76399547666167
"LOC128110059",0.763800775883121
"Ap3m2",0.763282118284584
"LOC128121180",0.763228197987265
"LOC128119409",0.763182106857705
"LOC128122471",0.763059009932689
"Parp11",0.763000592895743
"Fbxo22",0.762900337558609
"Nectin3",0.762639241049903
"Swi5",0.762477305150863
"Fam120a",0.762302631182196
"Ubiad1",0.762294399549713
"Mybpc3",0.762284944776417
"Mmd",0.762221862893441
"LOC128098581",0.762049762978153
"LOC128117963",0.761852680341623
"Enah",0.761840273099875
"Gorab",0.761398564045974
"Vwa8",0.761394269268609
"Prkar1b",0.761313839771421
"Znf358",0.761202452860196
"Grwd1",0.761126970973431
"Vasp",0.760885982663616
"St6galnac4",0.760880502924618
"CUNH18orf21",0.760344628330377
"Dgkh",0.759875372291237
"LOC128103064",0.759760656696825
"Atg16l2",0.759746203675582
"Hrh2",0.759715365220145
"Kif6",0.759253570842438
"Rbbp8nl",0.758659784584586
"LOC128108467",0.758274606922519
"Sgf29",0.758253840112786
"Bclaf1",0.758235945281629
"Ltb4r",0.758227503787612
"Tox4",0.757517923004152
"Tbc1d12",0.75747524635912
"LOC128102571",0.756733793412924
"Tspan2",0.756691376470918
"Bahcc1",0.756597797549911
"Mindy3",0.756546147739822
"Cks1b",0.756398448940706
"Tcf19",0.756377895653859
"Agap3",0.756356794251018
"LOC128122006",0.756039766750532
"Gcat",0.755825246834565
"Ebf1",0.755797885476169
"Btbd10",0.755792313371085
"Rtl3",0.755601266491868
"Dcaf8",0.755553709927526
"Tmem97",0.755369887491437
"Emp1",0.755341267418144
"Trex1",0.755323151982445
"LOC128103878",0.755044748768126
"Rabggta",0.755020005434548
"Haus8",0.755014898213234
"Rtf1",0.754516847659384
"LOC128097667",0.754464913225529
"Alpl",0.754131945997055
"LOC128112735",0.754036684454541
"Engase",0.753739822542633
"Zfp64",0.753510485687065
"Ccdc25",0.753425012504738
"Tpbg",0.753347029195234
"LOC128098521",0.75323767422659
"Ap1m2",0.75316490803082
"Cdc25a",0.752913035907714
"N6amt1",0.752900220800095
"Rnf169",0.752540145933263
"Gtf3c2",0.752513089121078
"Pycr3",0.752444165979535
"Eps15l1",0.75244043335453
"Pea15",0.75218649753355
"Sema3f",0.752055736278483
"Utp6",0.752044145632047
"LOC128116057",0.751935012165807
"LOC128123224",0.751873217584451
"Cldn11",0.75135913022107
"LOC128093888",0.751121063530468
"LOC128121637",0.750976415938882
"LOC128096894",0.750928148824364
"Mcub",0.750897278610511
"Mgrn1",0.750796527944977
"Ppp1r12c",0.75059589200938
"Slc37a4",0.750451826024479
"Seh1l",0.750442570426492
"Slc9a2",0.750439588749592
"Trafd1",0.750362261606568
"Ralb",0.750104692487997
"LOC128125479",0.749936699735362
"Nherf1",0.749920221613763
"Sap30l",0.749863914610588
"Wnt6",0.749678928872005
"Mb",0.749604042709459
"Mrpl36",0.749508964444784
"LOC128110492",0.748240868487827
"LOC128104589",0.748047193214996
"Kctd10",0.747929249574171
"Grk3",0.747898844042569
"Zc2hc1c",0.74780547239154
"Lsm14b",0.747586613681661
"LOC128094848",0.747394216002447
"LOC128100834",0.747324806409386
"Iqce",0.747215812072602
"C1qc",0.747135017348324
"LOC128120146",0.746984507909088
"Arsf",0.746897349543805
"Ndufaf5",0.746843699895954
"Nipbl",0.746745936263221
"Ppp1r12b",0.74660830979965
"Ociad2",0.746599373704083
"LOC128107126",0.746552921982831
"LOC128109022",0.74652310167372
"Lacc1",0.746180533881297
"LOC128101499",0.745956705431567
"Chst7",0.745629373445714
"Acsl1",0.745544140676362
"Prkra",0.745480330464028
"LOC128095792",0.74544994443907
"Ncl",0.745439206847424
"Adgrf1",0.745239733722183
"Muc6",0.745196455465765
"LOC128102879",0.745177372990811
"Pex19",0.745078712146176
"Rfx2",0.744978504235996
"Snx32",0.744504707406077
"Dhcr24",0.744295007107154
"Tek",0.744292864394225
"Mtmr11",0.74429161766186
"Hoxb8",0.744148376698869
"LOC128104523",0.744083679664494
"Arl8b",0.743910693604769
"Ifitm10",0.743781552202341
"Sycp1",0.743671795574241
"Stx2",0.743549107741981
"Mybph",0.743368145677679
"LOC128096493",0.743266031213096
"Mid1",0.743124221640895
"Fem1b",0.743116757278936
"Ccdc174",0.743072291088355
"Yeats4",0.742894474808362
"Ahnak2",0.742834506674209
"Frs3",0.74283339414692
"LOC128098381",0.742730398575274
"Sae1",0.742484273074641
"Rflnb",0.742288382488848
"Ngb",0.741884061210808
"Klrg2",0.741794381095131
"Rasip1",0.741694925367341
"LOC128123528",0.741606045244188
"Exosc1",0.741588517253302
"Cdk4",0.74144802031185
"Znf618",0.741314503664691
"Fuz",0.741163444463824
"Dhrs9",0.741142722525016
"LOC128122150",0.740793664257166
"Det1",0.740703447506799
"Mycn",0.740660849562863
"Snx3",0.740596084654287
"Shmt1",0.740186055112868
"Vgf",0.740184695303088
"Akap8l",0.739901193048516
"Poldip3",0.739813570706911
"Rab38",0.739582200496459
"Mterf3",0.739346481962634
"Nicn1",0.739289803458482
"Myom2",0.739074777779804
"LOC128104255",0.73901937120398
"Mthfd2",0.739015908122118
"LOC128125485",0.738682064651113
"LOC128102058",0.738605012054089
"LOC128112311",0.738267492522386
"Unc119",0.738232301546056
"LOC128124845",0.738167313396317
"LOC128105692",0.738008146487679
"Gak",0.737989480691842
"Sgpl1",0.737858613196561
"LOC128099651",0.737730722065823
"Mad1l1",0.737643574429692
"Prmt8",0.737623847247249
"Hcst",0.737232758839154
"Tnfsf4",0.737166429270285
"Nbea",0.737142488197932
"Gas6",0.737050139586496
"LOC128095668",0.736811967018709
"Sbf1",0.736732133743536
"Ptpro",0.736455386215742
"Nupr1",0.736173139089144
"LOC128106448",0.736000082227936
"Arhgap28",0.735577777690409
"Mthfd1",0.735278624071625
"Sgca",0.734658839673574
"LOC128102856",0.734171701365011
"Cep20",0.73415822687661
"Gde1",0.734111002754373
"Znf146",0.733918724368488
"Galnt10",0.73388809710056
"LOC128108011",0.733884108219945
"Socs3",0.733241303156869
"Fer1l6",0.733200329311475
"Ano4",0.733177761576928
"Ccnq",0.733036690723307
"Kcnma1",0.732985280602215
"Hsf1",0.732976295916058
"Gp9",0.732964431687963
"LOC128119195",0.732779933620138
"Vwa5b1",0.732777163321101
"Syde2",0.732753997934179
"Mfsd13a",0.732586627403334
"Cep250",0.732331717980378
"Ccna2",0.732239904023011
"Emsy",0.732227437964152
"Cfap251",0.732208053681334
"LOC128109630",0.731629818013749
"Znf879",0.731603563560376
"Mindy1",0.731355734327578
"LOC128107664",0.731349983582917
"Prtfdc1",0.731254246281198
"Fam151a",0.73117964261255
"Usp32",0.731131037057897
"Abhd17b",0.731059105342833
"LOC128102605",0.730591799879851
"Epn1",0.730459583478951
"Caprin1",0.730371502871568
"Shcbp1",0.730300222753407
"Dpp9",0.730115906162571
"Ptar1",0.730013045269803
"Fam124b",0.729881247320399
"LOC128100334",0.72978203172226
"Trpv4",0.729335134934043
"LOC128114181",0.72928253571059
"Pomt1",0.729274532111661
"LOC128118220",0.729113263542633
"Pou2af1",0.728979159922908
"Spats1",0.728931996226327
"Dcp1a",0.728873607790907
"Frat1",0.728709763096752
"Tchp",0.728617554990287
"LOC128103541",0.728546414374081
"Mpi",0.72835231075939
"Gdpd3",0.728158484582859
"Jph3",0.72811945494414
"Zfp41",0.727981960486943
"Ube2g2",0.72795057735976
"Usp19",0.727934358232103
"Ccdc43",0.727925510559413
"Dnai2",0.727816983392713
"Tlr6",0.727366587987278
"Camkmt",0.727327211477994
"Dna2",0.727177630782318
"Klhl12",0.727076157837362
"Aasdh",0.72704045595721
"LOC128122509",0.726754464381246
"Ccdc87",0.726485921333983
"Brd2",0.726463555170378
"Caskin1",0.726095489088255
"Gpr171",0.725738226286969
"LOC128112920",0.725558301050615
"Adrb1",0.725365048713574
"Snrnp35",0.72535865364579
"Chst13",0.724858158453021
"Ndst3",0.724065237449846
"LOC128125547",0.723662737925674
"Uba2",0.723382339692903
"Arhgef33",0.7232490684205
"Klhl4",0.723248146707042
"LOC128095655",0.723235696630696
"Hdlbp",0.722510170229936
"Taf1a",0.72214825879036
"Cldn5",0.721759816716145
"Ccl17",0.721621358026705
"Pdcd1lg2",0.721526254408504
"LOC128108975",0.721434237366707
"Galntl5",0.721293834759141
"Arpc1b",0.721201636787895
"Rasa3",0.720671832722874
"Bcl7c",0.720605028564253
"Ywhah",0.720392238025281
"Enkd1",0.720255420634835
"Ubtd1",0.719446448109833
"LOC128110566",0.719409416914243
"Dgat1",0.719178571184621
"LOC128114967",0.718643404536843
"Tmem150c",0.718401451362996
"LOC128093975",0.718293625148289
"Nrtn",0.718126464500788
"Aqp4",0.717903812397551
"Rab3d",0.717872051412619
"LOC128114345",0.717696292428616
"LOC128115108",0.717509168756587
"LOC128117176",0.717221000112973
"CUNH8orf89",0.716859589189958
"LOC128110254",0.716790337014781
"Oxnad1",0.716738165263968
"Aars2",0.716573524518286
"Ring1",0.716430782760644
"LOC128117560",0.716401900767207
"Ccdc154",0.716351498849071
"Vps45",0.716237472198032
"LOC128117972",0.716139498918323
"LOC128120964",0.716116804047672
"Syce1l",0.715802766338308
"LOC128118758",0.715753182608103
"Taok3",0.71538635627997
"Gfm2",0.715370678365953
"Clcn5",0.715328685800567
"Ubald1",0.715196449813497
"Cnppd1",0.715054559092827
"LOC128111769",0.714944628875499
"Ppp1r15a",0.714605234063312
"Xylt2",0.714158485806127
"LOC128105625",0.713961854861655
"Copg2",0.713887621395788
"Dtx2",0.713567272442664
"LOC128100384",0.71342573734354
"CUNH10orf105",0.713382156452893
"Rtcb",0.712850652119865
"Plin4",0.712826561963915
"LOC128115961",0.712641002936371
"LOC128100581",0.712533816330002
"Cnn1",0.712249128105891
"Mylip",0.712177852893986
"Igsf5",0.712125722086124
"Pbx1",0.711886939826672
"LOC128112343",0.711852782368798
"Bhlhe40",0.711747355060848
"Stx1a",0.711492343101753
"Slamf9",0.711354618610065
"Ctf1",0.711289857643507
"Ibtk",0.711102901521349
"Gfra4",0.710992531368207
"Cd6",0.710933478059428
"Hoxa6",0.710808971554316
"Ncoa5",0.710576532531448
"Dnaaf5",0.710548402578721
"Wdr24",0.710241801084737
"Ier3",0.710106233776237
"LOC128113822",0.709896181600255
"Pgc",0.709844537885995
"Wars2",0.709761475355621
"Set",0.709728519750126
"Rpl6",0.709646868452647
"Riiad1",0.709541097056543
"Apoh",0.709330266307729
"LOC128112119",0.709114622852049
"LOC128118351",0.708840353925866
"Bcat1",0.708766792395261
"Sdk2",0.708603758034895
"Nup62cl",0.708566288829106
"LOC128121064",0.708564702832181
"LOC128123537",0.708475804987275
"Cep135",0.708417165053415
"Ergic3",0.70808556071378
"Fbln7",0.707740914067311
"Hdac11",0.707709221904287
"LOC128121034",0.70770469432777
"LOC128106681",0.70732961170668
"Tmem116",0.707121814228472
"Luc7l",0.706748692184867
"Hs3st6",0.706691791450249
"St6galnac6",0.706520705392123
"LOC128114367",0.706200748733875
"Cdkn2d",0.706122701904509
"LOC128115610",0.70576601911361
"Pla2r1",0.705731341245295
"Trim21",0.705507249504387
"LOC128116968",0.705387359313651
"LOC128095782",0.705366491156978
"Gnpat",0.705232054911955
"Tenm2",0.705122666717849
"Acap1",0.705013719924944
"Ccdc81",0.704933089381531
"Pals2",0.704685415096843
"Zbtb25",0.704575037674433
"Higd2a",0.704548226439049
"Alg9",0.704336498561846
"Stard9",0.704206188147069
"Aip",0.703836578556226
"Mtrfr",0.703779978132657
"Usp22",0.703710781871941
"Dqx1",0.703531560347102
"Arhgef18",0.703223402053269
"Ttc12",0.702937157752999
"Igsf6",0.702732124256828
"Znf286a",0.702719905942824
"LOC128120537",0.70261724963405
"Awat1",0.702141320710325
"Arhgdig",0.702028636951056
"Cnnm1",0.701968186143065
"Efhd2",0.701688169658205
"Trmt44",0.701610728345505
"LOC128106315",0.701174086948732
"Ceacam19",0.701145495906146
"Cdk8",0.701029342336488
"Htt",0.700877383786775
"Agr2",0.70076191202643
"Tomm22",0.700527195589062
"Syne3",0.70013819994955
"LOC128119136",0.700035942031169
"LOC128098406",0.700010294849909
"LOC128103333",0.699652015816025
"Mcm7",0.699485649944582
"Fgd2",0.699433999091825
"LOC128103424",0.699266775830537
"Kiaa1191",0.699154873438475
"Npm3",0.698696017662341
"Nckap5l",0.698335263096381
"Slc44a2",0.698330147087364
"Cdc16",0.697846482029227
"Rnase13",0.697843714287866
"Socs6",0.697385727645023
"Map3k7cl",0.697349876901265
"Pradc1",0.697261452889099
"Ccr10",0.697215419529448
"Frmd3",0.69719212872425
"LOC128115583",0.697063153195991
"Mef2c",0.697014853272745
"Tgfbi",0.696926333902704
"Xpnpep1",0.696769179331062
"Bloc1s2",0.69663263240373
"LOC128107286",0.696548437311598
"LOC128121272",0.696499061598163
"Hsd17b12",0.696111557783554
"Mettl18",0.695749996864233
"LOC128104836",0.69550180519246
"Slc6a8",0.695498746655346
"LOC128124013",0.695339397563531
"Ift52",0.695180119354854
"Sumf2",0.695144618491426
"Odad1",0.695091227389258
"LOC128099750",0.694496149642402
"LOC128097349",0.694450150307959
"Gins1",0.694253874197117
"Col11a2",0.694134287582689
"Mfsd12",0.693927956342407
"LOC128099583",0.693844595527889
"Mier2",0.693661039612344
"LOC128098074",0.693522216374698
"LOC128099577",0.693330136557138
"Cysrt1",0.693300481806808
"Prss35",0.693251541688539
"Tbc1d23",0.693227921066165
"LOC128119197",0.693064313139404
"Actg2",0.692968730719481
"LOC128101590",0.692787518651307
"Dhx58",0.692578895862377
"Bmal1",0.692532434862518
"CUNH10orf88",0.692431229191724
"Tmub1",0.692423720033091
"Ankmy1",0.692284292710699
"LOC128124448",0.692203761996901
"Tcf7l1",0.692067090067699
"Brd3",0.691740873064535
"LOC128114284",0.691665990698025
"LOC128114639",0.69162491482213
"LOC128118828",0.691615617407265
"Slamf7",0.691569931443888
"Dpm3",0.691462711907614
"Tmem198",0.691435683637141
"Dbf4",0.691352765591962
"Tmem132e",0.691140524507684
"Slc19a2",0.690866435405614
"Lrrc24",0.690762076137134
"Hdac10",0.690750403360567
"LOC128105326",0.690553930193147
"Edil3",0.6904704168941
"Dpy19l3",0.690411857776206
"Snap29",0.690382386702103
"Stk25",0.690343128791012
"Osgin1",0.689969836851207
"Adam10",0.689764721994978
"Fancd2",0.689430779059887
"Pign",0.689293438385341
"St8sia3",0.689273899118281
"Rapgef6",0.689154212580973
"Ormdl2",0.689059790095358
"LOC128110516",0.688916070854878
"Phgdh",0.688890418195044
"Scarf2",0.688793218376129
"Bicc1",0.688661897861379
"Pid1",0.688487309125072
"Clcf1",0.688438959199507
"Mrpl46",0.688354403868979
"LOC128097950",0.688220196338932
"Polr1f",0.688175274903242
"Clint1",0.688174773326328
"Tcta",0.688139226650704
"Cxcr5",0.687985734036882
"Emp3",0.687978382470267
"B3gnt9",0.687671322975488
"Tmem11",0.687619441747619
"LOC128102021",0.687570448103535
"Ahdc1",0.687469589534919
"Rufy1",0.687449432772482
"Alkbh1",0.687355493244798
"LOC128121902",0.68729163454216
"Casp7",0.687242355833105
"Cenpk",0.687199524506989
"Vangl1",0.686845816304326
"Gucy2c",0.686741307529141
"Trnaw-cca",0.686619110021946
"Coro1b",0.686406279739155
"LOC128119723",0.686137706504812
"Eif3i",0.686124037451224
"LOC128101118",0.686014447084294
"Lsm11",0.685988768643647
"Pex14",0.685261911461022
"Trpv6",0.685252581709362
"LOC128103055",0.685095946468701
"Dcdc2",0.685022829037865
"Pcbd2",0.685003712881843
"Efna2",0.684974619276009
"LOC128106296",0.684917472626972
"Drd3",0.684535350883877
"Sppl3",0.684508356761296
"LOC128112014",0.684473236041372
"LOC128105094",0.684210468540008
"Neil2",0.68412630149103
"Dnal4",0.684107738066375
"Mast4",0.683898835836456
"LOC128117795",0.683779975708839
"Ccdc17",0.683381691902935
"LOC128107729",0.68316601110491
"Nxt1",0.682979134016489
"LOC128120904",0.68296801867709
"Prepl",0.682641322812377
"Slc22a2",0.682478532058486
"Lgi3",0.68230428333318
"Mlph",0.682131030765497
"Bloc1s6",0.681491584927992
"Kbtbd2",0.681480965684636
"Ostm1",0.681479369936741
"Gbgt1",0.681367051242793
"Nkiras1",0.68134121044572
"Mroh8",0.681281246587612
"LOC128111942",0.681279135882827
"Fancf",0.681083922124198
"Psmd10",0.680970497670187
"Hhla2",0.680876358338148
"Fbxl16",0.680301980498501
"Pex7",0.680276268686069
"Apold1",0.680260533035551
"LOC128099761",0.680244910326709
"LOC128113811",0.679813360946407
"LOC128094686",0.679795789527945
"Sort1",0.679611742832221
"Bri3",0.679610149798105
"Rps6ka5",0.679584736722337
"Gtse1",0.679501228765653
"Uba7",0.679419093442065
"Ctps2",0.679385102225813
"Dtna",0.679177638230625
"Fermt1",0.678912790836821
"Gypc",0.678852681970773
"Rbm11",0.678720735882028
"St8sia2",0.678677199323573
"LOC128123580",0.678616203740631
"CUNH1orf131",0.678613339280814
"Nlrp3",0.678504365271063
"LOC128121424",0.678301352595628
"Spindoc",0.678282428804916
"LOC128125251",0.677542416198671
"Retreg2",0.677356758634175
"Wdr31",0.677342859644397
"Eef2kmt",0.677092368594201
"Gtf2h3",0.676993670942884
"Mical1",0.676809132326465
"LOC128096305",0.676723826419819
"LOC128124196",0.676673267352764
"LOC128122188",0.676437948490189
"Tpgs1",0.676136824785852
"LOC128112469",0.676131701863218
"LOC128095162",0.67599492474413
"Znf524",0.675575996260908
"Fkbp9",0.675561939762762
"Cxcr2",0.675413414321916
"Shc4",0.675347016002525
"Camkk2",0.675283257307758
"Gramd2a",0.675249080352985
"Fgd4",0.675192477782334
"LOC128097488",0.674899804369776
"Prnp",0.674786727170614
"LOC128095527",0.674619169424733
"Mpnd",0.674592223241275
"Slc50a1",0.674227625588084
"Snapin",0.673924751126876
"Dcakd",0.673610270321335
"Bbs1",0.673590118071718
"Fbxo36",0.673225001666165
"Prdm10",0.673192445482423
"Mrps11",0.672816167809751
"Isg15",0.672752703997616
"LOC128120034",0.672742061560156
"Nkain2",0.672709265707706
"LOC128108638",0.672636203704404
"Trdmt1",0.672283442873594
"LOC128097246",0.672274515507978
"Dpagt1",0.672241411264424
"Spata20",0.67219779856628
"Rab12",0.672057799696109
"Ndufaf8",0.671937062552397
"Ccl21",0.671931845143593
"LOC128102767",0.671918521718242
"Wdr90",0.671855267193185
"Katnal1",0.671836698349022
"LOC128093938",0.671649384904651
"Mrpl50",0.671625664485534
"C8g",0.671543512380946
"LOC128098800",0.671539678717112
"Rbm42",0.671464219816873
"Rhbdl1",0.671340777607578
"Klhl22",0.671036516072558
"LOC128107586",0.670944216281674
"Hps6",0.670847376685905
"Prcc",0.670535653442074
"Znf239",0.670526923875425
"Cry2",0.670325139371168
"Prdm2",0.670262747616202
"LOC128114316",0.670185935125231
"Plaat1",0.669982353883074
"Art5",0.669941179905732
"Mapk8ip1",0.669884626025612
"Ppp1r16a",0.669672216456144
"Gatm",0.669624355403582
"Hyal1",0.669517264201888
"Smim38",0.669498982202953
"LOC128123836",0.66948553423147
"Znf512",0.669202608672433
"Fibcd1",0.669112103214483
"Mrpl52",0.668960503388207
"Kcnj8",0.668860168418637
"Scyl3",0.668694051656174
"Klf3",0.66867224905104
"Lrrc32",0.668627101095515
"Emc9",0.667377244879262
"LOC128099953",0.667355143168675
"Ssc5d",0.667144713825253
"LOC128100752",0.66710587676403
"Cdk2ap1",0.667052157396327
"LOC128097178",0.666709520195343
"Dip2b",0.666708563995373
"Ift140",0.666580977832483
"Dglucy",0.666561723316243
"Znf316",0.666372841238274
"Ddx54",0.666298277338774
"LOC128120293",0.665951655494577
"Crtc1",0.665836216909007
"Prr14l",0.665697468500353
"Pcp4l1",0.665171478589006
"LOC128110732",0.665007794742969
"Tmem127",0.664980879385223
"Meak7",0.6648287460522
"LOC128120312",0.664763796427814
"Gabrb2",0.664616649352873
"LOC128095686",0.664578658937515
"Chic1",0.664535177798191
"Sgtb",0.664327917051614
"LOC128125495",0.664311825655041
"Thpo",0.664171795072226
"LOC128124801",0.664148710175994
"Padi4",0.664083451849767
"Nrarp",0.663995104284735
"St3gal2",0.663956756181818
"Ect2l",0.663844750764608
"Lsm5",0.663455892430287
"Hmga2",0.663115142722392
"Gemin5",0.662755231391853
"Chst3",0.662634111621037
"Magix",0.662606771706389
"Pip5k1b",0.66228129873354
"LOC128099234",0.662223981749788
"LOC128108927",0.662037661110996
"Cbr3",0.661845590822596
"Plxna3",0.661782978091614
"LOC128117371",0.661616041759032
"Tyro3",0.661453751658112
"CUNH11orf42",0.661383654298361
"Kcnj2",0.660694132136233
"Ptn",0.66059097841131
"Il31ra",0.659861665394475
"Adss1",0.659817903557596
"CUNH4orf33",0.659671501031137
"LOC128112274",0.659638973217581
"LOC128114096",0.659562596797131
"LOC128094681",0.659458379516941
"Galnt8",0.659311825587201
"LOC128109772",0.659097021394739
"LOC128106710",0.65886496089492
"LOC128095653",0.658494661947251
"Adgrb1",0.658334529103277
"Kdf1",0.657824720865316
"Xxylt1",0.657669520412514
"Trpm3",0.657639230925217
"Patl1",0.657299305552833
"Art1",0.657157915732525
"LOC128111228",0.657081207000359
"Znf236",0.6570484610199
"Kcnt2",0.656785318025789
"Afg1l",0.656531027779907
"Plcd3",0.65649510234809
"LOC128115984",0.656385683130261
"Znf296",0.656265426891049
"Vash1",0.656262447616018
"Higd1b",0.6560340482631
"LOC128113353",0.655826691962473
"Fen1",0.655802131993355
"LOC128119620",0.655210610427645
"Clxn",0.655160754912451
"Tbxas1",0.654962828547248
"Rbm6",0.654861422072045
"L2hgdh",0.654392881172472
"Zdhhc13",0.654289651651648
"LOC128103158",0.654104673539798
"Mtus1",0.654047310475143
"Hmbox1",0.65373295292079
"Mrpl23",0.653549927538838
"Vwa3b",0.653204043248582
"Rasl11b",0.653152141763482
"Lag3",0.652479028841618
"Pnkp",0.652029626495749
"Abhd3",0.65185078550035
"LOC128111457",0.651838896067139
"Yipf4",0.651838168359745
"Trnp1",0.651667162326418
"LOC128122036",0.651548070061091
"LOC128097482",0.651509895627185
"Hsbp1l1",0.651413741242701
"Des",0.651387043503963
"Abhd2",0.651373621524379
"LOC128115708",0.651264863009804
"Ctsc",0.651059673437427
"CUNH4orf47",0.650829897691014
"Ppp2ca",0.650705871011523
"Ap1s2",0.650697921737983
"Bok",0.650669217165662
"Rbm46",0.650526461024523
"LOC128120297",0.650319085963179
"LOC128101703",0.650270299533277
"U2af2",0.650005063429172
"Lgi4",0.650003357231428
"LOC128120725",0.649664841855711
"Nlgn2",0.649414915418747
"St13",0.64928554646461
"Cep72",0.648912296449825
"Ap3b2",0.648532038743099
"LOC128100596",0.648393756709109
"Polg",0.648223417975548
"Orc6",0.648034466459004
"Tcte1",0.647998445839607
"LOC128125563",0.647858471182722
"Slc44a5",0.647811261852559
"LOC128095652",0.647786483951638
"Mrpl14",0.647574290067056
"Cmpk1",0.647494873970562
"Areg",0.647463783330129
"Lrrc30",0.647198960710863
"Dsel",0.647139301141297
"LOC128099542",0.646919892119452
"Snrpc",0.646177314905181
"Ppt2",0.646165002637463
"LOC128117457",0.645515692468529
"Rin1",0.645504848163943
"Cdc42se1",0.645278924235794
"Tnfaip8l2",0.645186123839787
"LOC128120931",0.645175422536707
"Fastkd3",0.645155116024993
"Kcnk5",0.645134716976544
"Esd",0.645119950005755
"LOC128105478",0.644844412933436
"Cyren",0.644831629892651
"Atp8b3",0.644550874935885
"Edc3",0.644523271668952
"Fbl",0.644119499806818
"Usp30",0.643718841357369
"Tmem62",0.643599251397324
"LOC128114297",0.643505966307202
"Kpna4",0.643467427569677
"Preb",0.643167893832897
"LOC128100058",0.643158273988932
"Pmvk",0.642689091384701
"Mtmr3",0.642395724376931
"Col19a1",0.642219429782395
"Vav3",0.642211739022507
"LOC128115162",0.6420582749314
"Kcnh3",0.642044954294794
"Rab42",0.642040133296211
"Thnsl2",0.642003052869882
"Ppat",0.64198543336534
"LOC128095438",0.64172608824859
"LOC128125250",0.641722455402686
"Tph1",0.641598589134925
"Rsrp1",0.641564304167735
"Apba2",0.641495238096383
"Acsm3",0.64146207924247
"Tfdp1",0.641214257917921
"Aen",0.641147005010386
"Kifap3",0.641127745798973
"Akr1e2",0.641094629242463
"Dusp19",0.641087172515908
"Mmp16",0.641004818233398
"LOC128114493",0.640709081217775
"Rad51",0.640324024149762
"Hoxb4",0.64030248956552
"Pcsk4",0.639942820524708
"Haus3",0.639922583735768
"LOC128121094",0.639618167312993
"Os9",0.638995338108913
"Gng3",0.63876027050025
"Iqcd",0.638588992522275
"Abhd1",0.638502551580542
"Rpl22",0.63841780450177
"Foxo6",0.63835379580778
"Pard6a",0.637812715056921
"Adcy10",0.637716296522731
"Cthrc1",0.637626417104061
"Aqp8",0.637550917688443
"Fahd1",0.637210955628116
"Tmem102",0.636922593227341
"Klf1",0.636454837482741
"LOC128099401",0.636307345800833
"LOC128112465",0.635750667780985
"LOC128114366",0.635722330964081
"Atf7ip",0.635654861192228
"LOC128119196",0.635572687385729
"LOC128120485",0.635462482782058
"Klhl14",0.635399553145847
"Ephb6",0.635323365252959
"Irx5",0.635314330706306
"Ndufb3",0.63527342315575
"Mrps34",0.635140914863683
"Mrpl21",0.634715459423494
"Fam171a2",0.634432287884305
"Qprt",0.634376834075335
"LOC128105081",0.634220992545318
"Slc25a11",0.634123545831152
"Myt1",0.633961229922343
"Grm7",0.633943456539468
"Slc7a7",0.633898711505496
"Vsig10",0.633578400887774
"Zdhhc1",0.633254117454143
"Acsf2",0.633203807138016
"LOC128120642",0.633115782241571
"Park7",0.632895214394085
"Ogfod3",0.632838540080077
"Cdca5",0.632581600439364
"LOC128120199",0.632553765684317
"Hs6st1",0.632497515822926
"Rdx",0.632496011889596
"LOC128106340",0.632442995321708
"Cdyl2",0.632173879005034
"Dcaf12",0.632085421301278
"C1ql3",0.631796077893307
"Catsper3",0.631663734591798
"Ddx20",0.631569474986244
"Safb",0.63136071717199
"Pde11a",0.631317844015932
"CUNH17orf49",0.630839218822038
"Msh3",0.630565580305995
"Lamtor4",0.630239258992276
"LOC128102966",0.630128807663556
"Adcy3",0.630033339652237
"LOC128115629",0.629854156050664
"Skap1",0.629834151097988
"Naglu",0.629819662930567
"Clp1",0.629705098490546
"Ttpal",0.629497440751649
"LOC128112908",0.629496576436284
"Ugdh",0.629353375336869
"Vav2",0.629219894881702
"LOC128099030",0.629155216648289
"Rsph14",0.629123540701307
"Retsat",0.628851070736158
"Nedd8",0.628377988296753
"LOC128101671",0.627992977452677
"CUNH14orf132",0.627808550847735
"LOC128111516",0.627711824601029
"Kcnab3",0.627546372070487
"Eef1akmt2",0.627524711642524
"LOC128103512",0.627452882179519
"LOC128116748",0.627387604448455
"Aurkaip1",0.627352125687108
"Kat6a",0.627218744596665
"Mrpl28",0.627135733587867
"LOC128124184",0.627108016036895
"Pdzd9",0.627009250594734
"Chst9",0.626972194686654
"Cxcl16",0.626501932396078
"Becn1",0.626475715335405
"Fxyd6",0.626191957959498
"Cldn1",0.625747241417801
"Mesp2",0.625628436912178
"LOC128125477",0.625497925125
"LOC128104556",0.625444664059802
"Pm20d1",0.625391412711316
"Lrrfip1",0.625305315755107
"LOC128103584",0.62524421895179
"LOC128097465",0.625239408184951
"Plpp2",0.625119710671523
"Tmsb10",0.624885664358879
"Fosb",0.624668228954292
"Kcne3",0.624415099607632
"Thop1",0.62436635371742
"Lgr6",0.624336907921604
"Lats2",0.624154739914462
"Cd300lb",0.624049288073301
"Dffb",0.623450078796182
"Eps8l1",0.623401830536719
"Slc5a8",0.622938620370742
"Pml",0.622758306553627
"LOC128112717",0.622689086551144
"Lrrc47",0.622631844441743
"Nup58",0.622257311773293
"Pask",0.62202039973075
"Znf189",0.621782416448779
"Ano9",0.62163314066877
"Arl2",0.621584633707927
"Hsd17b8",0.621095289953205
"Rnf40",0.620911610966742
"Slitrk3",0.620669267916537
"LOC128110123",0.620491073899812
"LOC128094077",0.620411141118899
"Card10",0.620347495293489
"LOC128117460",0.620319869171594
"LOC128111847",0.619992947623468
"Celsr3",0.619947513448214
"LOC128098061",0.619495656200814
"LOC128114843",0.618930464017743
"Npl",0.618516677312203
"Urb2",0.618494915899345
"Stox1",0.618320861355581
"Rabif",0.61811854593837
"LOC128094388",0.618075108876436
"Ccdc177",0.617597678764302
"Tmem151a",0.617433362338876
"Tsen15",0.617297578565568
"Fam221b",0.61674815797699
"Matn4",0.616438281443776
"Cry1",0.616182634727257
"Lmtk2",0.615860721775875
"Nfkbie",0.61546534126983
"Ctdnep1",0.615291243307065
"Bard1",0.615205108587167
"Mterf4",0.615054221072215
"LOC128111943",0.614805559158236
"Mrpl24",0.614785084858404
"Arl5c",0.614715301029047
"LOC128120659",0.614617871197879
"Cep162",0.614183439997989
"Uckl1",0.614075871881695
"Sftpd",0.614035383615683
"Lrrc59",0.613957514532161
"Eif3k",0.613944082810775
"Dmxl2",0.613824124749728
"Slc30a9",0.613663457843873
"Il1rapl2",0.613636183277011
"Ovca2",0.613582030590688
"Lrrn4cl",0.613438311911193
"Chchd6",0.613411071081099
"Sft2d3",0.612926511637802
"LOC128105927",0.612293580217229
"Cldn20",0.612098893916509
"Uck2",0.612003840141836
"Tnni2",0.611735087247508
"Ssbp3",0.611667108382406
"Arhgef39",0.611373413024982
"C1qtnf12",0.611323887247399
"Txnrd3",0.611291989071374
"Mettl1",0.611185338993938
"Llph",0.610718819805342
"Pak1",0.610703617892953
"Cacng4",0.61048785784059
"Cavin1",0.61012165788376
"Zan",0.610015102143485
"Zfhx3",0.609872207050837
"LOC128106139",0.609813719927754
"Gpr37l1",0.609486337713803
"Sumo3",0.60941327668664
"Ebpl",0.60914940992104
"Colgalt2",0.609143824403634
"Ist1",0.609129286113739
"Hmbs",0.609045887872524
"LOC128118400",0.608828780458536
"Rnase12",0.608782238599765
"Ttll9",0.608759584496356
"Gli4",0.608752002258192
"Kel",0.608187246104046
"Armc2",0.608007901673203
"Tmem38a",0.607694226560108
"Kank2",0.607519627268138
"Sema4f",0.607262165969236
"Usp27x",0.607037333593806
"Tmem250",0.606927017531633
"Plppr2",0.606784403204953
"Anpep",0.606550841159941
"LOC128108452",0.60638455514528
"Gng2",0.606068727031019
"Ttll4",0.60604974877591
"Setd4",0.606042181098797
"Pelp1",0.605753104136888
"Setdb1",0.605598850139668
"Ip6k1",0.60559373979132
"LOC128094285",0.605538385189314
"Cnot8",0.605278980865611
"Ndufa5",0.6047869993235
"LOC128121153",0.604672081618793
"Izumo4",0.604657810418338
"Srsf1",0.604368259366678
"LOC128114201",0.604325247449871
"Capn12",0.604010353416039
"Rnf180",0.603774552829055
"Rasgrf1",0.603694721665324
"Gclc",0.603506399379975
"LOC128096279",0.603327917609203
"Tfam",0.60331248933577
"Chd6",0.603089056246987
"Hagh",0.602963435739757
"E2f8",0.602716686797663
"Atat1",0.602631300594942
"LOC128109321",0.602509275655587
"Ica1",0.602245747033807
"Ctu1",0.602185853498076
"LOC128108951",0.601966623400826
"Znf134",0.601779782235282
"Psmb6",0.60171690501402
"Tinag",0.601592051136601
"Ppil6",0.601576201354955
"Orc2",0.601330887733487
"LOC128105358",0.601239229439588
"Mafa",0.601231290689067
"LOC128116679",0.601155039655384
"Fkbp7",0.601041945931886
"LOC128125802",0.600936440938832
"Fip1l1",0.600719286094889
"Usp48",0.600605881739845
"Aldh3b1",0.600586312791979
"Rxfp4",0.60054695275447
"Pgpep1",0.600542708148245
"Mest",0.600424842921073
"LOC128122748",0.60036718583574
"Ctcf",0.599271819699939
"Vapb",0.599102372583664
"LOC128110399",0.599098570907507
"LOC128113012",0.598948084388827
"Ak1",0.598748879987701
"LOC128119071",0.598509030295424
"Knl1",0.598407491207672
"Sars2",0.598123129110007
"LOC128105149",0.597961759237391
"Atl2",0.597601413353119
"Otub1",0.597586509460979
"Anapc11",0.597447111115737
"LOC128101167",0.597343887866133
"Hdac9",0.597247437281183
"Mmp13",0.597145471023689
"Cog5",0.596911967565594
"Selenon",0.596906442003081
"Gcnt4",0.596538675659472
"LOC128118443",0.596434726272236
"Oas3",0.596312837579254
"Nudt8",0.59628698388729
"Ddr1",0.596280430833983
"Col4a4",0.596251077989432
"Sf3b3",0.596160736975919
"Nt5dc1",0.596005306554149
"Cops6",0.595662508598263
"Ap4s1",0.595557811790661
"Cenps",0.595479987951326
"LOC128120677",0.595152878918093
"LOC128116467",0.595041022371927
"Kcnv1",0.594876414754663
"Atp6v0a1",0.594870176359959
"Calhm4",0.593964058443692
"LOC128118880",0.593683378255007
"Stil",0.593563967992162
"LOC128110522",0.593536842025496
"Tnni1",0.593447153462561
"Rpl8",0.593430452749059
"Pdzrn3",0.593235456308913
"Mrpl40",0.592917108068841
"Lsm8",0.592882539237229
"Thoc3",0.592690150889536
"Zbtb33",0.592661419300678
"Large2",0.592639490379307
"Shf",0.592115437333807
"Znf683",0.59176536066255
"LOC128103569",0.591687507342225
"Rasd1",0.591655012805614
"Tbxt",0.591001197285568
"Immp1l",0.590730832203508
"Gabpb1",0.59061755868061
"LOC128109670",0.590469917778408
"CUNH2orf66",0.590390021956648
"Adamts3",0.59030384123231
"LOC128124881",0.589912538715155
"CUNH6orf136",0.589905304841367
"Reep1",0.589514865829784
"Taf4b",0.58944404647381
"LOC128107993",0.589432675857331
"Camta2",0.589268176750505
"Klhl25",0.589264946723283
"Dnpep",0.589254151164981
"Zbtb49",0.589085334489875
"Mib1",0.588840484643768
"LOC128094888",0.588774533089153
"LOC128095736",0.588440562180479
"LOC128105585",0.588297456810062
"Bcl2",0.588179478396943
"Nat9",0.588113605562173
"Anapc1",0.588058986340217
"Slc12a2",0.587981121331337
"Chst1",0.587787235961876
"LOC128118093",0.587567550351839
"Slc25a21",0.587427269196563
"LOC128101838",0.587258005669344
"Hs6st2",0.587248968625278
"Edar",0.587007299027414
"Trim59",0.586866284082362
"Harbi1",0.586719441065108
"LOC128107612",0.58650332410719
"Styxl2",0.586432352716779
"LOC128098939",0.586287831494762
"Kctd8",0.585909888275958
"Cenpm",0.58588957570672
"Stk16",0.585822758842188
"LOC128102434",0.585778040088036
"Flywch2",0.58555921851974
"Rtraf",0.585298375986476
"Fzd8",0.584824471429302
"Nmur1",0.584730310326023
"LOC128100016",0.584673875305062
"Ndufb11",0.584647615822864
"Cdc42ep1",0.584590856812936
"LOC128123270",0.584478594616048
"Abcc6",0.583934926051796
"Znf629",0.583804825535124
"Blzf1",0.583734475675716
"Trim68",0.583692977558737
"Alyref",0.583636529487838
"Cuedc1",0.583453474770443
"Rpia",0.583434861094081
"Galnt14",0.582958744021968
"Bbln",0.582873583214876
"LOC128098628",0.582859343238462
"LOC128120508",0.582600268130169
"LOC128100791",0.582280926234882
"Kif25",0.582215099061899
"LOC128110052",0.582153399951079
"LOC128102756",0.582102900366974
"Shisa2",0.582069196677645
"Alkbh3",0.582059749030596
"LOC128108329",0.581621182437968
"Mfrp",0.581608691178062
"Rnf25",0.580807204444539
"Tecrl",0.580660394206881
"Slc39a5",0.580528725484321
"Tmem222",0.580487380457304
"Tmem276",0.580446721470773
"Rpl29",0.58019101909303
"LOC128112302",0.579904724942772
"Gng4",0.579875783460739
"Tmem35b",0.579756428595383
"Ovol2",0.579542805370114
"Ccdc91",0.579453295447222
"LOC128120553",0.579435438488832
"LOC128125011",0.579357093860038
"LOC128107521",0.579168204315148
"LOC128114850",0.579004619204051
"LOC128113913",0.578992288687237
"Pkp3",0.57898141192987
"LOC128117797",0.578703246148441
"Ube2k",0.578677426656302
"Saxo2",0.578551240631899
"Lima1",0.578535063883435
"Jmjd7",0.57833617273108
"Morc3",0.57805811506808
"LOC128114491",0.577817006937759
"Vars2",0.577772517644865
"Trappc3l",0.577697887448409
"Sf3a3",0.577303729687713
"Farp2",0.577219671135709
"Unc93b1",0.577206422113314
"Katnbl1",0.577205675924441
"Srsf6",0.577200491299409
"LOC128105531",0.577127683633525
"LOC128115386",0.577117264273386
"Rnasek",0.576907161990194
"Rab29",0.576865412293176
"Bola3",0.57649310270885
"LOC128104146",0.576294294921495
"Mad2l1bp",0.57612764097653
"Itpkc",0.575937421928891
"Ints9",0.575589678178537
"Hmox2",0.575584631299909
"Lyl1",0.575505267848894
"LOC128115666",0.57549741250689
"Calhm2",0.575256196871535
"Fam136a",0.575152252836712
"Rnaseh2c",0.574886432889214
"Rbm48",0.574861800505144
"Dennd2d",0.57480401105213
"Agtrap",0.57475284461736
"Copa",0.574693879223375
"Pianp",0.574613000797881
"Ptpn2",0.574565660991897
"Angptl8",0.574509087079918
"Rcor3",0.574333941319453
"Clptm1l",0.574148778151296
"Znf142",0.574140145680792
"Tox3",0.574091183325731
"LOC128115905",0.573874937661201
"Hs6st3",0.573861983850605
"Il1r2",0.573785145152756
"LOC128118140",0.573511737465969
"LOC128119618",0.573339350545852
"Fam222a",0.573041013916794
"Mfsd2b",0.572779644433128
"Nr1i3",0.572775244268908
"Homer2",0.57264092571566
"Slx4",0.572566391548598
"LOC128109822",0.572470160848834
"LOC128120790",0.572327413852635
"Sbno1",0.572286229554729
"LOC128118414",0.572082507475522
"LOC128119747",0.57206647339584
"Sell",0.572039773792784
"Rsph9",0.571974773791184
"LOC128097830",0.571924524624798
"LOC128119165",0.57190993118445
"LOC128105564",0.571751954032817
"Chpf",0.571586897627725
"LOC128105861",0.571418601317787
"Hibadh",0.571365938020926
"Elp3",0.571296894594588
"Mapk15",0.570811145170485
"Wdr11",0.570559069757648
"Atp13a5",0.570437728652966
"LOC128114974",0.570319763468993
"LOC128099570",0.570301356018845
"Rbm5",0.57021570274906
"Arhgap42",0.570006466143803
"Mrpl11",0.569745770398382
"Lman1l",0.569599312635839
"Cfap144",0.569486014664376
"Tcf3",0.569429191888188
"Med19",0.569243081616048
"Cfap47",0.569187439275955
"Ralgps1",0.56918382484543
"Pex16",0.569084440523207
"Serpind1",0.569046170184342
"Cdk5rap3",0.568835056838505
"LOC128121055",0.568595438386863
"Isl1",0.568060822474713
"Brd3os",0.568028536679968
"Myoz2",0.567843933152984
"Spdya",0.567827020525442
"LOC128115863",0.567727499113326
"Sall2",0.5677125275331
"LOC128096674",0.56766975399375
"LOC128112816",0.567630655812108
"Spag7",0.567554641322121
"Vhl",0.567323032949702
"LOC128111836",0.567305071375724
"LOC128097624",0.567196147509469
"Slc38a4",0.567135907865202
"Ralgds",0.566858325858961
"Igsf11",0.566622981351343
"Rnf223",0.566209597705314
"Mgat5b",0.566049588305003
"Acin1",0.566010228181022
"LOC128121068",0.565990579691222
"Gars1",0.565980814220784
"Ears2",0.565959801937454
"LOC128115015",0.565875272709745
"LOC128121625",0.565792418657873
"Htd2",0.565340769221397
"Grip1",0.565296895181223
"Gabrq",0.565288031197687
"Cd40lg",0.56523253195399
"LOC128116285",0.565094177362104
"Cd24",0.565079072731527
"Myh9",0.564730145505623
"LOC128111105",0.564520512644392
"Rhot2",0.564350861373459
"LOC128099414",0.564341292698075
"CUNH12orf43",0.56398010401878
"LOC128122108",0.563842285967731
"Txlnb",0.563779851081535
"Mideas",0.56371118943065
"LOC128120720",0.563668463956351
"LOC128095570",0.563613392705087
"Vps53",0.56304448206716
"Drd1",0.563006773792927
"B4galnt3",0.562987698981285
"Tmem151b",0.562945996293468
"Flot1",0.562872248615029
"Rara",0.562686640410453
"Timm13",0.562502535850915
"Ugt8",0.56246359842077
"Hnrnpf",0.562132091736852
"LOC128094494",0.561821222117312
"Crmp1",0.56161666268645
"C1rl",0.56151209763582
"Spaca6",0.561506436320527
"Firrm",0.561459716428944
"Rrp1b",0.561328864458754
"LOC128101190",0.56130180248507
"Tmem209",0.561282917188315
"Praf2",0.561244677002691
"Lhx2",0.561039436397389
"LOC128106460",0.560892183239527
"Blvrb",0.560731590804726
"Ptchd1",0.560677072067417
"Elovl6",0.560634772923754
"LOC128102743",0.560550652223714
"Sla2",0.560498324044194
"Stim1",0.560441665215306
"LOC128098556",0.559581977571053
"LOC128110109",0.559328404582076
"Itga3",0.55926835389695
"Sftpc",0.559230715802677
"Haus5",0.559224525432186
"LOC128119722",0.559084898582424
"Zmym6",0.558888295456874
"LOC128108684",0.558345310244129
"Sptlc2",0.558223604572747
"LOC128096650",0.557704082039132
"Bphl",0.557601834836966
"Creld1",0.557539383502317
"Dolpp1",0.557469132081565
"Cdk13",0.557148044501243
"Marchf9",0.557032014925748
"P2rx1",0.556756731891126
"LOC128118795",0.556687138918031
"Rab3il1",0.556681956294276
"Miip",0.556597468145381
"Cdkn3",0.556584637512845
"Zcchc4",0.556545972605663
"Il2ra",0.556127639173621
"Syt10",0.556088280007107
"LOC128099769",0.556001450003909
"LOC128113356",0.555618461776508
"Zc2hc1b",0.555544829391472
"Sec61g",0.555403651510553
"Map4k5",0.555322159603194
"Shroom2",0.555304646401739
"Klrg1",0.555215614003187
"Trpa1",0.554895886479996
"Cmas",0.554759685735093
"Elob",0.554733854178045
"Gpr179",0.554477224440136
"LOC128120942",0.554376187672632
"Spta1",0.554008401146789
"LOC128102610",0.553942064042899
"LOC128094405",0.553870936219607
"Tnni3",0.553240561453958
"Ylpm1",0.55322889379018
"LOC128125548",0.553213111456727
"Crabp1",0.55319005248884
"CUNH6orf226",0.553047419278165
"Gjc1",0.552990421840568
"Fbxl17",0.552862423707574
"Ubxn6",0.552630503284569
"Znf518b",0.552390989308016
"Tnrc6b",0.552375694996943
"LOC128117072",0.552246581831185
"LOC128099625",0.552007573306555
"Mok",0.551994620745789
"Pcgf3",0.551961161381848
"Spag1",0.551843852851858
"Nudt2",0.55177906601442
"Bsg",0.551723588226903
"Slc38a2",0.551701886789791
"CUNH10orf53",0.551318614684094
"LOC128099149",0.551292572462593
"Pgm2l1",0.550996039149946
"Casp3",0.550948890332566
"Mxd4",0.550856192967733
"LOC128098170",0.55076914854699
"LOC128094770",0.550746053468185
"Mccc2",0.550628343104571
"LOC128115893",0.550502566943344
"Dab2",0.550261408244509
"LOC128114364",0.550025262163022
"LOC128114534",0.54982089443042
"LOC128099731",0.549523191206243
"Ppp1r35",0.549361964488035
"Prpf31",0.549254499780977
"Etf1",0.549115947488673
"Abcd1",0.548991426963839
"Pigs",0.548947783232755
"LOC128099341",0.54889888910893
"LOC128119020",0.548563919848575
"LOC128114302",0.548176784594538
"Igfn1",0.548141910322786
"Smim1",0.548141753721749
"LOC128112788",0.547940210974828
"Ccdc8",0.547897274860709
"Naaladl1",0.547694960410316
"Prr33",0.547675512096639
"Lrrc4c",0.547644416940313
"Ampd3",0.54720702728538
"Mcoln2",0.54688005354608
"Pcbd1",0.546825033365157
"Smap2",0.546763071079588
"Pdhx",0.546674007180795
"Atf2",0.546650688628512
"LOC128120505",0.546622903691324
"Brme1",0.546059383470033
"Igfbp4",0.546023784421821
"Cdca2",0.54601176738781
"Gtf2f2",0.545790391930197
"Prmt2",0.545775861386544
"LOC128112512",0.545605132901102
"Psmb9",0.545326274385
"Itpr1",0.545179936991741
"LOC128109625",0.544813516134181
"Xrra1",0.544276263255465
"LOC128093873",0.54421744282855
"Nucb1",0.544172114167649
"LOC128108356",0.544102027117268
"Tceanc",0.54384346841063
"Ehf",0.543291198219294
"LOC128125790",0.543221804392901
"Fam217a",0.54320948115037
"LOC128095076",0.543052633692648
"Rabggtb",0.542506982096346
"Znf783",0.54239047511152
"P2rx4",0.54233649751877
"LOC128101238",0.542300111853101
"LOC128097079",0.542215595354749
"Baiap2l1",0.542018342792884
"Klhl3",0.541898996954945
"Icmt",0.541892431552442
"Psap",0.541764573885243
"Lsm12",0.541736084708026
"Slc39a13",0.541679997107888
"Rftn2",0.541604127821476
"LOC128117488",0.54148226968908
"LOC128111618",0.541324774755053
"Arhgap35",0.541147994417362
"Tomm40l",0.541064906785246
"Sik1",0.540812287851091
"Serpinb5",0.540666584720036
"Tfap2e",0.540640510818847
"LOC128123472",0.540579667703434
"Panx1",0.540548931252173
"Nrip3",0.540487432493506
"Cdh23",0.540266908722443
"LOC128107419",0.540220073730902
"Pdia2",0.540214751400225
"Tcfl5",0.53974529172275
"Hnf1b",0.539689471775708
"LOC128094588",0.539625037898899
"Slc45a1",0.539049000404749
"Faap100",0.538972791848794
"Exoc6b",0.538916612945707
"Lcp2",0.538827420771927
"Pick1",0.53846507441125
"Ibsp",0.538324627480105
"Sdr42e2",0.538310049974793
"LOC128121693",0.538270779949884
"Cers4",0.538258124973504
"CUNHXorf65",0.538171244273037
"Il9r",0.537992625357923
"LOC128125070",0.537930136938627
"Ramp2",0.537870883879649
"Znf410",0.537529349045154
"Ptges2",0.53733915278894
"Cdh26",0.537333793462042
"LOC128124262",0.537286305793686
"LOC128100008",0.537173327351411
"Trdn",0.537167313609035
"Zfp37",0.536819730712099
"LOC128117933",0.536773002933509
"Wnt10b",0.53634310495719
"LOC128116987",0.535963641897731
"Atp2c2",0.535733313180475
"LOC128111167",0.535374453224581
"Ipp",0.535356919932417
"LOC128108592",0.535337194430752
"Tfap4",0.535057529735674
"Katnb1",0.535048421932163
"Nme7",0.535010214102361
"Sqstm1",0.534919248520975
"Sun2",0.534811933609818
"Prdm5",0.53469149060642
"Gpt",0.534129424772189
"Grk4",0.53395302102968
"Ppm1m",0.533896711814154
"Rhobtb2",0.533842323809021
"Clmn",0.53381262445393
"LOC128105898",0.533808277412109
"Mon1a",0.533555761590325
"Corin",0.533551400031157
"Plxnb2",0.533399269379892
"Sowahc",0.53331837906574
"Pop7",0.533281289622056
"LOC128124479",0.533191564811097
"Lims2",0.533149076745556
"LOC128104220",0.533107913780667
"LOC128117843",0.533090573326331
"LOC128113359",0.533010094422688
"Fsd2",0.532895599686547
"Dmrt2",0.532863288376166
"LOC128107739",0.53251842432512
"LOC128105034",0.532441556181257
"Ufd1",0.531934711438315
"Plppr1",0.531862336407761
"Cfap119",0.531831286823415
"LOC128118970",0.531794694600689
"Pdcd2l",0.531754935052631
"CUNH8orf76",0.531527944976684
"LOC128120555",0.530997119640464
"LOC128097350",0.530636346429063
"Abhd10",0.530492857269362
"Spag4",0.530471300875757
"Cep57l1",0.530443105517892
"Zc3h4",0.530336805459925
"Apom",0.530294754643537
"Sh3gl1",0.530169507309764
"Ppil1",0.530148247446716
"Emc3",0.529955194029536
"Naa25",0.5298504454351
"Stox2",0.529616036092082
"Adgrb3",0.529404226457324
"Opcml",0.529367758730514
"LOC128115156",0.529129583833688
"Parva",0.528915611500156
"Sptlc3",0.528868938110563
"LOC128106306",0.528786026210797
"LOC128109947",0.528734012442023
"LOC128101320",0.528677514898378
"Cers6",0.528485875135189
"Ccdc184",0.528348716100164
"Bcl3",0.528303727045977
"Nox1",0.527864193738178
"LOC128116096",0.527811536215619
"Prxl2c",0.527805030678455
"Svil",0.527648420719448
"Kcna1",0.527616505651625
"Ly6h",0.527380735824951
"Supt6h",0.527375900485255
"LOC128116371",0.527362773213056
"Ank1",0.52735132958061
"Ccdc158",0.527326294537156
"Matk",0.526992390427848
"LOC128124526",0.526977914289224
"Kcng2",0.526882904471361
"Nup93",0.52659252136823
"LOC128122617",0.526385404048945
"Smim43",0.526338342296391
"Shank3",0.526161761212898
"Camkv",0.526103375487355
"Spata33",0.526058952749307
"Pcsk2",0.525907003525941
"Dpf2",0.525536948030725
"LOC128115671",0.525369123491672
"LOC128120304",0.525172408577462
"LOC128120591",0.525134058132731
"Nptn",0.525091593217896
"LOC128123555",0.524977478519651
"Bltp3a",0.524481539261397
"Tfpt",0.524302481033123
"LOC128118350",0.524100385503783
"LOC128120684",0.523966730368658
"LOC128114122",0.523921633091756
"Hnrnpa1",0.523579229124098
"Ccdc160",0.523254001408461
"Slc10a5",0.523218417487847
"LOC128112722",0.523217929925557
"LOC128125292",0.523213848762593
"LOC128111944",0.522957144267578
"Srxn1",0.522855883728695
"Zfr2",0.522700479859665
"Mrm2",0.522597613265916
"Arhgef2",0.522557422125846
"LOC128115975",0.522487747060769
"Znf839",0.522294617681084
"Tox2",0.522147903071463
"Garem1",0.521978119848449
"Col6a3",0.521897071760171
"Rnf34",0.52185224300835
"Copz2",0.521845014027922
"Kcnmb4",0.52167131040521
"LOC128108851",0.521591613073373
"Gins2",0.52156331139
"Kdelr3",0.521537468816174
"Kntc1",0.521442115626736
"Klk14",0.521237606730455
"Frzb",0.521006032690115
"LOC128125433",0.520942338118364
"Cdk1",0.520884996458833
"Gpatch2l",0.520831315121485
"Ddhd2",0.52070646634165
"LOC128099689",0.520318054188359
"Oaf",0.520051050333094
"Ccdc120",0.519945007550831
"Ajuba",0.519760263030158
"Bbc3",0.519706790638643
"Pak3",0.519555886407616
"Nars2",0.519414483094301
"Itgav",0.519209362928639
"Slc25a39",0.519175045226128
"Stat3",0.518900731626138
"Irf2",0.518061874359681
"LOC128111267",0.517740920148652
"Tmem160",0.517474477843242
"Ptprn",0.517393151968888
"Apobec2",0.517362875243989
"Cenpn",0.51732173672116
"Drg1",0.51718846227016
"Sez6l2",0.517051512863048
"Tiam1",0.517007774694783
"LOC128125307",0.516790207879314
"LOC128110397",0.516772606326244
"Alox12",0.516748230182307
"Klf10",0.516397022912921
"Shq1",0.516224309168793
"Cd163",0.516087111623978
"Slc38a8",0.516033194337421
"LOC128110017",0.515955360406712
"LOC128115751",0.515771193119321
"LOC128116778",0.515660950054001
"Inha",0.515354160565847
"Slc8a3",0.515187572427046
"Map1s",0.514869107228436
"LOC128103182",0.514802684495523
"Tmem175",0.514562431040997
"LOC128107940",0.514551133320034
"Inpp4b",0.514069413879567
"LOC128103069",0.51387040742681
"Rpl32",0.513766004320956
"Fhip1a",0.513715464190684
"St6gal2",0.513688976197556
"Ccdc12",0.51365371898368
"LOC128113724",0.513595984457846
"LOC128099500",0.513566822428861
"LOC128118135",0.51342007068599
"Lrch1",0.513414831472562
"Atp1a1",0.513376316664816
"Cnpy4",0.51311592128321
"Dnaja2",0.5128956850131
"Sfn",0.512834682623938
"Pdgfb",0.512794176679466
"LOC128102095",0.5126830062001
"Agbl2",0.512529463370613
"Tmem183a",0.512117208916411
"LOC128118938",0.512111290484958
"Sh3bp2",0.512053781268328
"Cdkl1",0.51197702931293
"Rai1",0.511930427357294
"LOC128121498",0.511904883565579
"Ramp1",0.511602647103602
"Dnajb2",0.511515260327838
"Atcay",0.511314751024503
"Mapkbp1",0.511283864359042
"Ydjc",0.511271028801857
"Lcor",0.510869200216112
"Kl",0.51084900859318
"LOC128104257",0.510500920489347
"Ltbp4",0.510403434364093
"Cxxc4",0.510298474021331
"Aste1",0.510164391247709
"Faf2",0.509953959827856
"LOC128103570",0.509875134083997
"LOC128125699",0.509637040776351
"Slc9a3",0.509633803292401
"Dguok",0.509444953778588
"Cenpq",0.509130644529651
"LOC128094895",0.509003544062276
"CUNH14orf180",0.508907551271533
"LOC128098216",0.508631129702767
"Tigd4",0.508514071091342
"Map3k5",0.508272785838962
"Neto1",0.508175983942462
"Kcnmb3",0.508147773423623
"LOC128095895",0.508058716959777
"LOC128100759",0.508052988673684
"Sap18",0.508018152581222
"Cfap99",0.507837080818117
"Cdc7",0.50780484557047
"Tspoap1",0.507555466667999
"Bsdc1",0.507392106173177
"Ppp6r3",0.507267146753582
"Ptprr",0.507031854149992
"Ilf3",0.506984140655514
"Tnrc6c",0.506797741843862
"Tlcd3b",0.506770163307338
"Tcf23",0.506311716019857
"Napsa",0.505731634531992
"Bcam",0.50564721660372
"LOC128104880",0.505495064210894
"Lats1",0.505324061274017
"Erbin",0.505174166134129
"Zmat4",0.505105759823494
"LOC128095566",0.504876592014438
"Unc5cl",0.504860076561841
"Cd160",0.50481261480903
"LOC128104432",0.504730474820949
"Mthfs",0.504717275095695
"Ly6g6c",0.504661878976522
"Mettl9",0.504393285250122
"LOC128103452",0.504352096567424
"LOC128108909",0.504297923124148
"Cdh17",0.504066710430307
"LOC128103128",0.503736089446303
"Scara5",0.503684180458581
"Pcyt1b",0.503650300888488
"Ndc80",0.503311674662636
"LOC128096779",0.503270446408517
"Ppp2r5a",0.50307603847083
"Ankib1",0.502903573335375
"R3hcc1",0.502698999509566
"Hdac5",0.502617192577954
"Il22ra1",0.502141865362927
"Tesc",0.501868432441393
"Terb1",0.501867523153199
"LOC128112161",0.501652387208649
"Plekha2",0.501515666303591
"Pold4",0.501382806381354
"Ccl25",0.501170757029986
"Trim6",0.501013580692832
"Ctsk",0.500950811575394
"Il17re",0.50093030464067
"Klhdc1",0.500821708087342
"Hdac8",0.500774003785561
"Med31",0.500693073592397
"Rnf115",0.500638579821346
"Bend4",0.500266957720857
"Speg",0.500071161305946
"Nags",0.500038375569989
"Ccna1",0.499824972660586
"Gnal",0.499646309870426
"LOC128122479",0.499613260721871
"Rab37",0.49960149942173
"Rnf167",0.499541396965866
"Mrap2",0.499404794783245
"LOC128115193",0.499398733636304
"Cog4",0.499289067691414
"Ltbp2",0.499260810955447
"LOC128098824",0.498994522379364
"Dagla",0.498539871872747
"Haspin",0.497892288248525
"Mrgpre",0.497828034154217
"Foxd3",0.497795310342609
"Avpi1",0.497776210542589
"Lpar5",0.497609142896616
"Wdr82",0.497579376958454
"Ccdc103",0.497487891932657
"LOC128122349",0.497243617313803
"Mia",0.496755345725485
"LOC128118103",0.496708154529759
"LOC128111671",0.496692426173419
"LOC128121739",0.496682677119668
"Enpp6",0.496502059768323
"Tcf15",0.496323993260362
"Col11a1",0.496295685998516
"Slc41a1",0.496263300854706
"Psapl1",0.495894209200598
"Nhlrc4",0.495813705740635
"Cmpk2",0.495767280418782
"Dll3",0.495623522240185
"LOC128100695",0.495598595338102
"Oas1",0.495358600683599
"Prkaa2",0.495292479628421
"Siva1",0.495260762301765
"Egf",0.494473032660301
"LOC128096031",0.494059287105982
"Bcl10",0.493622125752376
"LOC128099122",0.493547885800618
"LOC128110405",0.493527333035141
"LOC128121236",0.493484769130363
"LOC128095604",0.493028913716732
"Mdp1",0.492936198491603
"CUNH8orf82",0.492679214442613
"Fam133b",0.492539980792678
"Cd5",0.492190012189083
"LOC128121880",0.492178010016591
"LOC128111647",0.492061596562895
"Apobec1",0.491864533326679
"Mab21l1",0.491837031541624
"Accs",0.491668062296793
"LOC128107817",0.491089066236603
"LOC128107239",0.491061371769171
"Cacna1a",0.490900618061834
"LOC128107355",0.49064442673118
"Necab3",0.490598322868454
"LOC128121861",0.490421040020958
"Niban1",0.490386717523146
"Endou",0.489967072329864
"LOC128121038",0.489248878535708
"LOC128123557",0.489089998166727
"Heatr6",0.488842240150896
"LOC128113619",0.488806101971631
"Kiss1r",0.488474298709504
"LOC128116044",0.488321307836536
"Trpv1",0.488143412663681
"Mrpl53",0.488026779023752
"LOC128108263",0.487805591190801
"Cxcl14",0.48776624253872
"LOC128111967",0.487676199638481
"Zbtb34",0.487560058379194
"Dpm2",0.487538956130469
"LOC128099663",0.487510342242331
"LOC128094238",0.487469349104778
"LOC128119959",0.487427538470859
"LOC128121631",0.487054493051155
"Fxyd4",0.486965731735228
"LOC128123070",0.486886075882008
"Gpatch4",0.486708874994515
"LOC128107306",0.486683048280395
"LOC128095634",0.486251559765196
"LOC128098222",0.486244493057255
"Mfsd10",0.486081796793918
"Tifa",0.485992416092435
"Rnf216",0.485958898603161
"Dmpk",0.485836977784758
"Ttll8",0.485769605883193
"LOC128121305",0.485650867925522
"LOC128108958",0.485628614688892
"Esrra",0.485569400836161
"Nckipsd",0.485568903057735
"LOC128096314",0.485299787920626
"Stat4",0.485145910832084
"LOC128099615",0.484950364494486
"Slc43a1",0.484945767456184
"LOC128095562",0.484893675656827
"Extl3",0.484872363954405
"Wdtc1",0.484738873738106
"LOC128116897",0.484347523779702
"Pin4",0.484156162971782
"LOC128111034",0.484107142078062
"Cby3",0.483735328025984
"LOC128108925",0.483627952887105
"LOC128125733",0.483616546094268
"Mydgf",0.483461249212427
"LOC128111806",0.483359956991088
"Parl",0.483062454525288
"Mllt11",0.48283977709191
"Ryr1",0.482831696457204
"Mtg2",0.482704169843806
"Upf3a",0.482686043057192
"Tm9sf1",0.482589539539438
"Dclre1a",0.482524024896662
"Fdxacb1",0.482233231561266
"Tonsl",0.481611361536365
"Fundc2",0.481240495030117
"Isg20",0.48116243520897
"Hsbp1",0.481062100627418
"LOC128112007",0.480930504740984
"Atp5pd",0.480769357437429
"Med11",0.480581396008787
"LOC128104617",0.480214739060857
"LOC128096268",0.480124620025376
"LOC128112265",0.480008812400182
"Slc2a5",0.479913551320695
"Naxe",0.479910507980273
"LOC128099304",0.479887390031237
"LOC128120015",0.479779998569929
"LOC128110895",0.479679898442118
"LOC128117003",0.479632078152545
"Sytl1",0.479480854633469
"LOC128117734",0.479427579336407
"Tspan18",0.479299576453076
"Fgf14",0.47914904301463
"LOC128114304",0.478863986348442
"P2rx5",0.478736795822839
"Rab17",0.47836990794678
"Sorcs3",0.478312753192212
"LOC128098218",0.478278120844604
"Fbxl8",0.478196432958019
"Jun",0.478145427073279
"Fbxl2",0.477855453174004
"Ocstamp",0.477727443687439
"Gria3",0.477624039254657
"LOC128096712",0.477570720578796
"LOC128106353",0.477262901691519
"Numbl",0.4771805430242
"LOC128120321",0.476722454041837
"Mro",0.47643862058929
"Snph",0.476033696437678
"Shisa7",0.475901899843678
"Evc2",0.475791876310765
"Fabp1",0.475782644516612
"Fcgr1a",0.475687001051852
"Slc17a3",0.475564349727254
"Ccn5",0.475432069986776
"Ncam2",0.475177252388389
"Gtf2h4",0.475166440764669
"Pax8",0.475027739682982
"Npm1",0.474847315925598
"Gfap",0.474836803008995
"Ep300",0.474825588842663
"Bmp5",0.47463878189196
"Arsk",0.474612427063139
"Ifrd2",0.474493694459965
"LOC128105449",0.474463562247532
"Smim33",0.474367086399562
"Morn4",0.474322796129106
"Wdr54",0.474317928106735
"Noc3l",0.474315720415644
"Rprm",0.474010860489488
"Stpg3",0.473958219143833
"Tmtc1",0.47386383154855
"Arid2",0.473827688081687
"Lrrc43",0.473621554410682
"Eeig1",0.473594669870089
"Mcrip2",0.473188744790516
"Tmem263",0.473179739768216
"Phf21a",0.472944954076267
"LOC128109412",0.472910445181737
"LOC128099351",0.472822611636581
"Pdik1l",0.472674329932512
"LOC128099613",0.472674043595703
"LOC128117418",0.472303522603235
"Ascl2",0.472053377425623
"C1qtnf4",0.472022374015379
"LOC128097367",0.471969733843112
"Jakmip3",0.471764398263403
"LOC128097737",0.471631338979437
"LOC128118731",0.471240749243372
"Bnipl",0.471169042370982
"Prkdc",0.471034237828065
"Fcsk",0.470910821324726
"Xrcc1",0.470837987635513
"Tet3",0.470711126047535
"LOC128123001",0.470513999751098
"Ddx4",0.470242614668552
"Qtrt1",0.470136834387445
"Scn3a",0.469988894672234
"LOC128117772",0.469906439187647
"LOC128112651",0.469897161086329
"LOC128114225",0.469869992214347
"Arrb2",0.469514919658239
"LOC128116865",0.469331509276384
"LOC128122476",0.468765847523017
"Plcxd2",0.468753833519519
"LOC128119277",0.468739646339375
"Fbxo48",0.468730068490305
"LOC128108884",0.468724618726414
"Mrps12",0.468535515347179
"LOC128096942",0.468387557184862
"Camk4",0.46834352459168
"Rhog",0.468251442242862
"LOC128100986",0.468216709701493
"LOC128106363",0.46819915694234
"Nasp",0.468158388273121
"Otud7a",0.468016974668883
"Sos1",0.467950364210553
"Ddx28",0.467946781944212
"LOC128123700",0.46771487300983
"Enox1",0.467710499440863
"LOC128116232",0.467664660381018
"LOC128122972",0.467524070159363
"Slc25a24",0.467264717534278
"LOC128106640",0.466952268653473
"Itgam",0.466920991359989
"Ppm1l",0.466895287676124
"Phlda2",0.466868075233093
"Pabpn1l",0.466789070230935
"Prokr1",0.466773027066822
"LOC128110116",0.466722547112382
"LOC128116284",0.466582868214933
"Hivep3",0.46644738575681
"LOC128105552",0.466400209646216
"Klhl42",0.466264695935855
"Rab25",0.465455558291154
"Itpripl1",0.465206515083036
"Mtpn",0.465186522057706
"Rpl3",0.465145411288481
"Brd4",0.465122467789587
"LOC128122545",0.465085363065851
"Fam227b",0.464845377789647
"LOC128118390",0.464661824826511
"LOC128098092",0.464436634474583
"Kif24",0.464269397523747
"Cx3cl1",0.464048609193406
"LOC128098605",0.464012476139329
"Vps37c",0.463939961616504
"LOC128106534",0.46370605533442
"LOC128113001",0.463635177816396
"Psmg2",0.463588221753499
"Hinfp",0.463572804522007
"Ptdss1",0.463343423047633
"Isca2",0.463296647923884
"Tmem86b",0.463270631182111
"Prkx",0.463182489989027
"Trnaa-agc",0.463145033338513
"Gc",0.463108245692969
"Cd164l2",0.462999130225635
"LOC128117833",0.462996921788433
"B4galnt2",0.462888764179476
"CUNH1orf174",0.462861751935519
"Enthd1",0.462711072204181
"LOC128095654",0.46247647703593
"Mcm3ap",0.462086725002831
"Six5",0.461753735969141
"CUNH11orf52",0.461753732543358
"Xk",0.461230299944669
"Yju2",0.46107152107797
"Arhgdia",0.460744379832153
"Depdc5",0.460545335635126
"LOC128107756",0.46044222736895
"LOC128096823",0.46010938618045
"LOC128097230",0.459628086706057
"Rnf225",0.459494129348956
"Cltb",0.459347255172328
"Bdp1",0.459194414499318
"LOC128123702",0.459178347872544
"Nudt17",0.458947107843621
"Rbck1",0.458767949180795
"Kmo",0.45873856070569
"Faxc",0.458523098010916
"Dicer1",0.458064464882264
"Pnma8b",0.457922909679868
"Nwd1",0.457752717542633
"Srp14",0.457680740538534
"Lias",0.457210803833046
"LOC128122486",0.457151321714704
"Mars1",0.456859828932988
"LOC128101157",0.456641326361509
"Pclaf",0.456596388410139
"LOC128117970",0.456463249783968
"LOC128120867",0.45633015233179
"Stambp",0.456324962393901
"Rnf145",0.456265042626748
"Bdh1",0.456240418075474
"Pheta1",0.456172291226882
"Nlrc4",0.456066199639259
"Atp1a4",0.456035890266995
"Slc26a1",0.456003011441414
"LOC128110673",0.455495443093963
"LOC128099853",0.455493590040673
"LOC128120379",0.45546428135627
"Syt4",0.455381897151802
"LOC128102304",0.455256825672019
"Tctn3",0.455104137597524
"LOC128103764",0.454894278692938
"LOC128123151",0.454870085932825
"Hoxd3",0.454693254302314
"Cdadc1",0.454339542247274
"Odf2",0.454046238801078
"Naa16",0.453979560531036
"Cfap45",0.453469287344916
"LOC128107287",0.45343577491468
"Hycc2",0.453074095036454
"Lmf2",0.453069912065959
"Sf3a1",0.452982328135623
"Ctla4",0.452962732115537
"LOC128108632",0.45291492136622
"Stambpl1",0.452749080373901
"Stra6",0.452644613927426
"LOC128124192",0.452565569323004
"LOC128119834",0.452518554880045
"Psmd9",0.452483494236399
"Btla",0.452291806716422
"Man1c1",0.45224949664909
"Ncmap",0.452065059654932
"LOC128100120",0.451980642328817
"Ankrd40",0.451962699913534
"Kpna3",0.45193648087417
"Gjd3",0.451778218616218
"Card11",0.451684711856319
"Cmya5",0.451600075936473
"Mkln1",0.451571539816681
"LOC128103036",0.451418434636271
"Znf521",0.451247943124523
"LOC128110385",0.451140544685418
"Iqcc",0.450988542619641
"Rhbdl3",0.450890884772732
"Gpt2",0.450703367427198
"Pex5l",0.450634587123749
"Drc3",0.450458367050021
"Mettl26",0.450409471309926
"CUNH12orf60",0.449842776135948
"LOC128113813",0.44977733652456
"Pemt",0.449732594120523
"LOC128097435",0.449618040385662
"Ccdc28b",0.449534566418268
"Il27ra",0.449416494676555
"Hormad1",0.449324075097942
"Fignl2",0.449308591326186
"B3gnt4",0.449227767651598
"Ube2b",0.448823768058455
"Nab1",0.448757177533687
"LOC128116688",0.44874382557703
"Plekhb2",0.448517159657961
"Thnsl1",0.448225449842997
"LOC128106497",0.448092079004233
"Il15",0.447962391273275
"Ddx52",0.447944789452821
"LOC128125265",0.447918364976962
"Tmem184a",0.447798800629365
"Magee1",0.44766207632234
"Rbx1",0.44757767286889
"Senp3",0.447567211629549
"Homer3",0.447535829053277
"Egr3",0.447504676884314
"LOC128100798",0.446784791062644
"Chmp4a",0.446432155740472
"LOC128094767",0.446326598904678
"Amacr",0.446096880426021
"Apip",0.445915134392456
"LOC128114287",0.445857295591716
"Kctd2",0.445474765462
"LOC128122210",0.445276849805982
"Lrrn2",0.445168467827967
"LOC128105745",0.444807372206253
"Spaca4",0.444747384373914
"Neurl3",0.444485514951444
"Gzmm",0.444442823525488
"Psme1",0.443945944407903
"LOC128102400",0.443762495022797
"Ruvbl1",0.443703622117952
"LOC128113098",0.443666246991524
"LOC128110096",0.443073728756168
"Jsrp1",0.442976144419758
"Timm10",0.442684012719385
"Vwa1",0.442548070576586
"Samd9",0.442485496200797
"LOC128104776",0.44224389271514
"Cubn",0.442125190406189
"LOC128113112",0.442038605913829
"Hexd",0.441831764843183
"Dnaaf3",0.441749038380548
"Reeld1",0.441230854219974
"LOC128125486",0.441191462017747
"Poc1a",0.441163019748422
"Angptl3",0.441147215958842
"Stk35",0.440735346481565
"Gmppb",0.440607480383862
"Adamts19",0.440396882933948
"Lap3",0.440367060581608
"LOC128096467",0.439868669623851
"Podxl",0.439571490608911
"Coprs",0.43946695243006
"LOC128099348",0.439300654213805
"Dlg5",0.439197451137951
"Tmem203",0.438975849254346
"LOC128117895",0.438618753607797
"LOC128106688",0.438323760169463
"Pus3",0.438184254335044
"Ccn2",0.438150580590876
"Sppl2b",0.438126165328424
"Efr3b",0.438105087513926
"LOC128108363",0.43790503889564
"Frey1",0.437624904925423
"Trmt61b",0.437607026228131
"Cacnb3",0.437266960848914
"Smarca4",0.436954297170457
"LOC128114006",0.436599014403857
"LOC128098874",0.436534923561174
"Gpx8",0.436359857599341
"LOC128101893",0.436179169489244
"LOC128104029",0.435872310896851
"Unc93a",0.435783568156597
"Mettl3",0.435662842226588
"CUNH15orf40",0.435634908962337
"LOC128116534",0.435625705838342
"LOC128095350",0.435609657345109
"LOC128116388",0.43556797363672
"LOC128102404",0.435533872936427
"Sema6c",0.434505384618161
"Phaf1",0.43438371034609
"LOC128125050",0.434355797400455
"Pprc1",0.434253054726209
"Myot",0.434180019835739
"LOC128117683",0.434132316808461
"Kif1c",0.434129481226976
"Slc16a13",0.434024073731408
"LOC128099381",0.434001366903207
"Fcer1g",0.433885560083899
"Gna12",0.433817026867298
"Fcho1",0.433566190821448
"LOC128104491",0.433350899975306
"Grip2",0.433289737219162
"Gpr84",0.433254556995553
"LOC128097542",0.433242705456071
"Nacc2",0.433189676164547
"Xkr9",0.432745652431106
"LOC128111892",0.432690720122607
"Slc46a1",0.432682898875901
"LOC128096387",0.432680809827718
"Cept1",0.43224219918831
"Gpr4",0.431934150648758
"LOC128122201",0.431897745079617
"LOC128123533",0.431678030735131
"LOC128114615",0.431642715881647
"Cdc34",0.431609262457446
"Wdr86",0.431596810799318
"Ankrd33",0.431135108142049
"Tmod2",0.430910007948629
"Rnh1",0.430711508302889
"LOC128102744",0.43068547263282
"Lrrc70",0.430518292409913
"Nfkbid",0.430478908221764
"Edn3",0.430294193680657
"Dydc2",0.430271926680627
"LOC128106131",0.429981106865199
"Lct",0.429930667609263
"Slc10a1",0.429924996097268
"Nectin2",0.429756089226477
"LOC128117239",0.429730027926203
"Fbxo17",0.429352199799731
"Rxra",0.429276432241386
"Id2",0.429199066888401
"Aifm3",0.429161393119324
"Phka2",0.429055882426687
"Mfsd3",0.429007584087927
"Fam241b",0.428734334094775
"Eefsec",0.428642133763115
"Tmem200a",0.428465863291464
"LOC128105857",0.428401051312865
"LOC128107204",0.427975205357555
"Znf317",0.427849894563492
"LOC128107118",0.427794190198655
"Meig1",0.427698599761316
"LOC128115825",0.427571697802929
"Vit",0.427554670480385
"LOC128098063",0.427506867110102
"LOC128094230",0.42747625736675
"Pdia3",0.427402068907108
"Adamts20",0.427313744461862
"Trappc4",0.427224446185823
"B4gat1",0.427112717356285
"Mpo",0.426822932799036
"Zim3",0.426781816365366
"Tymp",0.426587715321751
"Cblc",0.42658209681951
"LOC128107175",0.426438951401601
"Srp9",0.426325625862558
"LOC128105332",0.426245166453819
"Scn4a",0.426087756959518
"Cacng8",0.425952182186186
"LOC128124621",0.425454629800844
"Atp2b2",0.425177261299175
"Ppp4r3a",0.425131487337924
"LOC128121418",0.425125233614759
"Nptxr",0.425066686704819
"LOC128109409",0.425039478578246
"LOC128108536",0.42497804763025
"LOC128096919",0.424968962507704
"B3galt1",0.424937304696129
"Lmnb2",0.424731314369011
"LOC128094028",0.424715472748429
"Gas7",0.424457629212076
"LOC128098348",0.424380943503648
"Gpr68",0.424206943896158
"Sowahd",0.424188017626643
"LOC128115345",0.424035395614893
"Adm",0.423720303783981
"Ufc1",0.423661152350112
"Il6",0.423588994836123
"Arhgap32",0.423505030091577
"CUNH17orf99",0.423258605966232
"Stk39",0.423246145149757
"LOC128107953",0.423026040577796
"Ppp6r2",0.423000913906777
"LOC128114148",0.422815025894128
"Slc22a15",0.42278632562994
"Prxl2b",0.422774365525152
"LOC128100414",0.422723922577347
"LOC128113638",0.422655256783782
"LOC128114690",0.422596889397591
"Acadsb",0.421888279626158
"Camsap3",0.421790808213204
"B4galt3",0.421654811097451
"Rps19",0.421588490036054
"LOC128108179",0.421554747137461
"LOC128114617",0.421477516021382
"Msrb1",0.421333807786094
"Foxm1",0.421211950862182
"LOC128110421",0.421090206748147
"Chgb",0.420897487432427
"Gatb",0.420790853842614
"Pabir2",0.420772625743741
"Tamm41",0.420763837238279
"Itga11",0.420580716643662
"Ube2v2",0.420579215371432
"Cbx8",0.420360763441531
"Dusp2",0.420313280192274
"Fhad1",0.420271495340991
"Bbs12",0.419872566558048
"LOC128100697",0.419553900093787
"LOC128116425",0.419550226124055
"CUNH14orf119",0.41944009412597
"Fut4",0.4191396606804
"Nt5m",0.419067155105113
"Wdr87",0.41877129187049
"Rnasel",0.418730906805766
"Gtpbp1",0.418520597918791
"Dock6",0.418450660778189
"LOC128107220",0.418196945206811
"Cracr2a",0.417936301686837
"Gzmk",0.41790019131721
"Apeh",0.417859817018961
"Piwil4",0.417730388736177
"Cfap97d2",0.417668102069258
"Has2",0.417503027781191
"LOC128094824",0.417477776618156
"LOC128114238",0.417392973757254
"Tmem134",0.417184234366674
"LOC128096249",0.416953018344295
"Hirip3",0.416910342318588
"LOC128104526",0.416638372105186
"Necab1",0.416570948258604
"Acy1",0.416297027676198
"LOC128094776",0.416246735110965
"Prrt1",0.415927269643324
"Polr3a",0.415237204311788
"CUNH11orf71",0.414999657206837
"Ush1c",0.414995803210499
"Ndst4",0.414944775181905
"Ildr1",0.414927453185225
"Tead1",0.414908015499379
"LOC128115837",0.414893906473576
"Twist2",0.414858346568492
"LOC128125159",0.414521344856848
"LOC128102816",0.414281830897983
"LOC128111573",0.414234418601155
"Natd1",0.414212984895401
"Larp6",0.414210510367574
"Rab28",0.414154808739672
"Dnaaf1",0.414019660361726
"Selenov",0.413999132438057
"Sypl2",0.413840835649807
"Scaf11",0.413769447662922
"Tuba8",0.41349320327581
"Htr2b",0.413282035897002
"Hltf",0.413212942549714
"Dclk1",0.413126453962704
"Scfd2",0.412985105824534
"Spdef",0.412884247974761
"Dnm2",0.412872574234147
"Ctnna2",0.412471612051077
"Tppp",0.412215579389
"Rtl5",0.412189848269486
"Tp53tg5",0.411898041197285
"LOC128094049",0.41155331557011
"Degs1",0.411549575976483
"Tmem182",0.411449077122677
"Brat1",0.411443221102682
"Ccnl2",0.411339027393467
"Kif16b",0.411269652910634
"LOC128124843",0.411208501333604
"LOC128104149",0.4111959590588
"LOC128116497",0.411078116570958
"LOC128099941",0.411076742171434
"Tex54",0.410950990677086
"Rps25",0.410921626620494
"Cxcl11",0.410866866941062
"Thg1l",0.410633900109885
"Rprml",0.410511612393222
"Rap1a",0.410325883124101
"Ms4a7",0.410290198893761
"Tpbgl",0.410264098396603
"Dennd1c",0.409968050080194
"Pmel",0.409719385302913
"Nmnat1",0.409708311284502
"LOC128100068",0.40955886197588
"Scnn1d",0.409229705129163
"Syn3",0.40911422070761
"Lrrc55",0.408509874111063
"Znf831",0.408507181144214
"LOC128108654",0.408437570096059
"LOC128115737",0.408170878546857
"Scn5a",0.408109379450775
"LOC128101573",0.40802252751354
"Zfp91",0.407576216786088
"Vps35l",0.407495894881114
"Pycr1",0.40731953495323
"Ggct",0.407220041437594
"Ppm1n",0.407125933853618
"Fmo2",0.407075232018858
"LOC128103338",0.407073223691544
"LOC128104745",0.40697174055503
"LOC128114694",0.40696837467273
"LOC128109326",0.406961469563371
"Osbpl3",0.406911837353
"Gap43",0.406706923874993
"Adprhl1",0.406429767915001
"Kif19",0.406343787689519
"Znf483",0.406250167510442
"LOC128112942",0.406239296898136
"Neurl4",0.406009631997426
"Col24a1",0.405814210181611
"LOC128114024",0.405674347970168
"LOC128095191",0.405610659918364
"Znf830",0.405579365630406
"Slc29a3",0.405451553289564
"LOC128106471",0.405310253471372
"Vps41",0.405254215733945
"Gata5",0.40525299782297
"LOC128100332",0.405083712200727
"Slfn14",0.40507372865245
"Plin1",0.404959663976129
"LOC128104642",0.404932366669459
"LOC128114314",0.404871926926287
"Agmat",0.404748588790425
"LOC128117357",0.40445832893254
"LOC128105235",0.404299076917418
"Col28a1",0.404241116769436
"Sec61a1",0.404226685659162
"B4galnt4",0.404167113424875
"LOC128098885",0.404122356093686
"Tcof1",0.404045351294368
"Rab22a",0.403927789414984
"Fxyd2",0.403873545774515
"LOC128108045",0.403867673985078
"LOC128103451",0.403863329082329
"LOC128099214",0.403814963344523
"LOC128101330",0.40360261481239
"Zcwpw1",0.403499411143886
"Actn4",0.403327285091105
"Pars2",0.403192622020529
"LOC128098586",0.403189782012364
"LOC128099526",0.40303297806417
"LOC128109520",0.402993878379249
"Klhl10",0.402971569170913
"LOC128102586",0.402944010511022
"LOC128112057",0.402818167734668
"Cep192",0.402779138294423
"Znf385d",0.402731336932902
"Ebf3",0.402724362827389
"LOC128116724",0.402665801238074
"Wnk2",0.402615752817271
"Minar2",0.402361203923673
"Slc27a2",0.402009984856234
"Shkbp1",0.4020051434729
"Btg3",0.401839800442648
"LOC128101779",0.401656388429375
"Ldb1",0.401480303247634
"LOC128113699",0.401418004729565
"LOC128097786",0.401318433238387
"Txndc17",0.401300702634329
"Akt1s1",0.401023628206075
"LOC128110206",0.400976113710539
"LOC128111693",0.400634629988433
"Stc1",0.399842045552587
"Cidec",0.398998605118944
"Pitpnm1",0.398808282923754
"Fam83h",0.398747832339447
"Trnak-cuu",0.398731784306007
"Rwdd4",0.398648040283122
"LOC128118821",0.398633840149692
"Lmtk3",0.398617447752427
"Smtnl1",0.398588071754381
"LOC128110790",0.398410151616351
"Pex11g",0.39828190815977
"Pts",0.398192638271818
"LOC128101355",0.397997949024315
"Nop14",0.397500541052117
"LOC128122870",0.397374670147142
"LOC128112737",0.397133451830405
"Soga3",0.397102289452543
"Nubp2",0.397078978726784
"LOC128099937",0.397065414000444
"Ppp4r4",0.396689833853162
"LOC128102084",0.396623189476524
"Rnf149",0.396139820323488
"LOC128120661",0.396058294853431
"LOC128119140",0.396057433239428
"Nxph2",0.396028699598452
"Galr2",0.395810994817733
"Wnt8b",0.395744748741187
"LOC128102506",0.395478922672143
"Arl14ep",0.395385193381288
"LOC128121718",0.395145901010402
"Myrf",0.395033284676586
"Yy1",0.39492256952848
"Pgpep1l",0.39489446752279
"Prdm9",0.394546976759297
"Mtr",0.394511231812371
"Rgn",0.39426017778224
"Smim14",0.394163121536316
"Hmgcr",0.394142835043267
"Bcl2a1",0.394049415274867
"Cep70",0.393994904076841
"Wdr45",0.393982015370783
"Prkag3",0.393858499820616
"LOC128095793",0.39383613725541
"LOC128095956",0.393779212538501
"Cntd1",0.393760988095928
"LOC128113025",0.393585880424485
"Zmpste24",0.393490528910987
"LOC128115157",0.393426203584625
"Abca13",0.392951539446018
"LOC128120085",0.392852416656998
"Pitpnm3",0.392648022118274
"LOC128120792",0.39262288185818
"Wrnip1",0.392593728725052
"Smco1",0.392572358343692
"Mmp2",0.391774864404988
"Prpf6",0.391371787461214
"Neto2",0.391255276022393
"Myg1",0.391159733563806
"Pbxip1",0.391141789410149
"Tnfsf12",0.391006222230996
"Lpcat2",0.390875016127757
"LOC128116046",0.390809822995033
"Nwd2",0.390762370838256
"LOC128120631",0.390447735784965
"Sv2b",0.390299853209619
"LOC128097864",0.390023097979275
"LOC128098946",0.389931896519825
"Tor4a",0.389861087095781
"LOC128114091",0.389768478629474
"LOC128111854",0.389620450677145
"Pappa2",0.389616752398859
"LOC128125174",0.389588588416643
"LOC128095563",0.389388674921215
"Ciao1",0.389311160307815
"Cyth1",0.389128100376499
"LOC128122103",0.389118603136379
"LOC128107088",0.389066877497386
"Syn2",0.389062062818673
"Tmem51",0.389012741065843
"LOC128118261",0.388970969633817
"Uggt1",0.388771810571992
"Bltp2",0.388706917251755
"Uchl1",0.388639721746196
"Akr1a1",0.388536625897499
"LOC128096066",0.38847972197109
"LOC128112351",0.388351840505236
"Crat",0.388331695863498
"Cluap1",0.388299384400821
"Prr36",0.388173704187748
"C4bpb",0.388170632953397
"LOC128123156",0.38809527224426
"LOC128103946",0.387928002827047
"LOC128113065",0.387576575724185
"LOC128104427",0.387566655080013
"Rarres1",0.387562968693239
"Bag4",0.387516551725458
"Tespa1",0.387477998597452
"Atf6b",0.387186364465846
"Spem1",0.386935694787246
"LOC128094092",0.386666699138011
"Rpl9",0.386608817968486
"Star",0.386362030904683
"LOC128101010",0.385866393308744
"LOC128122240",0.385744079767539
"LOC128097771",0.385681939635711
"Sertad1",0.385628104980301
"Usp44",0.385330696985079
"Ccdc194",0.3852195092849
"Tnfrsf1b",0.385194960082665
"Xkr6",0.385090398253138
"Smim18",0.385074647715996
"LOC128115462",0.384964157901923
"LOC128123962",0.384953616817127
"LOC128107587",0.384936410141286
"Adgrg2",0.38478765436943
"LOC128101919",0.384700528599672
"LOC128108911",0.384488024233802
"Pxylp1",0.384290724407495
"LOC128094659",0.384136529957726
"Ppp1r37",0.384066471271712
"Dpp3",0.383879502924
"LOC128107289",0.383850064888528
"Chmp7",0.38383622725602
"Mtnr1b",0.38372295947194
"Tatdn2",0.383592172897684
"Rpp25",0.383512394115155
"Wdr17",0.383302548990679
"LOC128099585",0.383211158843433
"LOC128111208",0.382899060083994
"Psmg3",0.38276320316057
"Misp3",0.382581278329278
"LOC128099574",0.382568434091928
"LOC128124465",0.38210775335591
"Rfesd",0.38199073075668
"Cps1",0.38197432751618
"Dusp9",0.381666820412773
"Mxd3",0.38159515764229
"Rexo4",0.381587115419895
"LOC128125449",0.381299756860132
"LOC128110647",0.381220059039931
"LOC128119935",0.381165111980856
"Vpreb1",0.381096646141835
"LOC128111896",0.381005182661178
"Morn5",0.380862845305458
"LOC128100560",0.380721541934357
"Cdip1",0.380549841195798
"LOC128105306",0.380520966691089
"LOC128118656",0.38035154293594
"Hells",0.3802429424942
"Npepl1",0.380009948952841
"Mplkip",0.379983053388616
"Cdca7",0.379978527321269
"LOC128125687",0.379958187219129
"LOC128111037",0.379848273418132
"Ccp110",0.37963810375832
"Pak5",0.379522465439852
"LOC128102144",0.379424636585122
"Ache",0.379340489861675
"Rnase11",0.379335109330171
"LOC128110644",0.379295799910929
"Mt3",0.37926740599417
"Tspan15",0.379251791923161
"Rnf186",0.378942766166635
"Ltk",0.378938689525472
"Zbtb39",0.378935794178594
"Lpin3",0.378868776938932
"Mdc1",0.378819913955878
"Ccnb1",0.378721616335418
"LOC128121012",0.378444495690938
"LOC128121131",0.378156745458228
"Foxh1",0.378063648868772
"LOC128115826",0.377641228805167
"LOC128121930",0.377159307040126
"LOC128105063",0.37687593354283
"Ephx3",0.376833054187675
"Rgs7",0.376759091100843
"LOC128105833",0.376704999349692
"LOC128124768",0.376703401374935
"Lrp1b",0.376586836892506
"Lrp12",0.376481826395693
"Gdap1l1",0.376202436364513
"Pla2g4f",0.37583656870618
"Trpc5",0.375814747920416
"Prkar1a",0.375798274353029
"Gnai2",0.375779888919022
"LOC128107114",0.375569364121782
"Dedd",0.375453564945689
"LOC128105928",0.375275408378063
"Slc17a9",0.375209323473706
"Iqck",0.375183093065365
"Trappc14",0.375093604777074
"Zscan21",0.374827347435792
"Hoxb3",0.374760101595126
"Rps5",0.374609436413074
"Gk5",0.374521084019919
"Vim",0.374503824250528
"Rad51ap1",0.37419576612679
"LOC128121774",0.37418549698071
"Gzma",0.374090595880377
"Chrne",0.374056016452513
"LOC128111682",0.37398526470687
"Znf853",0.373948810843409
"Kcnj12",0.373888050752798
"LOC128105589",0.373816776060941
"Clec4e",0.373453012177076
"Cfap90",0.373348395590163
"LOC128101944",0.373176477160542
"LOC128119171",0.373060024014988
"LOC128106228",0.372945233082897
"Lingo3",0.372896425459197
"LOC128119263",0.372766263079178
"LOC128115067",0.37275223863794
"Bmp8a",0.372728665008034
"Spsb3",0.372702881663717
"LOC128113087",0.37256165296289
"Mcm10",0.372533361656828
"LOC128106642",0.372299546378912
"Col7a1",0.372215744746853
"Akap8",0.372091177567418
"Grin1",0.372081925046561
"Gtf2a1l",0.372054939228746
"LOC128114074",0.372050817648028
"Pagr1",0.372015993297494
"Rpl23a",0.371940252337392
"LOC128096717",0.371852056599504
"Ino80b",0.371481850222163
"LOC128122775",0.37146082211157
"Pdss2",0.371043266218209
"Snf8",0.370760689839176
"Tmem240",0.370654864826482
"LOC128097271",0.370486423612455
"Chsy3",0.3702561546875
"Drd2",0.370190035970313
"Sars1",0.370005096679715
"Jakmip2",0.369919858688893
"LOC128102171",0.369896744157114
"LOC128098480",0.369715245880151
"Fam114a2",0.369676154049716
"Csmd2",0.369662205389094
"LOC128120663",0.36958798962679
"Scrt1",0.369578813552023
"Ankrd65",0.369489376550126
"Kcnf1",0.369478184521322
"Tmem17",0.369381798932021
"LOC128115211",0.369238019603812
"Fbxo27",0.369237679983009
"Ddx17",0.369128265923855
"Cks2",0.368985139003694
"Ap4m1",0.368975551213107
"LOC128095679",0.368821250563154
"Tle6",0.368741009613532
"LOC128121773",0.368679897405984
"Actg1",0.368678092981964
"LOC128115937",0.36863320509411
"Rfc1",0.368324932551466
"Masp1",0.368302509199688
"Ceacam18",0.368283052970274
"LOC128099599",0.368261433115515
"LOC128119392",0.368221068861087
"Magohb",0.368132560275044
"LOC128111862",0.368080767761802
"LOC128105480",0.36794409167335
"Nrap",0.367934165721754
"Cpne9",0.367857188836652
"Agr3",0.36779811300506
"LOC128116287",0.367686977638044
"Cabp7",0.367629164097504
"LOC128096173",0.367590554690159
"LOC128114199",0.367467114722058
"LOC128099485",0.367384129681167
"Ikzf2",0.3673083858182
"LOC128094132",0.367209242119077
"Tent2",0.366880469594638
"LOC128093892",0.36674270725775
"Greb1",0.366687091603585
"Gprasp2",0.36664086509847
"Dnajc5g",0.366605004782232
"Znf2",0.366180246448013
"Trappc11",0.36589184373101
"Tmem54",0.365886314426478
"Rdh13",0.365758228080917
"LOC128098075",0.365754875549168
"Htr1d",0.365706350171805
"Rpp38",0.365679253685415
"LOC128095282",0.36563019896339
"LOC128122598",0.365498304229828
"Enkur",0.365136022300035
"Eno3",0.365081264953085
"Btbd1",0.364966776459303
"LOC128116195",0.364813931702016
"LOC128109329",0.364725906677434
"LOC128112732",0.36452123010172
"Mrpl18",0.364166701040825
"Cc2d2b",0.364057590512281
"LOC128120795",0.364012868520265
"Amh",0.363918126130474
"Tmem179",0.363520328060748
"Nmrk2",0.363440869843951
"Hdgf",0.363099172219395
"Bcl2l11",0.363084894635416
"Rcor2",0.362877009449369
"LOC128124154",0.362831932697218
"LOC128108948",0.362485209956618
"P3h4",0.362219495845187
"LOC128116401",0.362089960849459
"Pirt",0.361960258646095
"Dsg3",0.361892783675225
"Spata1",0.361862181922632
"Hsdl1",0.361757959193348
"Tacr1",0.361478475602351
"Zcwpw2",0.361411589739645
"Ccdc116",0.361405495059309
"Pnpo",0.361147753422585
"Hes7",0.361072549717551
"LOC128103493",0.360920179250693
"LOC128109023",0.360913196507568
"Fgfbp3",0.360665582307567
"Spag5",0.360375842828275
"LOC128095102",0.360371628959126
"Coch",0.360256510603318
"LOC128104212",0.360102946985663
"Mcoln1",0.359868272986674
"Primpol",0.359762771846584
"LOC128122073",0.359064565699348
"Sphkap",0.358988941437179
"LOC128108797",0.358986556347291
"Scg5",0.35896015474575
"Pitx3",0.358865831992995
"LOC128096205",0.358713788769943
"Adgrf3",0.358711237063222
"Xpnpep3",0.358657719539546
"CUNH5orf52",0.358583980795521
"Prdx5",0.358359716827523
"Tedc2",0.35814673474068
"Fbxo40",0.358047011941584
"LOC128106792",0.358006677776574
"LOC128108811",0.357774177252595
"LOC128102701",0.357750998014798
"Rubcnl",0.357747582809694
"Mga",0.357718025295286
"LOC128102088",0.357693741600678
"Gtsf1",0.357318095176298
"LOC128125581",0.357296975137256
"G6pc3",0.35726679831275
"Trmt10b",0.357149838325436
"Slc2a9",0.356926242376965
"LOC128124470",0.356849937077853
"LOC128104341",0.356483676037934
"Nr0b1",0.356387015758342
"Rnf126",0.356336415417076
"Tasp1",0.356264266504663
"LOC128116313",0.356043749852547
"Slc25a51",0.355901650147558
"Lpxn",0.35570292757336
"LOC128119222",0.355270121264095
"CUNH17orf97",0.35525406712132
"Gprasp1",0.355159870601068
"Pcp4",0.355078775923324
"Doc2a",0.355050603071877
"Samd10",0.354813864377269
"LOC128103985",0.354656685589282
"LOC128123294",0.354642358783867
"LOC128103882",0.354617259317924
"Sec14l2",0.354460174593014
"Grb14",0.354395428170905
"Ccdc181",0.354150591377799
"LOC128110941",0.354121748402503
"Eif3d",0.354043506927039
"Tdo2",0.354009052347468
"LOC128099597",0.353998997380627
"Foxe1",0.353975938809724
"Nr4a3",0.353944405700288
"LOC128111908",0.35363344228361
"Ccdc185",0.3534847151831
"LOC128106478",0.353155787286614
"Agxt",0.352989084888417
"Pycard",0.352944568010536
"Narf",0.352606009674523
"LOC128114368",0.352384458665596
"Brms1",0.352381779156286
"LOC128113352",0.352316640546511
"Hs3st3b1",0.352292310372209
"Mbp",0.352266730589363
"LOC128118145",0.351849992048341
"LOC128117014",0.351749264087856
"Fut1",0.351721051375981
"Fzd2",0.351644483990485
"Hjurp",0.351614622858572
"Zbtb32",0.351523997165573
"LOC128110619",0.351521968070537
"Sec14l5",0.351425712199496
"Slc38a1",0.351400105199695
"LOC128105826",0.351173667482731
"Eml2",0.351160214975564
"Champ1",0.351082035120422
"Atp2b3",0.350996604840967
"Trim72",0.350907551782457
"Slc7a10",0.350876474829274
"Mogs",0.350788530273768
"LOC128118333",0.350594615333352
"LOC128103077",0.350289684713081
"Fanci",0.350161004188892
"Mypn",0.350080771311339
"Tslp",0.350032606499984
"Add1",0.349679750165092
"Rspo1",0.349484611441651
"LOC128103051",0.349374987230025
"Gprc6a",0.349047558097786
"Hras",0.349022718577404
"LOC128096459",0.348939383161352
"LOC128124216",0.348703909391216
"LOC128102443",0.348598367459735
"Hacd1",0.34859682300442
"LOC128104321",0.348486438236496
"Pole2",0.348395685020504
"Tmem141",0.348393480807861
"Coq8b",0.348085718099549
"LOC128101232",0.348034706317365
"Btbd16",0.347968555273591
"Nanos1",0.347666185092914
"Ociad1",0.347341149789032
"Hoxa2",0.347316169361678
"Tjap1",0.347250693932467
"Arhgap20",0.347237203013237
"Sfi1",0.346899179426004
"Disp3",0.346547123819443
"LOC128119265",0.346382343576476
"LOC128105906",0.346236098270053
"LOC128117142",0.346169724591449
"LOC128118902",0.346003497542779
"Lsm2",0.345996686587846
"Panx3",0.345923006260086
"Mrpl44",0.345858926130199
"Taok2",0.345688003830762
"Pou3f3",0.345640938863123
"Slc4a2",0.345624145322269
"Ttc34",0.345318879745853
"Pgap3",0.34518042657594
"LOC128119623",0.344880424571198
"Haus2",0.344850832045219
"Ifnlr1",0.344577960533109
"LOC128120322",0.344558418787145
"Med28",0.344506667255332
"Fem1a",0.344447166528069
"LOC128119678",0.344143071553617
"Mau2",0.344108262269407
"LOC128125359",0.343871905155704
"Znf740",0.343867572735382
"LOC128115277",0.343612636290738
"LOC128115246",0.343565906998668
"LOC128123536",0.3432996519564
"Gsc2",0.343256474358495
"LOC128112719",0.34274343511012
"Pgap2",0.342691581494832
"Mex3b",0.342570016958833
"LOC128121785",0.342532242426478
"Cpa4",0.342488112554299
"CUNH16orf96",0.34236399562906
"LOC128115494",0.342031749089086
"Cenpo",0.341922992634687
"LOC128100628",0.341907991205417
"Rrp7a",0.341789022130087
"LOC128119185",0.341713592012865
"LOC128123180",0.341672666256206
"Aaas",0.341386783524158
"Ppox",0.341343149861013
"Rec114",0.34115143007934
"Snx22",0.340969941360814
"LOC128109177",0.340967147578385
"LOC128104122",0.34076573944869
"LOC128114073",0.340619927362722
"Grik4",0.34061796927245
"LOC128101911",0.340571822506744
"Elavl3",0.340565643327644
"LOC128097760",0.340159339215825
"Tex49",0.33993808875393
"Angptl1",0.339848374316614
"LOC128113154",0.339770671616111
"Percc1",0.339623920807589
"Vps37d",0.339513419601636
"LOC128103501",0.339511549675578
"Nfe2",0.339491704027442
"Dscaml1",0.339460978758878
"LOC128112725",0.339455666291754
"Mtfr2",0.339376190360697
"Anxa10",0.339375538910494
"LOC128121380",0.339357093569233
"LOC128125580",0.339267859694662
"LOC128116951",0.33908293939882
"Slc25a29",0.338794542944063
"Rpl18a",0.338353802669225
"LOC128107391",0.33829727599312
"LOC128095228",0.338193736655501
"LOC128116324",0.338187573378625
"Tmem156",0.338174542885533
"Vezf1",0.338123319372558
"Ncaph2",0.338008950529991
"Psmc3ip",0.338002593228243
"LOC128099525",0.337879562837
"Tnfrsf18",0.337616852607841
"Ctnnbip1",0.337557490598025
"Tex50",0.337490055238647
"Atl1",0.337394677637112
"LOC128099578",0.337291843540691
"Dnajc6",0.337067642500948
"Fhit",0.336880617196361
"LOC128112113",0.336506065721752
"Fndc10",0.336455370474409
"Batf2",0.335939152519004
"Actl6b",0.335849969178899
"Hspg2",0.335840144849119
"LOC128111485",0.335704630425579
"Wbp1",0.335580604307772
"LOC128095648",0.335206294152604
"Kcnmb2",0.335086848625891
"LOC128120398",0.335070654096115
"Fam161b",0.334794064986694
"Entrep2",0.334744292555205
"Tceal5",0.334564524625194
"LOC128114434",0.334536876276489
"Dcdc2b",0.334394579932737
"LOC128114318",0.334222032340402
"Pfn1",0.333811149784054
"LOC128108358",0.333752724159919
"Nt5c3b",0.333597788525814
"LOC128115465",0.333426710579819
"Lrp5",0.333285735696711
"Haghl",0.332752812552859
"LOC128121810",0.33259762081784
"Rala",0.332503268250783
"LOC128113476",0.332413434145314
"Pxmp4",0.332388199795957
"Psme3ip1",0.332103719990258
"Syt7",0.332014432895113
"LOC128099828",0.331954591439036
"LOC128099782",0.331913976889521
"Hspb2",0.331907796854468
"Slc26a7",0.331702380431331
"Atp5mc1",0.331695741271181
"Mmp12",0.331260190296265
"Lrrc34",0.33122111386899
"Ctrl",0.330910468861031
"Bdkrb2",0.330714280868894
"Adamts14",0.33070272718569
"LOC128094220",0.330615368954429
"Kif18b",0.330532046389129
"LOC128097785",0.330466217449475
"Fbxo28",0.330347032047067
"Samd3",0.330232175193227
"Atp6v1fnb",0.330139469579181
"Slitrk4",0.330101500685272
"Lysmd1",0.329836560411199
"Actl6a",0.329777388962323
"LOC128095418",0.329497627814986
"LOC128112485",0.329126693733685
"Actn2",0.329006916009116
"LOC128121676",0.328926898509439
"Eme2",0.328923068852576
"Ube2h",0.328781269286331
"Pkdcc",0.328503535101713
"Tgfbr3l",0.328312701489603
"Papolb",0.328182011078341
"LOC128097883",0.32806618119437
"LOC128117246",0.327918917520464
"Mtmr4",0.327757409903952
"LOC128106198",0.327665724256013
"LOC128106300",0.327519336359381
"Crlf3",0.327423468047293
"LOC128121257",0.327368719211279
"Lsm7",0.327307693416185
"Tgds",0.327259551295264
"Rab40c",0.327055035086212
"Btaf1",0.327033516360754
"LOC128109644",0.326830971855799
"Ly96",0.326678166402116
"Gmds",0.326504233742726
"LOC128116228",0.326500639595882
"LOC128103757",0.326297776239171
"Tmem143",0.326165844126347
"Josd1",0.326095099792175
"Frat2",0.326021397870053
"Ssc4d",0.325886042186466
"Nxph3",0.325783623758243
"Unc79",0.325713939477564
"Tprn",0.324805013810468
"Mtln",0.324542570832228
"Wasf2",0.32434156025731
"LOC128094300",0.324311702802912
"LOC128108300",0.324301596140708
"Apc2",0.324265517223476
"Lrrc36",0.324173741553909
"Kiaa0753",0.324052606003789
"LOC128112518",0.323992511698012
"LOC128103123",0.323659159352623
"LOC128111694",0.323657199076418
"Vrk3",0.323166873970428
"Gnrh1",0.323147817987184
"LOC128125360",0.322997860115323
"Srms",0.322697307225715
"Serpinb10",0.322485659351335
"LOC128098842",0.322478290776124
"Stxbp5l",0.322280079972962
"LOC128103436",0.32214366673459
"LOC128097398",0.321942953564009
"LOC128108215",0.321890129958835
"Pdk2",0.321609944373332
"Plin5",0.321558043111381
"Sh2d7",0.321275435627916
"Grin2d",0.321128863947571
"Mrpl47",0.320970789508123
"LOC128118968",0.320783551156683
"LOC128119530",0.320575009370065
"Nr1h2",0.320552541474133
"Wfikkn2",0.32050568224708
"LOC128112733",0.32044002048651
"LOC128100769",0.320229385464742
"Znf579",0.320187771883706
"Saal1",0.32018252278904
"Carm1",0.320161178182774
"LOC128121639",0.320098200941503
"LOC128111023",0.319949191732695
"Myo15b",0.319908316088145
"LOC128094644",0.31969880507728
"Dmp1",0.319643389694831
"Lcn9",0.319426097756356
"LOC128120025",0.31930127102468
"Hsd17b3",0.319267832965632
"LOC128115839",0.319237886028878
"LOC128119814",0.319116096150797
"LOC128094918",0.318997726308977
"LOC128121590",0.318671200048988
"Nova2",0.318388694649986
"LOC128110412",0.318232622620535
"Ube2d1",0.318212457188986
"Fam131c",0.318149182144044
"Pacrg",0.317872097298974
"CUNH1orf141",0.317839440590047
"Vipr2",0.317782304782263
"Sertad3",0.317755045947988
"Vegfc",0.317630260318234
"LOC128109386",0.317505815333329
"Psma7",0.317207314419925
"Ca9",0.317064391864676
"Chaf1b",0.316960834601243
"Mcm4",0.316871911875657
"Lrtm2",0.31681000428251
"Ms4a2",0.316668163107038
"LOC128107523",0.316660928659416
"LOC128107055",0.31653254392992
"Pcgf1",0.316519013102457
"Brox",0.316148797486122
"Ube2c",0.316059985948858
"LOC128095409",0.315971627907668
"LOC128114422",0.315914113120868
"Tmx2",0.315782005097284
"Cldn15",0.3157047815617
"Gemin7",0.315684488956766
"Vstm2a",0.315515946174092
"Galnt13",0.315459956778247
"Cadps2",0.315334409752125
"LOC128109181",0.315327172915194
"Hspa1a",0.315288032989735
"Fkbp10",0.315185675709384
"Ptk6",0.315172134533919
"Polrmt",0.315025114865594
"LOC128107205",0.314951017354376
"LOC128115602",0.314453753764039
"Tns4",0.314441358016553
"Tmem269",0.314385852125708
"LOC128117339",0.314212477359464
"Psmb5",0.314104450945023
"Ankrd63",0.31406102031699
"LOC128110391",0.313674733510875
"LOC128122318",0.313544632403338
"LOC128120552",0.313439523621255
"LOC128115685",0.313430336886873
"Nop16",0.31329067744383
"Cops7a",0.313213901672083
"Tcp1",0.313112016345812
"Ttc24",0.312907944709449
"Tril",0.312883195936254
"LOC128114378",0.312544126838144
"Tmeff1",0.312443574790842
"LOC128106326",0.312402840127407
"LOC128114629",0.312342216464866
"Dgkd",0.312072062564386
"Mdfi",0.311968356957472
"Spryd4",0.311861395244333
"LOC128110075",0.311817885369273
"Znf692",0.31174474992352
"LOC128109943",0.311298024160826
"Wdr81",0.311282701815873
"Anks4b",0.311199833274586
"LOC128108591",0.31118864248484
"Lrrc19",0.311152426984937
"Stx16",0.310810138731293
"LOC128120734",0.310776240699915
"LOC128125604",0.310716984926741
"Rgs6",0.310661026828887
"Mterf2",0.310415653306399
"LOC128125009",0.309911395111332
"Matn1",0.30942672390755
"LOC128117951",0.309417252063149
"LOC128124802",0.309294756942735
"LOC128099593",0.309284961668112
"LOC128104155",0.309173581862284
"LOC128110937",0.309042324621833
"Fiz1",0.308994150093713
"LOC128125057",0.308988416850244
"Lmo3",0.308970655846391
"Kif11",0.308955532153051
"Mroh6",0.308920965776993
"LOC128112290",0.308807896540966
"Bex4",0.308795354974158
"Slc35d3",0.308712576284179
"Tnfaip8l1",0.308165726099824
"Spaca9",0.308037494855824
"Aldh4a1",0.307870209627079
"Rab20",0.307550507497873
"Odf4",0.307336270514012
"Aida",0.307025097826445
"Scml4",0.307021485567372
"Irak1bp1",0.306908939531861
"Eme1",0.30689308062124
"Nsun7",0.306281584807555
"Mylk3",0.306275497200748
"Adam2",0.306256199422522
"Il5",0.306115409768013
"LOC128097508",0.306054802058628
"LOC128112752",0.306043606472564
"Ifih1",0.30601788548219
"Arsa",0.305989161724022
"Eef1akmt3",0.305764852642563
"LOC128109137",0.305738077071867
"Slc28a2",0.305662484449636
"Fstl4",0.30533787602576
"LOC128094615",0.305224044359486
"Gpr20",0.305212884751315
"LOC128119143",0.304671036159945
"Nagpa",0.304649564520951
"LOC128099889",0.304576315478342
"Atp2b1",0.304555178947461
"LOC128111941",0.304524304458981
"Mmp25",0.304508755978132
"Rrad",0.304397927130473
"LOC128115347",0.30432772533746
"Iffo2",0.304260703862672
"LOC128112734",0.304097667905107
"Mthfsd",0.303961474816918
"LOC128120375",0.303624580245175
"Sema6b",0.303596253596391
"Lama1",0.303262685792
"Gabarap",0.303262365813101
"Tbcc",0.302957795584142
"LOC128111874",0.302842159707041
"LOC128121082",0.302791592717976
"Tmem88b",0.302683547360092
"LOC128115497",0.302681747488845
"Hgfac",0.302666171559916
"Actmap",0.30253089960368
"Slc7a13",0.302334310773966
"Ccdc122",0.30218719958303
"LOC128121415",0.302123388064109
"Lsm1",0.302097487933191
"Lrp3",0.301849098266083
"LOC128108697",0.301788649536402
"LOC128110479",0.301662814290407
"Fam237b",0.301659192179977
"Nupr2",0.301431421752939
"Trim75",0.301227309539657
"Smim5",0.301179398657761
"Wwox",0.301073706828845
"Sdf2",0.300993083740823
"Tsku",0.300988373154524
"LOC128118568",0.300959115663493
"Tfdp2",0.300918401816783
"LOC128121510",0.300891641859326
"Knop1",0.3008618512397
"Mtres1",0.300250185086258
"Alkal2",0.300031659416564
"LOC128125266",0.299923500036231
"LOC128101912",0.299542372732046
"LOC128107450",0.299348722290414
"LOC128116289",0.29930641091776
"Ppargc1b",0.299288347297388
"Hebp2",0.299101387343074
"Tma16",0.29899762948527
"LOC128117236",0.298948814872154
"Chn1",0.298932063191929
"LOC128109504",0.298824020188472
"LOC128108814",0.298804472982347
"Marveld1",0.298724707684912
"Golga7b",0.298670856469253
"Pax6",0.298533538003732
"Casc3",0.298422636532364
"Tpk1",0.298413557411589
"Prima1",0.298278230617604
"Ptgfrn",0.298263990819959
"LOC128122813",0.298074153236834
"Bub3",0.298065944837403
"Sox21",0.297900392440386
"LOC128098512",0.297874652936688
"LOC128120574",0.297810566799404
"LOC128123730",0.297712687469592
"Pnmt",0.297529095200827
"Kcnn3",0.297466412476822
"Megf8",0.297341706824205
"LOC128106028",0.297258701905566
"Slc4a1",0.297088793422799
"Polq",0.297041569420986
"LOC128108692",0.296988183942488
"LOC128099429",0.296845938086815
"Zranb2",0.296638003390657
"Ptgr2",0.296593641261884
"Gpr82",0.296450088732959
"Tp53rk",0.296417185384748
"LOC128115057",0.296007142300741
"Hoxc4",0.295973898762854
"Myo1a",0.295792501786609
"Slc9b1",0.295776331586873
"LOC128102124",0.295698608477021
"Rnls",0.29565305815717
"Slc22a6",0.295508355381866
"Zbtb21",0.295327698043954
"Rbm12b",0.294697475532674
"LOC128114944",0.294508210864625
"Camk2n2",0.294240376755043
"LOC128095915",0.294062260149641
"LOC128112308",0.294060656189441
"LOC128124730",0.293823717925005
"Snrpb",0.293807333543081
"Rassf10",0.293788439574113
"LOC128119224",0.293561973319436
"Mnd1",0.293504658208906
"LOC128102880",0.293380548666414
"LOC128119041",0.293232736005977
"Fnbp4",0.293196665033387
"Zpbp",0.293142690552836
"Fkbpl",0.293109126404449
"LOC128099668",0.292997003212834
"Smkr1",0.292937634989137
"LOC128099673",0.292798454312564
"LOC128118089",0.292778138591831
"Tnnc2",0.292685800525209
"LOC128106935",0.292651803720582
"LOC128105312",0.292651392427199
"LOC128120044",0.292623795150264
"LOC128101789",0.292476972300391
"LOC128101971",0.292332167329573
"LOC128123317",0.292326968894584
"Lrat",0.292240481655281
"Gria4",0.292217394904583
"Kctd15",0.292022015958597
"Prss36",0.292010884213463
"Phkg2",0.291903153417245
"Dlgap2",0.29161779628892
"LOC128120785",0.291595932394299
"LOC128109021",0.291286572806512
"LOC128125130",0.291161308351389
"Adtrp",0.291060282501389
"Slc35g1",0.290895015361107
"LOC128119759",0.2908589218135
"Tmem229a",0.290755264517342
"LOC128112716",0.290701365250075
"Tmed1",0.290637997260898
"LOC128101217",0.290546344487399
"Casq1",0.29026111054186
"Nlk",0.290249242241135
"LOC128094083",0.290054983274927
"Mcph1",0.289650882073813
"LOC128111643",0.289171410670907
"LOC128106530",0.289027569947761
"LOC128116559",0.288926455385897
"Peli3",0.288861891834167
"LOC128106459",0.28865972816398
"Ttll7",0.288418174211645
"Dclk3",0.288278113101359
"LOC128109987",0.288104833472034
"Sdhaf3",0.288036080272759
"LOC128109668",0.28800709377013
"LOC128111672",0.287956612158111
"LOC128106307",0.287932841119412
"Sele",0.287513601661015
"LOC128112724",0.287394797248707
"LOC128100696",0.287378313877657
"LOC128114313",0.287362705591063
"Atp7b",0.287330803048377
"Acmsd",0.286740158276669
"LOC128102901",0.28672686267721
"Elfn1",0.286687285819975
"Kctd11",0.286645052264556
"LOC128108826",0.286434810699179
"LOC128105825",0.286374525026327
"LOC128121595",0.285821489371895
"LOC128108646",0.28570835382346
"LOC128125217",0.285642234722984
"Tnrc18",0.285435020717238
"Tnfsf13",0.285316687513473
"LOC128112508",0.285197099610273
"Mybpc2",0.285171501359572
"LOC128110697",0.285096792284153
"Tmem147",0.285009194044744
"Ubap1",0.284864776070944
"LOC128117487",0.284849960143896
"CUNH6orf141",0.284777431965496
"LOC128111138",0.2847557752345
"Slc25a48",0.284573066706283
"Spag17",0.284479133259647
"Ccdc92",0.284436768156683
"Gpr158",0.284390753101676
"Tnfsf18",0.283927709031863
"LOC128113920",0.283913226965676
"Tektip1",0.283902980790073
"LOC128106301",0.28377152812101
"Ttbk1",0.283526418642537
"Prkacb",0.283476998627792
"Slc8a2",0.283325582838445
"LOC128112215",0.283239837597652
"Slc29a2",0.28315258352057
"LOC128095466",0.283104230361405
"LOC128114137",0.283055706394659
"Gltpd2",0.28300637321876
"LOC128117977",0.282987415428617
"LOC128116253",0.282912984995239
"Depdc1",0.282845088761757
"Slc5a7",0.282598460179524
"Exosc3",0.282554416648165
"LOC128117492",0.282521508612725
"Wfikkn1",0.282220935438418
"LOC128108433",0.282202654803459
"Sema6d",0.282013271140853
"Elof1",0.281972912949437
"Rorc",0.281792167726531
"Thbs4",0.28162839928454
"LOC128123162",0.281547620744616
"LOC128113297",0.281522961973813
"LOC128118368",0.281377356523005
"LOC128104076",0.281141894442425
"LOC128106045",0.281139015229526
"Rfc5",0.281073708662228
"Znf623",0.281019908356973
"Gal3st4",0.28068173066396
"LOC128115829",0.280552031560154
"Oxt",0.280514169261573
"Cpne7",0.280499121242756
"Tmem47",0.280371029444237
"Smyd4",0.280368250743784
"LOC128125435",0.280304004935366
"Hus1b",0.280102320255444
"Spart",0.279950940400336
"Kncn",0.279856048640988
"Fryl",0.279239983604754
"LOC128117201",0.279204793880516
"Serp2",0.279166535755951
"Nup160",0.278914896142125
"Ric8b",0.278907457652117
"Drc7",0.278743424862281
"CUNH1orf87",0.278710204751537
"Ppp1r2",0.27853512615009
"Frmpd1",0.278519414171073
"Sin3b",0.278410207505195
"Klhl34",0.278196101874314
"LOC128117921",0.277966586824006
"LOC128099467",0.277727294005393
"LOC128117550",0.277533719569379
"Ky",0.277503394050615
"Fgf18",0.277438508691466
"LOC128096056",0.277314360958295
"Ankrd13a",0.277195820024063
"Gck",0.277186621310622
"LOC128115828",0.276988671926169
"Sall1",0.276946942965711
"Dnd1",0.27687119238004
"LOC128113360",0.276646173922626
"Znf575",0.276562553385282
"LOC128117844",0.2765363103967
"Fbxo24",0.276433305210852
"LOC128125211",0.27616691540273
"LOC128115371",0.276138819259741
"LOC128111657",0.276104865590749
"Chct1",0.276089389454158
"LOC128103122",0.276086080725377
"LOC128099124",0.275642307887074
"Pheta2",0.275560535625401
"Slc35b3",0.27527670576788
"Kcnk2",0.275233475396765
"LOC128112812",0.275232410432026
"Lcn12",0.275005862829538
"Ticam1",0.274994674901138
"LOC128118713",0.274853991789768
"LOC128111022",0.274846500207086
"Knstrn",0.274827815162145
"LOC128102977",0.274815669838019
"LOC128095984",0.274808487736435
"LOC128112561",0.274722591496144
"Setd1b",0.274712686855155
"Saysd1",0.274664655347103
"LOC128123589",0.274597039933975
"Nr3c2",0.27427814076352
"Trpv3",0.274152318546076
"Adam28",0.274139692387484
"LOC128098631",0.273887657349831
"LOC128106380",0.273863671023499
"Myo1h",0.273784643585515
"Tram1l1",0.273775778630961
"Fmn2",0.273580016837919
"LOC128102728",0.273407853934903
"LOC128109506",0.273338860794902
"Mamstr",0.273306048125642
"LOC128103062",0.273206461488364
"Foxs1",0.273168513641632
"Fbxo46",0.272986745958799
"Casp8ap2",0.272853862829746
"LOC128115201",0.272831707520074
"LOC128094503",0.272818940322234
"LOC128116615",0.272759607338385
"Gls2",0.272705226854871
"LOC128098542",0.272660548188197
"Mzf1",0.272618317527776
"LOC128095092",0.272315634163977
"Foxd2",0.272180705612585
"Rab4a",0.272101801631659
"LOC128102463",0.271963260957818
"LOC128099680",0.271666447615039
"LOC128112739",0.271598175817086
"LOC128117917",0.271421608301653
"Muc4",0.271349785145871
"Acr",0.271323949448919
"Cracd",0.271162557036618
"LOC128112309",0.270812285002658
"LOC128120288",0.270571122269846
"Kcne2",0.27056063474637
"Lypd1",0.270478517343129
"Abca12",0.270417076129006
"LOC128113734",0.270411809079462
"Klhdc2",0.270286053255339
"Tbc1d17",0.270281249085911
"Proc",0.270098069436512
"LOC128105876",0.270028337911755
"LOC128107716",0.269954813586814
"Serpinf1",0.269941008107177
"Vstm2b",0.269843484758312
"LOC128113314",0.269663626005566
"LOC128097872",0.269424808464673
"Foxk2",0.269353232149077
"LOC128113357",0.269181681674515
"Ccdc106",0.269162518670117
"LOC128116236",0.268859634917356
"Cfap68",0.268789137749334
"Cby1",0.268605041782707
"LOC128109131",0.268565563840438
"CUNH2orf15",0.268466801499493
"Msh5",0.268336857983408
"Pnpla6",0.268315867925506
"Qdpr",0.26814448636834
"Zfta",0.267917824894847
"Bmerb1",0.267902577781626
"Rims2",0.267671301127254
"LOC128106973",0.26766342698295
"LOC128108377",0.267589698136827
"LOC128118857",0.267548428708989
"CUNH11orf80",0.267412137578452
"Znf597",0.267411147904842
"Nlrp12",0.267294113544914
"Tmc4",0.267278283637808
"Net1",0.267206099140779
"Kazald1",0.267147471189525
"LOC128109058",0.267142348046428
"Yipf2",0.267095959603714
"LOC128100652",0.267047774671696
"LOC128095012",0.266850375116302
"LOC128115587",0.266790731050159
"Lrrtm1",0.26675593131133
"LOC128113398",0.266618241509554
"LOC128101485",0.26658155488135
"Pfkfb4",0.266115963634081
"LOC128097649",0.266104813748266
"LOC128110575",0.266025600970533
"LOC128100028",0.266024816836707
"Lman2",0.266024100808348
"LOC128106290",0.265958907652019
"LOC128113358",0.265924425696275
"CUNH19orf38",0.265867840768725
"Zkscan8",0.26583022442941
"Oit3",0.265653917311838
"LOC128114804",0.265390036354237
"Rfc4",0.26538682047184
"LOC128096015",0.265343135276483
"Gpc2",0.265321201574598
"LOC128113500",0.26517031314518
"Cend1",0.26515158604872
"Rint1",0.265011144061823
"LOC128095672",0.264911826969558
"LOC128116277",0.264860771302205
"LOC128114344",0.264493011507695
"LOC128122114",0.264475546231445
"Hs3st4",0.264433183846519
"LOC128098385",0.264245664567117
"Suz12",0.264178920120685
"Slc30a2",0.263941677642422
"LOC128111282",0.263827539446404
"LOC128104186",0.263625228540853
"Anapc15",0.263570312368259
"Rab3c",0.263553973804204
"Uxs1",0.26354132909512
"LOC128124476",0.263487873203332
"LOC128097006",0.263485991572469
"LOC128117635",0.263332313129364
"Cers3",0.263332286077331
"Ccr8",0.263266417414094
"Mc4r",0.263077122951547
"Ss18l1",0.263003132964281
"Ccr4",0.262827177961674
"Rbms2",0.262822230160185
"Fhl3",0.262820999089421
"Vsig1",0.262792896264989
"LOC128099458",0.262700913746236
"Bend3",0.262588354628317
"Hyal3",0.262409933348942
"Rspo2",0.262349516691274
"Mab21l3",0.262111571233917
"Spata46",0.26199018377813
"Cdkn2aipnl",0.261851661338963
"Pgr",0.261828270105927
"Dag1",0.26169341554867
"Txn2",0.261561046545612
"LOC128109709",0.261467381668309
"Trim26",0.261354384919013
"Styxl1",0.261316313703046
"LOC128108979",0.261300645308183
"Efcab6",0.26123455888172
"Pgbd1",0.261215328304361
"Gpbp1l1",0.26118551806516
"Gtpbp3",0.260991584391591
"Irak2",0.260974207631082
"Kcnab2",0.26082881085266
"Eif1ad",0.260630756957301
"LOC128119569",0.260546485153312
"Slc4a9",0.260524662631066
"Muc13",0.260226362137976
"LOC128123377",0.260063824645646
"Stac3",0.260043903550478
"LOC128102440",0.260013011477586
"Espl1",0.259988329418027
"Prpf3",0.259935021378667
"Prg2",0.259921317701054
"Mpped2",0.259867379715537
"Egfl8",0.259616489051414
"CUNH1orf159",0.259411877400995
"LOC128119607",0.259199522611214
"LOC128125430",0.259154173272203
"Srsf12",0.258979976599267
"LOC128116047",0.25895639053218
"Abcb8",0.258750478494641
"LOC128123276",0.258499201441673
"LOC128117318",0.258371389525856
"LOC128094283",0.258208525551511
"LOC128114191",0.258029901586121
"Musk",0.257932969519539
"Pold1",0.257639018121656
"Cibar1",0.257316129120178
"LOC128100919",0.256869838269641
"Itgbl1",0.256789750768315
"Rab34",0.256744887256942
"Pou1f1",0.256447291417604
"P4ha3",0.256409769678431
"Tmem89",0.25637415547065
"LOC128120173",0.256184533483146
"Prps1l1",0.256167108922236
"Atf7ip2",0.256098992099347
"Pcnx3",0.255966415883839
"St8sia1",0.255923032910233
"LOC128094375",0.255918812511452
"Tmt1b",0.255415754166172
"LOC128106117",0.255395996133822
"Slc6a1",0.25532360118877
"Rspry1",0.255298763007467
"LOC128120575",0.254612576118011
"Mmp9",0.254576387240344
"LOC128095581",0.254564115054114
"Amdhd1",0.254542513400994
"LOC128094852",0.254512279344378
"LOC128100372",0.254309166865019
"LOC128104179",0.254086792357318
"LOC128114643",0.253974462944248
"Sptbn2",0.253899018533347
"LOC128114747",0.253868612797726
"Mrps18a",0.25377206770544
"Tincr",0.253672660732206
"Acod1",0.253591965765031
"Pla2g3",0.253550718535444
"Iqsec3",0.25349732826106
"LOC128099572",0.253305001724532
"LOC128104208",0.253196558892491
"Nos3",0.252974694523724
"LOC128110844",0.252778031621513
"LOC128116405",0.25267208491309
"LOC128097127",0.252669862280412
"Strip2",0.252511462709467
"Acap2",0.252331752598051
"Bcl2l15",0.25225418412393
"Tsacc",0.252181986689166
"Cdc45",0.252135865977423
"LOC128106474",0.252114162012507
"LOC128100812",0.252020324874707
"LOC128098889",0.25197952466321
"LOC128094636",0.251902881280059
"Sgcz",0.251732285226478
"Atpaf2",0.251562878561678
"Ppp4r2",0.251337752444193
"LOC128105734",0.251125434485442
"LOC128109623",0.251105578920844
"Apela",0.251078882650569
"Pter",0.25060239751751
"LOC128124915",0.250543540757659
"Nuf2",0.250463889210132
"Scg2",0.250351480452566
"Stmn4",0.250347362904353
"LOC128103907",0.250244123722097
"Rcbtb2",0.250224024735482
"Ptpa",0.25008304408835
"Timm29",0.249862332775193
"Itpripl2",0.249832513431681
"Senp1",0.249639486809952
"Gpr135",0.249617740379372
"Kif14",0.24920600239163
"LOC128100466",0.248918702300632
"LOC128110097",0.2487407435843
"Zhx1",0.248712498397932
"LOC128120829",0.248543379640457
"Adap1",0.24838510698503
"LOC128103101",0.248174539014728
"Garin1b",0.248159887492951
"C1ql1",0.248069243525905
"Amigo3",0.24778089276311
"Arsh",0.247580754820495
"Bola1",0.247262380639835
"Pygo2",0.247106907660047
"Cnot6l",0.247057229762407
"LOC128098741",0.246663666198545
"LOC128110455",0.246571888203838
"Slc25a34",0.246529681730776
"Prdm12",0.246514870480624
"Lipt1",0.246466785875565
"Drd4",0.246365494936942
"LOC128104703",0.246343350306474
"Sema7a",0.24626551047516
"LOC128097345",0.24622390486353
"Cenpj",0.246147032601145
"LOC128100401",0.24585498243634
"Kcnd3",0.245770168564771
"LOC128100777",0.245559731475406
"Tex14",0.245485107175955
"Lca5l",0.245349303411632
"Csad",0.245102557428354
"LOC128119606",0.244945771489005
"Rtkn",0.244867070365186
"Cd86",0.244796146588184
"Gabra4",0.244759808711575
"Rtn3",0.244732647072528
"Snrpd2",0.24417360020291
"LOC128094994",0.244118184572548
"LOC128103134",0.243996078967493
"LOC128093943",0.243938326663159
"Rpl3l",0.243737594969645
"LOC128109652",0.243664308450442
"Atf5",0.243512906763222
"LOC128096469",0.243441898281334
"LOC128124336",0.243372591414015
"Cdk5",0.243191120956649
"LOC128121885",0.243025922174226
"Wars1",0.242742996143003
"Znf593os",0.242650459941769
"LOC128117447",0.2425575026162
"Sipa1",0.242389104280525
"Ntn5",0.242350010808119
"LOC128120847",0.242245508259354
"Apcdd1l",0.242198301340929
"LOC128124371",0.242167074391986
"LOC128110355",0.24202222015794
"LOC128105720",0.241879931000012
"LOC128107947",0.24175967840008
"Snx31",0.241758286076344
"Il10",0.241399936463193
"Baalc",0.241295860442766
"Dkkl1",0.241247242474177
"Dusp11",0.241064422897259
"LOC128104199",0.240989523859625
"LOC128105132",0.240962731333862
"Clba1",0.240581638871078
"LOC128113998",0.240562563593054
"LOC128107133",0.240420803839434
"LOC128113983",0.240309115440166
"LOC128114005",0.239775637190054
"Pcdh11x",0.239684554003614
"LOC128114618",0.23962104160799
"LOC128099678",0.239557813044549
"LOC128094664",0.239395673653218
"Pfkfb1",0.239369834583019
"LOC128124488",0.239350739149234
"Depdc1b",0.239111082373954
"LOC128121065",0.239047884452791
"LOC128099462",0.238896872417332
"LOC128124625",0.238681984182327
"Ccnf",0.238676144083059
"Kcnk15",0.238652049363019
"Ccer2",0.238480922046388
"Odf3",0.238462890151447
"Hes3",0.237993860069653
"Ppp1r3d",0.237673597916615
"Tmigd2",0.237279565145531
"Tagln2",0.237232685036865
"Vwa5a",0.237183386039208
"Tuba4a",0.237140955559408
"Glra3",0.237009239018547
"Aqp2",0.236939932123786
"Atp2a1",0.236800411741896
"Ube2u",0.236678112102247
"LOC128105731",0.236566056004125
"Fam166a",0.236393124669258
"LOC128124570",0.236095107307594
"LOC128111953",0.23599806030259
"LOC128108277",0.235984841478048
"LOC128109187",0.235712363257616
"Tekt3",0.235678617167406
"LOC128097091",0.2356764610683
"LOC128096287",0.235665001915793
"Kif4a",0.235662249295155
"LOC128119663",0.235625442268626
"Serpinf2",0.235479767240408
"LOC128119729",0.235348159238962
"Rasgef1c",0.235318632717833
"Calhm3",0.23517374592257
"Myo19",0.235151276399266
"Ppfia4",0.235147801715634
"Coq9",0.235079357142447
"Wls",0.234924976714424
"LOC128124558",0.234920235329966
"LOC128122068",0.234892688533845
"LOC128109442",0.234817505628604
"Proca1",0.234680574391307
"LOC128094085",0.234677803257762
"Srl",0.234620523759037
"LOC128099614",0.234548815980183
"LOC128118213",0.234528774949011
"Vash2",0.234414371873247
"LOC128107112",0.234268595512234
"Enpp1",0.234163144878215
"LOC128116208",0.234121704183942
"Rab44",0.234119638063838
"Fam3d",0.234057608628356
"Asf1b",0.234035735792798
"Sugp1",0.234016598430168
"LOC128095794",0.233988622081753
"Cirop",0.233855754561248
"LOC128107888",0.233801430746574
"LOC128125808",0.233615134390696
"LOC128125328",0.233486819648459
"LOC128099573",0.233315611954432
"LOC128114461",0.233257447312875
"Trim55",0.233205631879137
"Avpr2",0.233164417573501
"Hmgcll1",0.233163772239305
"LOC128119332",0.233099819353394
"LOC128098007",0.233073380424221
"Rad54b",0.232977447639505
"Ankdd1b",0.232951300355804
"Fancg",0.232865902957998
"Znf3",0.232559946402465
"Asb15",0.232532553194185
"Hoxd4",0.232443023608718
"LOC128099334",0.232406803280318
"LOC128099869",0.232337000457587
"LOC128115716",0.232317490622571
"LOC128125020",0.231987100634198
"Sarm1",0.231726522832372
"LOC128106021",0.231640521367706
"Sobp",0.2316351911729
"Pbx4",0.231312126251774
"Lrr1",0.231149940491838
"Slc12a6",0.230812952034575
"Rtp4",0.230750510934108
"LOC128098411",0.230742181205815
"Trnac-gca",0.230720154125723
"Pde6a",0.230695118571407
"Utf1",0.23051324064692
"LOC128111112",0.23041682991111
"LOC128123579",0.230301868681172
"LOC128115777",0.230262175792883
"LOC128099901",0.229894965626555
"Myh14",0.229855421709341
"Pttg1",0.229848679844486
"Nop10",0.229672360168604
"LOC128105943",0.22961686504872
"Siah3",0.229558174987067
"Ube2t",0.229533493502964
"LOC128108288",0.229427465912014
"Mtx3",0.229420205669299
"Acsl6",0.229208818640269
"Nodal",0.229127814428505
"Ttk",0.229095371443468
"Gprc5b",0.229064608905097
"LOC128105830",0.228990409864038
"LOC128120754",0.228989402972459
"Pate2",0.228972102876426
"LOC128101657",0.228923920032148
"Gnaz",0.228644089162727
"LOC128099271",0.228591125068836
"LOC128121499",0.228558589220482
"LOC128104734",0.22828917715708
"Slc5a10",0.228163022854026
"LOC128104718",0.228098672126991
"Prss54",0.227983196922742
"Klhdc10",0.227895924731286
"LOC128098906",0.227836024336658
"Cln3",0.227750690985121
"Grin3a",0.227650500426915
"Nfe2l1",0.227633674272988
"Sv2c",0.227633378655321
"LOC128121814",0.227416662012877
"LOC128110940",0.227284104458135
"LOC128113605",0.227215263259712
"LOC128100227",0.227178392921848
"LOC128109957",0.227112284624357
"Far2",0.227042551206544
"LOC128101302",0.226995775895799
"LOC128104563",0.226767653936225
"Gdf15",0.226680068685535
"Ttpa",0.226677470470641
"Shc1",0.226627055417146
"Luc7l3",0.226579233355291
"Cfl2",0.22647612851708
"LOC128100406",0.226449825665946
"Lingo2",0.226435091033134
"Tlr5",0.226249183363055
"Cd82",0.226108730688439
"LOC128118843",0.226044331939268
"LOC128106394",0.225982301226095
"LOC128122822",0.225841954888577
"Pgbd5",0.225681992416517
"Ak4",0.225656599398001
"LOC128094046",0.225559292642572
"Slc12a8",0.22552182588888
"Ncaph",0.225518086650448
"LOC128099486",0.225422563682888
"Tet1",0.225414193266795
"Tigd5",0.225279070930505
"Zbtb8b",0.225203609585873
"LOC128101260",0.224931243645524
"LOC128101024",0.224844693459867
"Arhgef5",0.224835374519204
"Mapk11",0.224791564709201
"Palm3",0.224573172869299
"Fer1l5",0.224509078550272
"Ccdc33",0.224207118409235
"LOC128103336",0.224137234299361
"LOC128111654",0.224082117868473
"LOC128122260",0.224025780833658
"Hcn1",0.223847972099334
"Garre1",0.223819375165713
"Glt1d1",0.223229585897394
"LOC128116198",0.223211908164125
"LOC128094149",0.223109865931864
"LOC128112162",0.222907956830625
"Pak2",0.222773611686524
"Tmem216",0.222509967495749
"Nxph1",0.222509766874613
"LOC128097407",0.222393965028673
"LOC128096708",0.222296393177847
"LOC128120909",0.221809681207544
"LOC128112117",0.221696570356635
"LOC128122105",0.221657067626091
"LOC128113215",0.221655224465139
"Gp6",0.221588602584779
"Folr2",0.221555546440995
"LOC128114905",0.221507874172167
"LOC128107343",0.221437879676121
"Dmrta2",0.221406306856256
"Ndufa6",0.221392712136609
"LOC128110885",0.221391284585446
"Clcn4",0.221329472458985
"Ca3",0.221307411651281
"LOC128105602",0.221280185593363
"LOC128109515",0.221243595181604
"Zfp3",0.221177122197125
"Nup62",0.221097597373238
"Ccl22",0.221043242749469
"Spic",0.221000018910744
"Glra2",0.220941270313357
"Upk3a",0.220926970354869
"LOC128108763",0.220789890957663
"Bcat2",0.220714179135344
"Lpar2",0.220647216086198
"Ccdc88c",0.220624774521656
"Hprt1",0.220574087680739
"Cdh24",0.220461356764884
"Pcsk1",0.220427289596301
"Hoga1",0.220374463187082
"Tmem108",0.220325593714604
"LOC128104107",0.220288226916307
"Scn4b",0.220270432963946
"LOC128118668",0.220079306015111
"Gramd1b",0.220022078639559
"Elfn2",0.219976679962119
"Bmp7",0.219965035366264
"Recql4",0.219930157289227
"LOC128124620",0.219757606224879
"Agps",0.219734803655788
"Nrf1",0.219667615678442
"LOC128105325",0.219629887226986
"Slc12a5",0.219423961721026
"Pou2af3",0.219043234821583
"Tfr2",0.219032946249077
"Sh2d2a",0.218989077999302
"LOC128114097",0.218955957598244
"Qpctl",0.218902659295775
"LOC128096925",0.218754301054967
"Apoc4",0.218744967965614
"Unc13a",0.218721749194871
"Phlda3",0.218582485416406
"LOC128113106",0.218580973752462
"Lsm14a",0.218466484909824
"LOC128113246",0.218284619513934
"LOC128123252",0.217997023104638
"Mttp",0.217971524972085
"LOC128118592",0.21790426502735
"Igsf3",0.217620193172392
"Znf395",0.217595917213354
"LOC128120640",0.217433041988001
"LOC128121396",0.217424126771006
"Tomm20l",0.217414209953778
"LOC128110418",0.217318785919483
"Stx7",0.217289511832527
"Ankrd55",0.217180707902738
"LOC128099456",0.217088516291199
"LOC128101377",0.216978861320709
"Serpinb2",0.216763959142701
"Adcy6",0.216716308903632
"LOC128119212",0.216420608730872
"LOC128095081",0.216404526762864
"Esrrg",0.216208618592176
"Ptger3",0.216064106961736
"Misfa",0.215791587166027
"Prf1",0.215774615017421
"Btc",0.21542476789667
"LOC128117298",0.215249775521704
"Dcaf10",0.215220349277588
"Mfng",0.21511626292078
"LOC128107985",0.214980670235
"Htr1f",0.214953619750267
"LOC128110226",0.214743821114129
"LOC128102303",0.214635285871565
"LOC128119046",0.21457624930496
"Fgl1",0.21456473492338
"LOC128100327",0.214510009429614
"LOC128107569",0.214464175916743
"Dipk1c",0.214411151187038
"Cdk2ap2",0.214400673071654
"LOC128104022",0.214238616686913
"LOC128113402",0.214199311579965
"C2cd2l",0.214026860241017
"LOC128115368",0.213770060408929
"Cfap126",0.213765829988087
"LOC128106564",0.21364722343504
"LOC128108335",0.213401299615633
"Mrpl20",0.213351352116559
"LOC128117161",0.213293631474716
"LOC128095137",0.213241035007429
"Lrrc57",0.213120222848023
"Hsd17b1",0.212983139064108
"LOC128107992",0.212846916600356
"Cd2",0.212844543304532
"Banf1",0.212742352247458
"Tmem256",0.212571073591306
"LOC128112954",0.212452273741477
"LOC128103266",0.212392466606466
"Cdhr4",0.212081987127754
"Cmc2",0.212049622552157
"Lhfpl7",0.212017604209112
"LOC128097310",0.211986727075286
"Ark2c",0.21194817859519
"Cbx1",0.211890207237197
"LOC128123260",0.211829380971778
"Fsbp",0.211780470856275
"LOC128105848",0.211765211778395
"LOC128108059",0.211753851173123
"CUNH5orf46",0.211714541899556
"LOC128112789",0.21115849137183
"LOC128123193",0.211106920229309
"Jazf1",0.210530213761054
"LOC128110475",0.210302816268207
"LOC128114064",0.210195420537799
"LOC128095354",0.210170940432722
"LOC128104070",0.210159996123241
"Zc3h15",0.20995984476059
"Lrfn5",0.209885189402035
"Dennd6b",0.209813983490903
"LOC128101128",0.209761484869488
"Sh2d1a",0.20967315663948
"Atp1b3",0.209631675046688
"LOC128106955",0.209246417360599
"LOC128125272",0.209190225074165
"LOC128096566",0.209152992907724
"LOC128099634",0.209116567965155
"Plscr5",0.209096773413226
"Cst6",0.20905193199393
"LOC128121910",0.20901359561009
"Hspb3",0.208896611153112
"Col10a1",0.208821739514349
"LOC128113349",0.208790612981967
"Oprl1",0.20878518427926
"LOC128098049",0.20851151630582
"Aqp11",0.208441267399101
"LOC128109989",0.208423855149316
"Krt222",0.208337478319012
"LOC128114875",0.208321114365046
"Atl3",0.208311959319731
"LOC128103488",0.208295590891176
"Dkk4",0.208003177199611
"Tbc1d10a",0.207977465728095
"LOC128113029",0.207920012127209
"Cdca8",0.207889733001334
"Pth1r",0.207542209080654
"Smug1",0.20748757970514
"Pdzk1",0.207437591161791
"LOC128110834",0.207397327719057
"Gas2",0.207378480174119
"Shd",0.207331197808255
"Cd276",0.207236198641874
"LOC128119586",0.206786264763254
"Plscr3",0.206777411172313
"Ell3",0.206718558357622
"Znf157",0.206713160635782
"LOC128122440",0.206646508476934
"Il25",0.206604249660548
"Trnar-acg",0.206537307681259
"Mab21l4",0.206515283830575
"F9",0.206499332483456
"LOC128109176",0.206285234759493
"LOC128118619",0.20627657737008
"LOC128094906",0.206217868774561
"Fgf2",0.206188109737817
"Serpinc1",0.206178765146159
"LOC128097709",0.206069535100555
"LOC128109259",0.205819905181446
"LOC128122003",0.205801422192987
"Stpg2",0.205788207910716
"LOC128098358",0.205700748010812
"LOC128113582",0.205612571873996
"Pbk",0.205611567476375
"Spaca5",0.20553051148937
"Epb42",0.205468069773418
"Hapln3",0.2054426035285
"LOC128094262",0.205432565548935
"Rfx8",0.205417474211961
"LOC128099400",0.205399231535831
"Igsf21",0.205336359192858
"Kcnh2",0.205179983224724
"Dnmt3l",0.205135945678431
"LOC128110425",0.205043937251545
"Qrfp",0.204992443983019
"LOC128121819",0.204817095932201
"LOC128110092",0.204773049558445
"Tshz3",0.204699544789247
"LOC128110415",0.204553506353833
"CUNH12orf76",0.204457182283453
"LOC128107936",0.204451184989623
"LOC128106229",0.204340740385513
"Bbox1",0.204336527501768
"LOC128094677",0.204265692748191
"LOC128105741",0.204226965213185
"Hdgfl3",0.204176580369197
"LOC128104362",0.204173362587191
"Lnp1",0.2041696174637
"Lrtm1",0.204151679326586
"Ghdc",0.20411163929859
"Trnaq-cug",0.204043285969043
"LOC128119408",0.203909849785271
"Rasal1",0.203899319698187
"LOC128113897",0.203834388467061
"LOC128094639",0.203660185841645
"Myo18a",0.203513546161695
"Hrh1",0.203465582147382
"Lypd2",0.203426178117442
"LOC128102168",0.203401884148175
"LOC128112863",0.203366884098291
"Slc9a4",0.203333965399715
"LOC128121789",0.203306274971785
"Sntg1",0.203200725537725
"LOC128099851",0.203191837879854
"LOC128123319",0.203165241798928
"Myh15",0.203012992165131
"Tmem212",0.202792050876211
"CUNH17orf78",0.202046795742608
"Gpr15",0.202012861666375
"LOC128105747",0.202001524535703
"LOC128120314",0.201941709172919
"LOC128100329",0.201823641867818
"Dscc1",0.201454354996657
"Ipo4",0.201259327603262
"Grik5",0.201198387427572
"Mefv",0.201135229938657
"Prrx2",0.200977432752896
"LOC128114605",0.20096446718948
"LOC128097114",0.20087212616422
"LOC128103626",0.20085823187616
"LOC128119987",0.200778639015452
"LOC128107949",0.200616943229038
"LOC128118166",0.200470706114109
"LOC128098470",0.200397078007203
"Shisa8",0.200312021334486
"Kcnd1",0.200173530844691
"LOC128122558",0.200115761097973
"LOC128124803",0.200097157721039
"Lrg1",0.200059796848205
"Hapln1",0.199901493395416
"LOC128099624",0.199890886235709
"LOC128117360",0.199726874239561
"Ranbp17",0.199722544193871
"Smim17",0.199589705504167
"LOC128118328",0.199536013967723
"Dhx16",0.199430411086957
"LOC128122454",0.199348050851244
"LOC128098825",0.199313950224644
"LOC128105226",0.199267251926644
"LOC128093904",0.199242566661591
"LOC128121217",0.199168894648197
"Ino80e",0.199112597049696
"Insm1",0.198961244780984
"Clk3",0.198952745345145
"LOC128110388",0.198461169725232
"Col9a2",0.198460236890669
"Tlr1",0.198433309444017
"Bub1",0.198371900734674
"LOC128112683",0.198208258377879
"Lgi2",0.198133795491306
"Klk13",0.198040880330476
"Begain",0.197985950036465
"Nkx2-2",0.197918323185012
"LOC128120868",0.197884553679252
"Apod",0.197735891752741
"Dner",0.197708048119717
"Tm6sf1",0.197699245387691
"Gsg1",0.197647302860197
"LOC128118409",0.197646945159944
"Troap",0.197646087758223
"LOC128112685",0.197582036994054
"Cdhr1",0.197559102409002
"LOC128099622",0.19752929910457
"Znf707",0.197266084333819
"LOC128098084",0.196966530011766
"Slc17a7",0.196921406134218
"LOC128097640",0.196843503783096
"LOC128110223",0.196832457839015
"Chrnb2",0.196733516343727
"LOC128098706",0.196619555156705
"Ncbp2l",0.196361119673955
"LOC128094929",0.196200346072576
"Mgat1",0.195987471117441
"Chaf1a",0.195965686498194
"LOC128117904",0.195913905364688
"Tmem121",0.195687322967717
"LOC128124181",0.195661541102245
"Actl10",0.195510563870233
"LOC128110517",0.195439532862291
"Nrm",0.19511395190765
"LOC128095829",0.195097982893544
"Klk11",0.195090536529886
"Serpinb1",0.195034395413438
"LOC128116167",0.19491929149294
"LOC128107186",0.194877952656259
"LOC128107944",0.194818376396267
"LOC128101641",0.194702066094923
"LOC128122229",0.194508480517816
"LOC128098384",0.194307338752853
"CUNH14orf93",0.194297970315397
"Tssk6",0.194262669673428
"LOC128123356",0.193943190746595
"Fgf5",0.193940415773548
"LOC128117359",0.193590675379261
"Wwc3",0.193434593640247
"Capn9",0.193332052420181
"LOC128118353",0.193295698486365
"Map3k11",0.193263396967151
"Dtx1",0.19320728262292
"Papln",0.193202997657416
"Nsun4",0.193135879802682
"LOC128111377",0.193051515998771
"Cux2",0.193033759549544
"Krit1",0.192537865239367
"LOC128125489",0.192362205239426
"LOC128121213",0.192284594191348
"LOC128097062",0.19223982040287
"Klf8",0.192151503341661
"Crb3",0.192010910700163
"LOC128117244",0.191939524593638
"Tacc1",0.191769977639964
"Cbll1",0.191532628634643
"LOC128106483",0.191455249004351
"Kif22",0.191357962942394
"Tnk1",0.191221370585203
"Gpr21",0.191060706687385
"CUNH1orf122",0.191019216325816
"LOC128112805",0.190805079059514
"Shisal1",0.190618154053305
"Suv39h2",0.190425475026821
"Slc25a53",0.19040792662977
"LOC128112721",0.190349077571493
"LOC128105866",0.190233410857928
"LOC128107401",0.190228807378494
"Grm5",0.190121273420635
"LOC128110018",0.190117223753497
"Calcoco2",0.19006935050874
"Jph4",0.1900202579457
"Kctd16",0.189929735790872
"Mkrn3",0.189641585821426
"Alkbh2",0.18961196986205
"LOC128100099",0.189560468254609
"LOC128124185",0.18954573044934
"Cilp2",0.189425145025808
"A3galt2",0.189415523353221
"LOC128119731",0.189364937574667
"Pcdh10",0.189337837574818
"LOC128110713",0.189229135480668
"Fscn2",0.189193021140661
"Adgrg3",0.188951798093998
"LOC128116762",0.188739329530559
"Slc22a1",0.188673233906842
"Tssk3",0.188644592414388
"Hsf2bp",0.188495580827104
"Tmem40",0.188484754517991
"Lrrc49",0.188484375254991
"Phf6",0.188268123144101
"LOC128094897",0.188104182621265
"LOC128108724",0.188104141023277
"Ajap1",0.187720273260633
"LOC128110849",0.18768789418611
"LOC128110567",0.187665609953551
"LOC128094449",0.187591374981053
"LOC128106936",0.187389174972122
"Slc35f3",0.186931146632621
"LOC128099619",0.186773100847354
"LOC128121314",0.186682698797824
"Ptprh",0.186598223230766
"Clca4",0.186586844380677
"Pabpc1l",0.186567073165334
"LOC128099528",0.186432836582863
"Tgm3",0.186387059359381
"LOC128115513",0.186282654416137
"LOC128110065",0.186270342430759
"LOC128107576",0.186251378037718
"Mei4",0.185998338243372
"Ubl7",0.185832351089192
"LOC128124710",0.185813559802476
"LOC128114525",0.185804224245301
"LOC128104382",0.18567888576342
"Fbxo41",0.185576461998287
"Sema3b",0.185433266787755
"Fbxo47",0.185424762555826
"LOC128109172",0.185377677647926
"Lipc",0.185229623308796
"LOC128099314",0.184948572542143
"LOC128098933",0.18489437450944
"Ccdc74b",0.184708532898391
"Usp21",0.18465209610083
"Kcnc3",0.184599274979286
"Psd2",0.184537647674451
"LOC128108086",0.184436009066809
"LOC128097269",0.184261379252762
"LOC128102696",0.184139007396205
"Ptgdr2",0.183965645959756
"LOC128114439",0.183889942897319
"LOC128106829",0.183886093907899
"Znf786",0.183825781904564
"Cacng2",0.183660675576158
"LOC128120652",0.183405082355371
"LOC128115491",0.183372576665868
"Serf1a",0.183292225498513
"LOC128121812",0.183087073818833
"LOC128117254",0.18305499850262
"Guca1b",0.182795439090782
"LOC128118673",0.182560892246735
"LOC128120030",0.182558052106587
"LOC128106922",0.182291591867115
"LOC128107427",0.182267736582457
"Rufy4",0.182254207753609
"LOC128108923",0.18211847611771
"LOC128103233",0.182078208805048
"Atad5",0.181953220058715
"Bdkrb1",0.181923664723579
"LOC128125108",0.181866115517286
"LOC128117969",0.18179171683221
"LOC128101927",0.181543078485678
"LOC128102980",0.181454750782619
"LOC128121026",0.181208338952435
"LOC128106749",0.181204539293688
"LOC128118081",0.180934281447495
"Zyg11a",0.180693562506414
"Slc6a12",0.1806483531555
"LOC128114692",0.180546488576265
"Eqtn",0.180404192946811
"Znf213",0.180208612222295
"Celf6",0.180080251546626
"LOC128111126",0.179739559781798
"LOC128122825",0.179722144560282
"Zfyve28",0.179721936833342
"Enho",0.179676571689975
"Tbx20",0.179580633840006
"LOC128096395",0.179563305019025
"Krt5",0.179531992565884
"Igsf1",0.179315106229795
"Msantd7",0.179212129428076
"LOC128108478",0.179178103204721
"LOC128108487",0.179173556828915
"Asb13",0.179172290523554
"Inpp5b",0.179089906622437
"LOC128112729",0.178910183046634
"LOC128101899",0.178820451073895
"Tmem169",0.178815510547987
"Ndufa11",0.178682057035988
"LOC128105904",0.178550383752096
"Iqgap3",0.178306784877313
"LOC128109711",0.178197220121188
"Spx",0.178145317897547
"LOC128102394",0.178140550618238
"Slc30a3",0.178079653888394
"Hhat",0.178066174603994
"LOC128104385",0.178020047926714
"LOC128101043",0.177994760746983
"LOC128117417",0.177878301185468
"Mapk8ip2",0.177844593981384
"LOC128119777",0.177467916792996
"Lhcgr",0.17742103134406
"LOC128120384",0.177394462219565
"LOC128116278",0.177267985010636
"Gmppa",0.177176827337226
"LOC128095827",0.17695218300026
"LOC128112177",0.176941494063697
"Marchf10",0.17692135980191
"LOC128116829",0.17688029107583
"Ctxn3",0.176585936055455
"Inka2",0.17656790452311
"LOC128097307",0.176499089590695
"LOC128102119",0.176482852128807
"Anxa13",0.176451004399063
"Cntfr",0.1763755639618
"Senp8",0.176346172490535
"Gchfr",0.176327498105221
"Arid3b",0.176177629479862
"LOC128106790",0.176003214984684
"Pllp",0.175782550626984
"Rph3a",0.175668205927658
"LOC128111119",0.175494011075609
"LOC128116917",0.175376468689715
"Htr2a",0.175210443462296
"Ndp",0.175035616101546
"Ms4a3",0.175013453660076
"Clcn1",0.174802316991845
"LOC128115519",0.174722494167396
"LOC128103784",0.174719685839218
"Mybphl",0.174659844964699
"Mrps21",0.174558905824748
"LOC128112480",0.174484837736779
"Aqp7",0.174483117537933
"LOC128108010",0.174441158307697
"Clec11a",0.174399750007173
"LOC128096615",0.174208245073778
"Il18rap",0.174110857358266
"LOC128107170",0.174055560504577
"Slc22a12",0.174048936812148
"LOC128098908",0.174033333303792
"Spdl1",0.174031228340871
"LOC128096907",0.17394509916957
"Kcnj5",0.17381611781656
"Grm4",0.173753412816836
"LOC128124841",0.173682744727607
"Ntm",0.173671643814294
"Tuft1",0.173589458920312
"LOC128112700",0.173538599854124
"LOC128104283",0.173342596073431
"LOC128112584",0.173234415898823
"Tspo2",0.173198901352729
"LOC128117080",0.173065941371927
"LOC128125803",0.172834244524386
"Trank1",0.17259500446508
"Ccsap",0.172554103680904
"Wnt7a",0.172512781175562
"Znf174",0.172371953225896
"LOC128106273",0.172314217555145
"LOC128100505",0.172307566825539
"LOC128099240",0.172175258966582
"LOC128095842",0.172167963711577
"LOC128106051",0.172087628365298
"LOC128099620",0.172067917092392
"LOC128097342",0.172008413849275
"Ciapin1",0.171894171041214
"LOC128111362",0.1718199590109
"Rab26",0.171695893061348
"LOC128099641",0.171491623148821
"Lancl3",0.171443253635686
"LOC128095841",0.171391328960456
"LOC128094720",0.171108049295868
"Erfl",0.171102018133144
"Gprasp3",0.171069059505113
"Yrdc",0.17100226337021
"Ptchd4",0.170917845241306
"Syt5",0.170885454139429
"LOC128125118",0.170837854448932
"LOC128095849",0.170824453624584
"Dand5",0.170819118353838
"Aifm2",0.170818929827197
"LOC128096804",0.170771923874691
"LOC128107950",0.170730513640409
"LOC128105844",0.170710195953643
"Map4k1",0.17049940670652
"Csrnp3",0.170425267612411
"Yae1",0.170375642817291
"LOC128119587",0.170357578556183
"Fstl5",0.170302069745818
"Gata4",0.170206225584128
"Pspn",0.170045184923973
"LOC128125364",0.169944041301552
"LOC128113364",0.169881826595807
"LOC128110476",0.16983360046656
"LOC128093986",0.169683863969752
"Crip3",0.169505770281268
"LOC128112401",0.169498466373489
"LOC128099249",0.169384958079379
"LOC128096244",0.169215955351412
"Pnck",0.169043261460294
"LOC128097587",0.169037206234902
"LOC128112186",0.168967559434584
"LOC128103596",0.168886947522698
"Resp18",0.168802584343908
"LOC128117461",0.168536364466501
"Bco2",0.168283303988057
"LOC128106916",0.16811562188859
"LOC128122698",0.168021895736918
"LOC128114442",0.167919372449615
"LOC128096795",0.167844860335574
"LOC128099509",0.167821983849206
"Mogat2",0.167600902892906
"LOC128094530",0.167482326795139
"Prrc2b",0.16742060057103
"Styk1",0.167392946991522
"LOC128125092",0.167360395441018
"LOC128101151",0.167265693037183
"LOC128103935",0.167258086486942
"Spo11",0.16721143778378
"LOC128107599",0.167057660613258
"LOC128116430",0.167044242196086
"Znf205",0.166902611138642
"LOC128123121",0.166842167022107
"LOC128117725",0.166818458215773
"Tmprss4",0.166506543100431
"LOC128113366",0.166311414811829
"LOC128110658",0.166157612723085
"Piwil2",0.165989499794293
"LOC128116858",0.165558737279875
"Tap1",0.165543475955503
"Tp63",0.165426170908093
"LOC128103358",0.165208458768903
"LOC128099277",0.165088002070516
"Sv2a",0.165086987363254
"LOC128097081",0.164811912290081
"LOC128124057",0.164459650582059
"LOC128103805",0.164322095219529
"LOC128117202",0.164272892726576
"Rtn4r",0.164176908270609
"Dach2",0.164083024669606
"LOC128121155",0.164060766318726
"Robo3",0.164027518572889
"Hrnr",0.163796616454825
"LOC128117796",0.163684967782432
"LOC128123320",0.163661891036591
"LOC128110337",0.163325759933342
"Rhbg",0.163273235814575
"LOC128096850",0.163214737797004
"Pkd1l1",0.163095915242917
"Homer1",0.163040600502378
"Exo1",0.162915251685417
"CUNH14orf39",0.162697620838816
"LOC128115646",0.16249321746665
"LOC128122762",0.162343709753844
"Naga",0.161903654230373
"Ddx25",0.161849130521262
"Znf341",0.161748979595685
"LOC128118055",0.161697866084006
"Trnar-ccu",0.161604686355604
"Cideb",0.161492750283849
"LOC128121315",0.161468315197261
"Tnr",0.16138972519037
"LOC128099660",0.161237437412936
"Klhl35",0.160922562829408
"Tefm",0.160313241442038
"Dcc",0.160306610061701
"Pomc",0.16024163449825
"LOC128110429",0.160221732252081
"LOC128101148",0.160036552196019
"Reep2",0.160017320909717
"Mtf1",0.159631762708217
"LOC128110809",0.159613208300413
"Hcrtr1",0.159605484732428
"LOC128098444",0.159603239946559
"Myo18b",0.159523184812474
"LOC128120035",0.159508450979909
"Rhag",0.159492456692884
"Spib",0.159274053681492
"LOC128120680",0.159022355064826
"Sbk2",0.158852356327671
"LOC128122001",0.158770308725905
"LOC128097027",0.158769818078689
"LOC128124826",0.158709595212121
"Maneal",0.158693379747152
"Ly6k",0.15865044377954
"Pxn",0.158588069800066
"Tcea3",0.158448919352068
"Disp2",0.158436134843628
"Cntn6",0.157947350564972
"Ypel4",0.157915308987205
"LOC128096961",0.157593641559399
"LOC128095818",0.157394866806677
"Elovl4",0.15728644304552
"LOC128107074",0.157258379743759
"Ankle1",0.157207385441238
"Ms4a18",0.157166501794651
"LOC128110521",0.157050364611329
"LOC128101809",0.156972593469637
"Sult4a1",0.15678785836648
"LOC128112440",0.156784018373404
"LOC128115043",0.156759292066558
"LOC128104758",0.15643938099946
"LOC128111401",0.15633210466225
"Adora3",0.156323628674443
"Fbxo16",0.156179264602779
"LOC128103087",0.156107638652817
"Naif1",0.156011443037158
"Poln",0.15592059020701
"P2rx3",0.155897737594845
"LOC128094115",0.155799106466129
"LOC128104211",0.155676131811713
"F7",0.155348448279557
"LOC128116282",0.155237280996719
"LOC128111411",0.155163172015973
"Pdk3",0.154871723218865
"Fam227a",0.154730719638745
"Slc39a12",0.154576642827065
"LOC128124663",0.154561384035688
"LOC128116986",0.15411642803126
"Slc26a3",0.15401714435983
"Mss51",0.153811366989734
"LOC128100148",0.153783738110559
"LOC128112936",0.153726771441159
"LOC128099527",0.153725392375312
"Tnfsf9",0.153570198050906
"LOC128095227",0.153465600803409
"LOC128114025",0.153385358967394
"LOC128108058",0.153299963211793
"LOC128102824",0.153133201323344
"LOC128098320",0.152910622498875
"Tafa5",0.152704363286158
"Jakmip1",0.152666344405608
"Nrg3",0.152577696743717
"LOC128121557",0.152456727838984
"Calml6",0.152451760545349
"LOC128120956",0.152338043208934
"LOC128106154",0.152312451782273
"Castor1",0.15225190120538
"Meiosin",0.152226993466496
"LOC128124804",0.152196607270609
"LOC128099764",0.152160991395643
"Nppc",0.152113477191528
"Muc5ac",0.152082652958028
"LOC128104573",0.152014180688695
"LOC128108686",0.151979934226144
"Birc2",0.15186357200488
"LOC128111478",0.151696176615217
"Gpr149",0.15167510092052
"Syt13",0.151514752283993
"LOC128120973",0.151439802452939
"LOC128098799",0.15142219747501
"Pdp2",0.151276308843727
"LOC128116696",0.151253173509991
"CUNHXorf66",0.151232940934496
"Selenoh",0.151045236874703
"LOC128124971",0.150943955775738
"LOC128094936",0.150816295718813
"LOC128120060",0.15075366524144
"Apobr",0.150563422989628
"LOC128125327",0.150467226760382
"Ube2z",0.150446957729477
"LOC128120889",0.150380941081315
"Chrna10",0.150344077885679
"LOC128122542",0.149957560479172
"LOC128097811",0.149903620697205
"Sptbn4",0.149824002296421
"Aknad1",0.149803746457424
"LOC128094348",0.149754244055083
"LOC128095140",0.149678806368855
"Sst",0.149631982569056
"LOC128104400",0.149581195151512
"LOC128109199",0.149551677758244
"Msantd1",0.149498230863963
"Hpd",0.149465021974377
"Il36b",0.149392805608208
"Aldh1l2",0.149281906955899
"LOC128121906",0.149197224797311
"LOC128114859",0.14912793721256
"Minar1",0.149115390848069
"LOC128101579",0.149095878272462
"LOC128123095",0.148910444554924
"Bhmt2",0.148706505048945
"LOC128125516",0.14854894420554
"LOC128120763",0.148476973691469
"LOC128107426",0.148387813198992
"Nhej1",0.148175237151125
"Gpi",0.148088722046187
"Ccdc168",0.148063254901669
"Arhgap9",0.148058511885626
"LOC128109937",0.147894310146593
"LOC128114034",0.147885712230682
"LOC128099503",0.147883059590749
"Noxred1",0.147858027504954
"LOC128102750",0.147840290007707
"LOC128120852",0.147754143134174
"Sox9",0.147728348078361
"LOC128107790",0.147711093746454
"Isl2",0.147697299259067
"LOC128107092",0.147370552635569
"Chac1",0.146988445903312
"Pou2f3",0.146949663906045
"LOC128112718",0.146937754656666
"Ttc36",0.14690770341169
"CUNH2orf74",0.14678213245938
"Clvs2",0.146310251792345
"Gnat1",0.14620791170148
"Bhlhe23",0.146150026601383
"Rnf152",0.146104409111151
"Nfrkb",0.146090200029327
"Tnfrsf8",0.146007590425023
"CUNH5orf47",0.14594498135972
"LOC128119371",0.145809289922802
"LOC128118797",0.145777053520355
"LOC128104933",0.145769701932496
"LOC128116281",0.145743747166452
"Ppp1r18",0.145349407723033
"LOC128114059",0.145177802610306
"LOC128095179",0.145150240834157
"Axdnd1",0.145119253959178
"LOC128125467",0.145007502026326
"Fcamr",0.144883872926043
"Asic1",0.144817345926448
"LOC128098405",0.144683725296419
"Ano2",0.144603847516882
"LOC128107679",0.144599964513527
"LOC128102267",0.144524164470883
"LOC128103914",0.144308126672106
"Hykk",0.144197572895732
"LOC128102008",0.144065658289846
"Ca1",0.143923725568098
"Lrrtm2",0.14372815877868
"LOC128109806",0.143691678788697
"Igfbp6",0.143677946165759
"Spry3",0.143594872265165
"LOC128105443",0.143581116287149
"LOC128105675",0.14334963753209
"Gria1",0.143143492451298
"LOC128095316",0.143126261687373
"Fam83b",0.143059640654425
"LOC128124427",0.142930474588251
"LOC128101385",0.142898408415085
"LOC128113957",0.142757623585052
"Trib3",0.142743377880737
"LOC128111971",0.142722839872346
"LOC128108184",0.142484618903162
"LOC128124474",0.142479922077402
"LOC128115579",0.142408550019213
"LOC128119958",0.142318599585883
"LOC128115641",0.142198363362278
"LOC128109348",0.142147233346363
"LOC128107983",0.142020588731919
"LOC128125772",0.142016268486865
"Fbxw12",0.141966854880028
"Ovgp1",0.141857699109943
"Abca4",0.141653213238194
"LOC128120749",0.14151870602973
"LOC128108825",0.14145428632898
"LOC128118499",0.141436660598354
"LOC128094695",0.141419371474954
"LOC128107783",0.141372510525733
"Grem1",0.14135816961022
"LOC128119284",0.141170976999993
"Ttll10",0.141028007004844
"Upk2",0.140665200331828
"Syt2",0.140558569443682
"LOC128108269",0.140414765754463
"Tom1l2",0.140413518110868
"Amhr2",0.140324407644205
"LOC128123340",0.140121733542155
"Them4",0.14001438951143
"Ttc22",0.139908256122351
"Zc3hc1",0.139834925253141
"LOC128120935",0.13981447133724
"LOC128109555",0.139811511047453
"LOC128102180",0.139799876377972
"Abcg4",0.139730415474846
"Tmem262",0.139680526817306
"LOC128116705",0.139654983300517
"LOC128101199",0.13962812019313
"Fam170b",0.139564726561557
"LOC128095326",0.139370953602231
"CUNH4orf45",0.139228504398832
"Carmil3",0.139181419043859
"LOC128104690",0.139141070737902
"Wnt9b",0.138941688251157
"LOC128116288",0.138697374674156
"Gpr52",0.138624075668714
"Sdhc",0.138623360162885
"LOC128111560",0.138586503561086
"Tmem63c",0.138559193288447
"LOC128110570",0.138513249434931
"LOC128123322",0.138506799436395
"LOC128123230",0.13847278620111
"Syt3",0.138382036365498
"LOC128112178",0.138359111396431
"Pola1",0.138218960811543
"LOC128097718",0.138177175730527
"Mmp17",0.138037681426414
"Camk2b",0.138021770643522
"LOC128104369",0.137962405592018
"LOC128099778",0.137899235939531
"LOC128118354",0.137864833779663
"Esco2",0.137856333784212
"Shc2",0.137838083061096
"Lhx8",0.137804669257919
"Mlf2",0.137792466833788
"LOC128118412",0.137792011432677
"LOC128120012",0.137587213494779
"LOC128109560",0.137358015191431
"Myo3b",0.137339930887028
"Rapgefl1",0.13728194607182
"Tbx6",0.137242939791831
"LOC128104757",0.137228389962615
"Ptpn20",0.13713487284227
"Znf200",0.136927256173103
"Stap2",0.136697891777221
"LOC128113426",0.136529925837381
"LOC128105300",0.13647503793352
"LOC128123588",0.136410479652274
"LOC128117659",0.136231832548844
"Aldob",0.136197418440355
"Trnan-guu",0.136126383823512
"Prlr",0.136083275430306
"Ehd2",0.135993864434464
"Got1l1",0.135937827178126
"LOC128119556",0.1358536272012
"Tnfsf14",0.135807447800615
"LOC128110037",0.135797067114023
"Tmem265",0.135796198729557
"LOC128119037",0.135697523515695
"Arsi",0.135670282336384
"Fnip1",0.135523856957151
"LOC128106924",0.135371864371443
"Trex2",0.135231900800433
"Tnnt1",0.135133253781351
"Znf593",0.135074771510348
"Fam180b",0.135072665073187
"Dnah14",0.135071741709541
"Rps6kl1",0.134862125914394
"Cd177",0.134829504272989
"Trnas-cga",0.134713041568287
"Vwa7",0.134614419615103
"LOC128121874",0.13456656292542
"Xkr7",0.134409546598822
"LOC128122035",0.134319875053715
"Nptx2",0.134206405535334
"LOC128094815",0.13415067697251
"LOC128102528",0.134150156650038
"LOC128098750",0.133853331763633
"LOC128123386",0.133710537793638
"LOC128099664",0.133595265181604
"Pkd1l2",0.133485191738528
"Tex38",0.132960241862358
"LOC128119710",0.132574444786114
"LOC128120417",0.13247789167083
"LOC128115598",0.132351083705785
"Rad51ap2",0.13222950075702
"LOC128117512",0.132004766256022
"LOC128105581",0.131964711535486
"LOC128123354",0.131948596128756
"Perm1",0.131920961338361
"LOC128105404",0.131827656304351
"LOC128103091",0.131780717451723
"Bmal2",0.131682467518786
"LOC128120814",0.131646013108121
"LOC128122941",0.131589154711543
"LOC128125442",0.131460291808294
"LOC128099197",0.131410711493686
"LOC128107841",0.131337784402364
"Samd14",0.131281170702337
"LOC128122026",0.13118606879324
"LOC128101477",0.13114917196415
"Nipal4",0.131086129713148
"Rln3",0.131015269373106
"Acsm1",0.130984805324922
"LOC128096568",0.130905879174991
"Kcnh6",0.130860395320425
"Myoz3",0.130850527959114
"LOC128120448",0.130841328832506
"LOC128097378",0.130763639586991
"Nobox",0.13060947341459
"Extl1",0.130589631025785
"Trnar-ucu",0.130469515980003
"Kcnj3",0.130257945978419
"LOC128113727",0.130234272543612
"LOC128120740",0.130210627363345
"Prr19",0.130066770530343
"LOC128099987",0.129940057570391
"LOC128118733",0.12993541185411
"LOC128122076",0.129835411734107
"LOC128114882",0.129808586383017
"Fbxo8",0.129742444573984
"LOC128107978",0.129699414444641
"LOC128095212",0.129691129808272
"LOC128109612",0.129484122229928
"Cgref1",0.129453316932642
"Adipor1",0.129416603423446
"Lrrc27",0.12937361550376
"LOC128120204",0.129371465432308
"LOC128112336",0.129331368395398
"LOC128105303",0.129298520752442
"LOC128106971",0.129296584192952
"Fap",0.129232368180553
"CUNH1orf100",0.129173411083261
"LOC128117235",0.129129252573837
"Tex12",0.129092724773327
"LOC128107485",0.129082026361293
"LOC128120825",0.128989043156164
"LOC128114425",0.12894950486437
"LOC128102693",0.128917971850184
"LOC128102769",0.128871911657407
"LOC128096577",0.128861758156857
"Esrrb",0.128499084247985
"Gpbar1",0.128462671240649
"LOC128095509",0.128426610466333
"LOC128123619",0.128396885044798
"LOC128097276",0.128139909901013
"S100b",0.128101101320097
"Foxc2",0.127999245192338
"Scg3",0.127772401081758
"Lsmem1",0.127695537549166
"LOC128112747",0.127498100403136
"LOC128105561",0.127417345742978
"LOC128098902",0.12725719419483
"LOC128107562",0.127185809134155
"Sertm1",0.127185048357491
"Catsper2",0.127175853145109
"LOC128123554",0.127155878701153
"LOC128097319",0.127117786242879
"LOC128114391",0.127065226533336
"LOC128107905",0.126688639845889
"LOC128119337",0.126645799919097
"Qpct",0.126600664805308
"LOC128122940",0.126553457678801
"Plekha4",0.126480753939587
"LOC128116357",0.126422132255958
"Prmt6",0.126357570685429
"LOC128122836",0.126352201667333
"Eaf2",0.126337552875508
"Lyzl4",0.126197141382887
"LOC128112567",0.126052777120353
"Hs3st5",0.126011398411465
"LOC128110833",0.125936863943924
"LOC128107634",0.125857233333598
"LOC128098081",0.125752584531692
"LOC128121698",0.125722710479943
"Zc3hav1l",0.125671639011934
"Cdc25c",0.125635258722448
"Hmx3",0.125277151574022
"Cenpw",0.125251674582376
"Dscam",0.125220641976195
"LOC128118425",0.125198162616332
"Apoa1",0.124976536596032
"Foxb1",0.124959796632606
"LOC128095062",0.124942481939611
"Zkscan1",0.124905928223392
"Scn2a",0.124855265585828
"LOC128119410",0.124804213189278
"Smco3",0.124691528762185
"LOC128101828",0.124571260625374
"LOC128098296",0.124560930717158
"Cgn",0.124440070012628
"LOC128102291",0.124338587927093
"Ciao2b",0.124168811023197
"Arhgap36",0.124122404747898
"LOC128106205",0.124114098061348
"LOC128107184",0.123820229497382
"Chrm4",0.123775088088575
"LOC128099677",0.123653394059102
"Artn",0.123622994421231
"LOC128112505",0.123601728964287
"LOC128111472",0.123381021927633
"Znf385c",0.123316330323793
"Cdhr5",0.123237901588395
"LOC128106937",0.123028059667761
"LOC128123532",0.122958944347623
"LOC128123546",0.122856618655629
"LOC128122887",0.122657339408891
"LOC128115454",0.122578337948745
"LOC128108989",0.122416597330244
"Ccdc182",0.122336855748854
"Rep15",0.122155346043184
"Fut7",0.1221035666673
"LOC128113633",0.122088462112523
"LOC128095306",0.122014026209589
"LOC128102403",0.121954754890163
"CUNH4orf17",0.121903557146593
"Cnksr2",0.121770826510151
"Slc28a3",0.12174697303347
"LOC128112906",0.121614949877808
"Adipoq",0.121509516785994
"LOC128104307",0.12145846768926
"Scart1",0.121444927247912
"Mlxipl",0.121440402172272
"LOC128103078",0.121416069809393
"LOC128104358",0.121378010756538
"LOC128123539",0.121272734532608
"LOC128113640",0.121128792039482
"LOC128096965",0.121056399426727
"Capn11",0.12105635151903
"LOC128102290",0.120819446920135
"LOC128110465",0.120815725541813
"Tm6sf2",0.120698812243685
"Galr3",0.120689370181145
"LOC128100411",0.120541179954703
"LOC128105691",0.120513539341724
"LOC128098443",0.120485079688038
"LOC128120930",0.120390438239543
"LOC128098677",0.120358428791962
"LOC128109761",0.120313869989289
"LOC128107933",0.119950829152203
"Ier5l",0.119891212734176
"LOC128102659",0.119788612806958
"LOC128096749",0.119775343976361
"LOC128100222",0.119675149760893
"Ftcd",0.11930183602179
"LOC128110958",0.119232397106148
"Myh7b",0.119105603606022
"LOC128096350",0.119094229801904
"LOC128108357",0.119019477411833
"LOC128113361",0.119014027316749
"LOC128123719",0.118969856988905
"LOC128097162",0.118937745299882
"LOC128095523",0.118870030444669
"LOC128108544",0.118796329331316
"LOC128110078",0.118720795915527
"CUNH17orf100",0.118683608515817
"Mrpl54",0.118643315087096
"LOC128118406",0.118568249877508
"Lkaaear1",0.118446738049725
"Bicra",0.118444595923147
"Best1",0.118361091200017
"LOC128118633",0.118357764216271
"Ms4a14",0.118219289827205
"LOC128102120",0.118216354533266
"C9",0.118199898903837
"Il17f",0.118178231062395
"LOC128099078",0.118131378405827
"LOC128103119",0.118088694913063
"LOC128096733",0.117934609737835
"Asic5",0.117687512428433
"LOC128110378",0.117673542134559
"Bnc1",0.117651852221634
"Crhbp",0.117625855785537
"Vezt",0.117602973561901
"LOC128112656",0.117570618543885
"Tgfa",0.117438297619631
"LOC128122546",0.117422808766177
"LOC128116214",0.117352802332743
"LOC128100719",0.117268322838886
"LOC128117484",0.117243596033522
"Prlhr",0.117235256899097
"LOC128103696",0.117013553792654
"Asic4",0.116905447845408
"LOC128105836",0.116703479263245
"Strc",0.116622634734207
"Htr3a",0.116609689718577
"LOC128118451",0.116596503373984
"Senp5",0.116519760910375
"Tmem221",0.116474890770713
"Fbn2",0.116459921801516
"Cdh8",0.11633463411575
"Rgs14",0.116316007907612
"LOC128114888",0.116212073177588
"LOC128113951",0.116151041974182
"Chrm3",0.116032717762894
"LOC128097266",0.11596656271389
"Dpp10",0.115837568598831
"Nkx1-2",0.115617013997892
"Barhl1",0.115582379283318
"Stk32c",0.115544065951229
"CUNH11orf65",0.115472601562078
"LOC128111223",0.115452885964172
"LOC128099042",0.115444607054725
"LOC128119612",0.115383043472542
"LOC128110115",0.115375335787649
"Ccdc183",0.115317316831287
"LOC128116241",0.115175222226491
"Trnal-uag",0.11509180654772
"LOC128112348",0.115087893937452
"LOC128096014",0.114981889347552
"Coq7",0.114841334610877
"L1td1",0.114790832445831
"LOC128100586",0.114723134223018
"LOC128098252",0.114720543735883
"Flrt1",0.114525722983975
"LOC128119056",0.114430463526309
"LOC128112513",0.114327699682209
"Tssk4",0.114236927799
"LOC128115271",0.114232969969426
"LOC128107065",0.114161496390234
"LOC128118687",0.114091690621335
"Lmntd1",0.114073150668209
"Inca1",0.113995178232901
"LOC128120014",0.113959734934798
"A2ml1",0.113810648681902
"Atp10b",0.113766870162038
"Spc25",0.11364108748205
"LOC128095289",0.113608327356306
"Kcnj14",0.113597614467427
"Ddb1",0.113591470623459
"Selenow",0.11348229286773
"Znf202",0.113480572935553
"Ddx43",0.113329811490396
"LOC128110850",0.113246220096623
"Rgs9bp",0.113223796236214
"LOC128116314",0.113165960213564
"LOC128096130",0.113163901320988
"LOC128109332",0.113111153792273
"LOC128108187",0.113058997273578
"Gprin2",0.113040519198702
"LOC128115119",0.113009902009306
"LOC128099074",0.1129428175584
"LOC128120878",0.112817994000582
"LOC128095278",0.112817644387977
"Nol4",0.11276164274153
"LOC128103130",0.112729445162242
"LOC128112459",0.112720988455974
"LOC128117453",0.112588812123435
"Dok7",0.1124310111982
"LOC128112556",0.112337008506758
"LOC128103441",0.112153162595269
"Crybg3",0.111860760401619
"LOC128117476",0.111778131781942
"Mas1",0.111731839607522
"Ccdc134",0.111690793887966
"LOC128111142",0.111686544914548
"Cib3",0.111488345381984
"LOC128110574",0.111409563140106
"LOC128102537",0.111388076503972
"LOC128102061",0.111327381058069
"LOC128115774",0.111301618970117
"LOC128096732",0.111262484020936
"LOC128099315",0.111168321956441
"Cfap73",0.1111676023295
"LOC128115199",0.111163297578582
"LOC128109787",0.111126168819165
"LOC128108474",0.111069292761919
"LOC128119591",0.11105198288977
"Mst1",0.111007848959213
"Cldn8",0.110944119943536
"LOC128111505",0.110940525604117
"Grm8",0.110937472188623
"LOC128097664",0.110817510099676
"Hcn2",0.110650042343654
"LOC128124914",0.110628258651582
"LOC128109502",0.110564833118806
"Shoc1",0.110464175738236
"Fezf2",0.110383706092005
"Mgat4c",0.110377796801781
"LOC128119079",0.110321924536456
"LOC128108231",0.11025766111684
"LOC128104646",0.110069823403713
"LOC128119380",0.109915987651372
"Kcnj10",0.109769991634026
"Yipf7",0.109765643137364
"LOC128099510",0.109753845792088
"LOC128097819",0.10975114460661
"LOC128102904",0.109625688684672
"LOC128115580",0.109604952823342
"LOC128105203",0.109349812144738
"LOC128121173",0.109270687364627
"Nxnl1",0.10925253255404
"LOC128102467",0.109221107235128
"LOC128111614",0.109185908216907
"LOC128104846",0.10902440595729
"LOC128098595",0.109018404188141
"LOC128122716",0.108904487754433
"Osm",0.108811167473514
"Klk6",0.10870554638548
"LOC128118287",0.108614054408474
"Lrrd1",0.108466690300114
"Radx",0.108281436887347
"LOC128094708",0.108263071459257
"LOC128110581",0.108162629199774
"Kcnh5",0.108101188135332
"Smim36",0.108051332881255
"LOC128114728",0.107991281201988
"Slc30a10",0.107983375199634
"Npy2r",0.107963061073139
"Khdrbs2",0.107911884648296
"Tpsg1",0.107734119015461
"LOC128120757",0.107635548796766
"Ext2",0.107363320098523
"LOC128098167",0.10728543966469
"LOC128104121",0.107194034489738
"Lrfn4",0.107111292663839
"LOC128100934",0.107100970510955
"Cdkl3",0.107075836074694
"Pcp2",0.107007102221814
"Aldh8a1",0.106970596000349
"LOC128121628",0.106804368844168
"Arl14",0.106608385636951
"LOC128107666",0.106560582583577
"Clec2l",0.106483934224913
"Gpr37",0.106421787284004
"LOC128115346",0.106026368024739
"Duox1",0.105942718822782
"Ccdc27",0.105887512027322
"LOC128119648",0.105675881378115
"LOC128096719",0.105601244736429
"LOC128097963",0.105592308639586
"LOC128118877",0.105461074626142
"Nxnl2",0.105425382401042
"Kcnc1",0.105255831065683
"LOC128106939",0.105172237767735
"LOC128104114",0.105134824987941
"LOC128107070",0.104920350824097
"Epha6",0.10489497532879
"Fam89a",0.104842178068465
"LOC128123311",0.104803666733272
"Cndp1",0.104801911231778
"LOC128094397",0.104683572327901
"LOC128098753",0.104482588253551
"Ms4a15",0.104482171013018
"LOC128105289",0.104464661529576
"LOC128124501",0.104405650183759
"LOC128108630",0.104313395626297
"Taf7",0.104224662726489
"Tdrd1",0.104187760241041
"Foxl1",0.104049187031796
"Adamts16",0.104036735276654
"En1",0.104004844269418
"LOC128105920",0.103974019332663
"LOC128116429",0.103837666483852
"Lsmem2",0.103828006378978
"Ybx2",0.103732818257559
"Tac4",0.103728545838742
"LOC128116427",0.1035715516717
"LOC128106942",0.103412830701429
"Arfgef3",0.103322319674131
"Gprin1",0.103198257387888
"Uroc1",0.103189082402729
"LOC128108370",0.103123056982994
"Apob",0.103078381422553
"LOC128107177",0.102959605481215
"LOC128108038",0.102877097715079
"LOC128111049",0.102864065275939
"LOC128096037",0.102780085364452
"Klkb1",0.102763504722042
"Armcx5",0.10251774069125
"LOC128094806",0.102407199984349
"LOC128112688",0.102284603096491
"Klk12",0.10228142096811
"LOC128125613",0.102162114171683
"LOC128116299",0.102139504128959
"Olah",0.102136637826001
"LOC128116851",0.102071198118371
"Vil1",0.101971375949919
"LOC128105891",0.101929232553416
"Trim54",0.101879607699869
"St6galnac3",0.101867329209369
"LOC128113382",0.101855519429069
"LOC128110406",0.101848394995809
"Prokr2",0.101846568445766
"LOC128104360",0.1016665642625
"Ampd1",0.101606277029366
"Vps13d",0.101443231882858
"Fsip2",0.10125298092136
"Syt6",0.101231130250067
"LOC128102423",0.101186934809649
"Fgf9",0.101167331099777
"LOC128103039",0.101065483942618
"Emilin3",0.101042593609696
"LOC128107987",0.100957602243567
"Rims4",0.10088675434466
"LOC128110906",0.100802339558084
"LOC128119990",0.100800642333965
"LOC128106793",0.10074899753334
"LOC128104258",0.100709008611411
"LOC128122216",0.10069809581592
"Syt8",0.100666488502706
"Stkld1",0.100532796090725
"LOC128121156",0.100526789504864
"LOC128099637",0.100402393571637
"Mymk",0.100365900785073
"Nudt11",0.10026071322318
"Rspo4",0.100237461882941
"LOC128123382",0.100093141044901
"Fam78b",0.100065339767668
"Rpl10l",0.100023196312897
"Cpn1",0.0999488673977425
"LOC128124055",0.099945912990436
"LOC128094308",0.0999155614281478
"LOC128104474",0.0998872017820822
"LOC128097415",0.0997075779290782
"Marcks",0.0996886655825892
"LOC128100601",0.0996319787385599
"Crhr2",0.0996271183183471
"Scrt2",0.0995014340423104
"LOC128125787",0.0994773006442887
"LOC128094859",0.0994276507414837
"Hnf4g",0.0992345298429881
"Chrnd",0.0992343845654116
"LOC128110943",0.0992305528253968
"LOC128123050",0.0991417579833601
"LOC128125283",0.099136964463108
"Asphd2",0.0991240452701748
"Grik2",0.0991130697220769
"CUNH1orf56",0.0990236116306411
"LOC128107508",0.0988006512889025
"LOC128117044",0.0986313534414686
"LOC128118579",0.0984836106276081
"Hcn4",0.0984234604517518
"LOC128099103",0.0983294088087986
"LOC128105601",0.0982298300638705
"Fbxl18",0.0980708218624273
"LOC128115680",0.0980016579625865
"Nop53",0.0979920717503319
"LOC128102976",0.0979064038100559
"Tmem150b",0.0978952831858884
"Gabra1",0.0978824318379956
"Vps28",0.0978482763309132
"Bsn",0.0978478657491001
"LOC128094766",0.09782320013315
"LOC128095819",0.0978197767390147
"LOC128116071",0.0975558702357467
"LOC128103108",0.0975121832508296
"LOC128105869",0.0974861522380484
"LOC128095953",0.0974569782591893
"Tas2r42",0.0973750258944832
"LOC128115878",0.09737327585732
"Dok5",0.0973718342441935
"Hsfx4",0.0973572449694772
"Birc7",0.0973352031670833
"LOC128109438",0.0972459129267654
"LOC128116474",0.0972018846841118
"Mybl2",0.0971743704150479
"LOC128114441",0.0970939618864623
"Calr3",0.0968874590631334
"LOC128112176",0.0968337630793977
"Slitrk2",0.0966318468048688
"H1-1",0.0965774855341155
"Gatad2a",0.0965593728861893
"Ntn3",0.0965029386103044
"LOC128106322",0.0964404323928028
"Pola2",0.0964209452078237
"Gabrr2",0.0963584778499535
"LOC128104420",0.0963320296213041
"LOC128124189",0.0962955726314291
"Crb1",0.0962737006756335
"Mrpl1",0.0960397971605673
"LOC128110905",0.0959072146957018
"LOC128111940",0.0958410406712656
"Klb",0.0957821653764146
"LOC128118542",0.0956696768985661
"Meiob",0.0955658290023148
"LOC128105582",0.0954596544250524
"LOC128096820",0.0954120385913107
"LOC128111371",0.0951095396775524
"LOC128122099",0.0950938500537906
"Aldoc",0.0949230432477667
"LOC128116461",0.0948169968549057
"Slc25a41",0.0946558853781021
"Rgs20",0.094570257612896
"Grid1",0.0945172323920448
"LOC128100824",0.09445569693345
"Gsdma",0.0944291178637371
"LOC128103571",0.0944220755668244
"Tdgf1",0.0943248537202293
"LOC128113231",0.0943077056411595
"LOC128114307",0.0942918542073257
"Stpg4",0.0942909389232397
"Nog",0.0942677235764896
"LOC128113757",0.0941651111363882
"Igsf9",0.0941502438745474
"Gcnt3",0.0939606853386924
"LOC128113355",0.0939245009613474
"Hhipl2",0.0939127001619965
"LOC128106982",0.0938337356432074
"LOC128107858",0.0936575655363554
"Abhd16b",0.0936090581928603
"LOC128112016",0.0935314874745024
"Tnfaip6",0.0935188920333837
"LOC128097688",0.0934649653807575
"Neu2",0.093296219897421
"Tas2r1",0.0932038735675239
"LOC128098103",0.0930857018507995
"LOC128123707",0.0930480070475244
"Best4",0.0929401356797048
"Asgr2",0.0928666279608727
"Amtn",0.0927736350009673
"LOC128113620",0.092734932406012
"LOC128124187",0.0926612600436388
"Bach2",0.0926286768637915
"Dgcr2",0.0926057234410191
"Kcp",0.0925713575186453
"Adgrf2",0.0924019092775964
"Ppfibp2",0.0923402564827709
"LOC128118239",0.0922209585514998
"Znf469",0.0921404848300335
"Cep295nl",0.0920905253501775
"Hrh4",0.0920746685800015
"Rxfp3",0.0920568996009384
"Tecta",0.0920553726549459
"LOC128108350",0.0918085364337728
"Rbm18",0.0917645385123596
"Tax1bp1",0.0917299307861354
"LOC128094940",0.0916821754628777
"LOC128123549",0.0916103581983826
"LOC128098821",0.0915840786813928
"Brinp1",0.0915729311717984
"Tas2r3",0.0915125420844859
"Smim10l2b",0.0915038847625444
"Pou3f1",0.0914455074466613
"LOC128114507",0.0914318533592468
"Dynlt2",0.0913128240741476
"LOC128120171",0.0911786846476917
"LOC128109416",0.0911588992173007
"LOC128103463",0.0911098015368178
"Cth",0.0910711163479513
"LOC128103794",0.0909795189474959
"Lrrc63",0.0908731896534254
"LOC128121597",0.0908276947712145
"LOC128094328",0.0905871680637114
"Vmo1",0.0905299094697039
"Tmprss3",0.0904923397561899
"Kcne5",0.0903841180561062
"Mlip",0.0903728622484224
"Pitx1",0.0903520025084246
"LOC128104842",0.0903222894121686
"Cdhr2",0.0902853393038221
"CUNH1orf146",0.0902420469758065
"Phf24",0.0902257096900721
"Npm2",0.0901865283579142
"LOC128107939",0.0901789915144946
"Spryd3",0.0901203497435999
"LOC128104112",0.0900878217305492
"Phox2a",0.0900560922612006
"LOC128105730",0.0900242994778776
"LOC128124458",0.0900022677581615
"LOC128116102",0.0899513292265084
"LOC128113209",0.0898929903074602
"LOC128100717",0.0898332111714753
"Fndc5",0.0897286411316115
"LOC128125023",0.0897206835807412
"LOC128098353",0.0897202564205177
"Cdh10",0.0897161963113168
"LOC128125483",0.0896873446327947
"Kbtbd12",0.0896653849623163
"Diras1",0.0896640498791024
"LOC128122223",0.0896630477233307
"Lim2",0.0896264458751746
"Rec8",0.0895820128177778
"LOC128102031",0.089540140716816
"LOC128111020",0.0895385228059219
"Spaca3",0.0893003411035554
"LOC128098801",0.0892894728456533
"Garin5a",0.0891700678854343
"Hipk4",0.0891393159193085
"LOC128094079",0.0888866701285613
"Ankrd40cl",0.0888505584261244
"LOC128099763",0.0888402598188887
"Phf21b",0.0886974016501823
"Hcn3",0.0886516985650484
"Il17a",0.0885976028435532
"LOC128095560",0.0885615036105019
"Synpr",0.0885232559870176
"Syce3",0.088505833146274
"Nlrp2",0.0884182331343813
"Psmb11",0.0884156643679856
"LOC128115992",0.0883773050075591
"Mip",0.0883339014518539
"Defb124",0.088198365762271
"LOC128123548",0.0881929723063296
"Cdc6",0.0881807627020353
"LOC128117090",0.0881230304124972
"LOC128118084",0.0880386765970029
"LOC128097861",0.0880313528977659
"LOC128106373",0.088008606746338
"LOC128115103",0.0879667691830822
"LOC128108268",0.0878365792568888
"LOC128118218",0.0876787660424527
"LOC128107662",0.0876385953942203
"Itih6",0.0874606424808157
"LOC128121406",0.0874539745503046
"LOC128102198",0.0873939949334656
"CUNH7orf31",0.087366781938203
"Ercc6l",0.0872718879525072
"Efcab3",0.0872668016538017
"Rnf207",0.0872619575841621
"Aadac",0.087218183242234
"F2rl2",0.0869681431021627
"CUNH1orf127",0.0869539954749779
"LOC128102465",0.0869328794465467
"LOC128100444",0.0868419189197753
"LOC128118023",0.0866076613214445
"LOC128120200",0.0861842565803733
"Palb2",0.0859562396455891
"LOC128113965",0.0859293154489096
"LOC128119962",0.085851016022234
"LOC128111358",0.0858391204857362
"LOC128117133",0.0857359988166361
"LOC128101185",0.085700495148584
"LOC128105792",0.085637418577847
"Adra2b",0.0855455838033001
"LOC128094612",0.0854836020033165
"LOC128111811",0.0853556874036903
"LOC128094110",0.0853056974056232
"LOC128096943",0.0853052801085039
"Tprg1",0.0852502412888328
"Gckr",0.0851789749072946
"LOC128097304",0.0850363890935777
"Sapcd2",0.0850301019274792
"LOC128111133",0.0848756856894436
"LOC128110887",0.0848751081965567
"LOC128123832",0.0847730112093973
"LOC128117321",0.0847172917193602
"LOC128099112",0.0846836354032136
"Tmem236",0.0844665096298624
"LOC128115144",0.0844044535110918
"LOC128118483",0.0843017704187495
"LOC128115408",0.0843008579210106
"LOC128103848",0.0842437747375399
"LOC128118045",0.0841870104450216
"LOC128123571",0.0841199695657817
"LOC128099643",0.0840757464552077
"Ptx3",0.0839875173621035
"LOC128117692",0.0839697389590986
"Atp6v1e2",0.0839249011892782
"LOC128113634",0.0838794502557422
"Kdm4d",0.0838649204393419
"LOC128123573",0.0838378226748614
"LOC128096033",0.0836946601467582
"LOC128099671",0.0834720563639883
"Pou3f4",0.0834692886126484
"LOC128117605",0.0834387157689616
"LOC128123563",0.0833453985814258
"LOC128104196",0.0833002362368506
"LOC128118292",0.0831272449014161
"LOC128096462",0.0830810073648992
"Sertm2",0.0830332742698639
"Cwh43",0.0829702774669825
"LOC128110543",0.0829621059333289
"Scn8a",0.0829479041794789
"LOC128120017",0.0829238976880695
"Tigd3",0.0828220662087952
"Hepacam2",0.0824240548817624
"LOC128109509",0.0824150085773464
"LOC128121207",0.0820597079200044
"Anxa9",0.0817616009586846
"LOC128117791",0.0817433890016289
"Diras2",0.0817378056006338
"LOC128103098",0.0816153670455107
"LOC128112494",0.0815142284553749
"Foxa3",0.0814410959246141
"Slc6a19",0.0814054671864978
"Syt17",0.0814029877652624
"Pimreg",0.0813336672651186
"CUNH16orf90",0.0813013773671824
"Dlk1",0.0812152726004621
"LOC128125493",0.0811822633993612
"Spp2",0.0810972125332026
"Spata22",0.0810710811537155
"Mansc4",0.0810205458077678
"Trpc4",0.080991706470241
"LOC128112785",0.0809760550607219
"Eps8l3",0.0809715637870932
"LOC128095014",0.0809396208742062
"LOC128123250",0.080875015437524
"LOC128103088",0.080835453174663
"LOC128113153",0.0808345208024042
"LOC128125112",0.0807439352358093
"Faim2",0.0806142052649399
"LOC128102624",0.080494410704142
"LOC128108191",0.0803174373139624
"Slc38a3",0.0802381486645936
"LOC128122438",0.0802356906128592
"LOC128106168",0.0801719815627698
"LOC128111750",0.0801184848169175
"LOC128125460",0.0800417331522088
"Creb3l3",0.0799850898695353
"Casp14",0.079920546026069
"Tbx19",0.0798593150568615
"Trnap-agg",0.0797755381909414
"LOC128119851",0.0796331636820288
"LOC128095616",0.0795128550556292
"Hdc",0.0794812174036692
"Has1",0.0794618222339687
"LOC128095465",0.0794398108188809
"LOC128114369",0.0792423973999165
"LOC128114853",0.079174545881208
"LOC128123914",0.0791120038834974
"Stoml3",0.0791087873715432
"Crnn",0.0788886013799857
"LOC128105234",0.0788390815963275
"LOC128124410",0.0787218541439053
"LOC128107938",0.0785575730158492
"Gcg",0.0785536538583251
"Piwil1",0.0785493070158137
"LOC128108554",0.0784749896050252
"Pla2g2f",0.0781926158300089
"Pou2af2",0.0781552610973982
"Tbx15",0.0778178564883607
"Grhl3",0.0777736157552168
"Tmem145",0.0777323672914162
"LOC128099040",0.0777059775246306
"Neu3",0.0776857443467345
"LOC128095083",0.0776668013653624
"LOC128096163",0.0776161529154271
"Sstr2",0.0776046828453481
"LOC128122080",0.0775101435338196
"Ephx4",0.0774968585810581
"LOC128102955",0.0774460658920778
"Tomt",0.0774430666263543
"Angptl5",0.0772927230878386
"LOC128104728",0.0772694885332191
"Inka1",0.0772455787105364
"LOC128108473",0.0771523221106268
"Tstd3",0.0770757040651493
"Lrrc73",0.0770294463816898
"LOC128120272",0.0768304696906016
"LOC128096354",0.0768231710833807
"LOC128096449",0.0766749095481016
"Ankdd1a",0.0766707032595276
"LOC128108780",0.0765749079406691
"LOC128111772",0.0765503627490844
"Sult2b1",0.0765200880290229
"LOC128117125",0.0765032269977621
"LOC128111984",0.0764906611130507
"Sugct",0.0764690203293272
"Slc36a2",0.0764468771908808
"LOC128094760",0.0764160275775499
"Hsf5",0.0764088181356438
"Hdx",0.0763593606817137
"LOC128098321",0.0763566824007255
"LOC128101504",0.0763420330478295
"Nfe2l2",0.0763030456279518
"LOC128125085",0.0762706193888386
"Ppp1r3a",0.0762390284048043
"Galp",0.0762024163036148
"Gdf6",0.0760285554257379
"LOC128103114",0.0760061959194013
"LOC128112896",0.0760008777421473
"LOC128114193",0.075993040266169
"LOC128120595",0.075954310407712
"LOC128117730",0.0759503353941738
"LOC128112194",0.075946297048766
"LOC128108257",0.0758943814706856
"LOC128118788",0.0758803447389581
"Insrr",0.0757155779707638
"Mesp1",0.0756822357995854
"LOC128112726",0.0756551063549784
"Paqr5",0.0755797375170799
"LOC128125305",0.0755738404217675
"LOC128118679",0.0755319366692116
"LOC128114220",0.075519649438555
"LOC128112466",0.0753233377251386
"LOC128117838",0.0753215166300774
"LOC128106927",0.0753051027920712
"Cpa5",0.0751871089826388
"Lrrc10",0.0751430935998087
"LOC128100204",0.0748504335418764
"Rap2b",0.0748376884267905
"B3galt2",0.0748150485512019
"LOC128102210",0.0747268186864163
"Stx1b",0.0747210265404623
"LOC128118919",0.0746779479811953
"LOC128099029",0.0746259153083732
"LOC128099843",0.0745703283220255
"LOC128123519",0.0745670011548329
"LOC128112172",0.0744992990846959
"Slfnl1",0.0743603812613347
"LOC128107090",0.0743185967350791
"LOC128100658",0.0743076474848736
"Ints15",0.0742404131765947
"Noxa1",0.0742177710635763
"LOC128112730",0.0741594803496007
"LOC128118544",0.074094677094784
"LOC128103697",0.0740862766688218
"LOC128099902",0.0739718690100346
"LOC128105746",0.0738701373146898
"Krt23",0.0738674905929697
"Nell2",0.0738302279534714
"Glp1r",0.0737556932752031
"LOC128120910",0.0737442573572906
"LOC128100751",0.0736630039538549
"LOC128094248",0.0736421104903935
"LOC128098244",0.0735870264419499
"LOC128117623",0.0735500259690767
"CUNH17orf67",0.0733028524728894
"LOC128114224",0.0732478790962384
"LOC128111382",0.0731128284626634
"LOC128107869",0.0730685306104575
"LOC128100098",0.0730625476747861
"Serpina6",0.0729619778935722
"LOC128111800",0.072961805787029
"Trnag-gcc",0.0729482379794052
"LOC128099251",0.0729076418332422
"LOC128112430",0.072813942621445
"LOC128123779",0.0726384052824186
"LOC128114803",0.0726063613833788
"LOC128095735",0.0725678354208762
"LOC128108886",0.072511483084334
"Hrob",0.0725069291415706
"Gcsam",0.0724916783391818
"LOC128108604",0.0724790845100051
"LOC128103349",0.0724722063047662
"Asah2",0.0724652866625837
"LOC128095209",0.0724129470222782
"LOC128104845",0.0723218392606704
"Mag",0.0723122403710257
"LOC128109478",0.0721914335181063
"Acsbg1",0.0721031221514774
"LOC128110370",0.0720889463907458
"LOC128118298",0.0719905152177984
"Tmem72",0.0719591500389738
"LOC128102289",0.0719273954342155
"LOC128098751",0.0719200565511148
"LOC128097249",0.0718960187513685
"LOC128107203",0.0718426283889443
"Cxcr3",0.0717684707404156
"Kcns1",0.0715440892113963
"LOC128119372",0.0714997148425085
"LOC128120092",0.0714573425737212
"Adra2c",0.0714302027380268
"Fam240a",0.0714172708749592
"Agtr2",0.071409557242203
"LOC128102122",0.0713284694163307
"Nme8",0.0712932136934222
"LOC128109243",0.0712248072330432
"Pbld",0.0711921574831985
"LOC128118509",0.0711185021338529
"LOC128107629",0.0711032620536925
"Sp6",0.0710654019276599
"LOC128105929",0.0709069943827065
"LOC128122208",0.0707776614292639
"CUNH19orf67",0.0707634881421045
"LOC128110511",0.0706858719700761
"Nyap2",0.070665466754024
"LOC128118300",0.0706612207227652
"Cdh7",0.0705830501724912
"LOC128103272",0.0705829006096343
"LOC128119750",0.0705224896768385
"LOC128115800",0.0705126168960051
"LOC128107945",0.0705104250830339
"Stac",0.0704944999892051
"LOC128109913",0.0704454831364335
"LOC128117238",0.0704395007929488
"LOC128112152",0.0704315444355719
"Znf581",0.0703435784831619
"LOC128112449",0.0703430440355783
"LOC128117416",0.0702642582817233
"LOC128123091",0.070261299164379
"LOC128118535",0.0702247838698397
"LOC128108510",0.0701262244751292
"Triqk",0.0700256894831605
"Pabpc1l2b",0.0700178354423009
"Ereg",0.0699222587097817
"Xylb",0.069861663419588
"LOC128109601",0.0698564374233017
"LOC128118157",0.069835630495506
"LOC128095954",0.0697989568940138
"LOC128110007",0.0697376922985525
"LOC128103843",0.0697033826814944
"LOC128102192",0.0696915242207459
"LOC128113354",0.069661381754066
"Impg2",0.0696554489244082
"Aloxe3",0.069647855586919
"Bpi",0.0696089770605572
"LOC128116596",0.0695502174784664
"LOC128107082",0.069436128632929
"LOC128101894",0.0693731493030437
"LOC128094191",0.069292683877233
"LOC128116643",0.069212367257539
"LOC128110523",0.0691890252503189
"LOC128125334",0.0691740548208913
"LOC128120494",0.0691223085139346
"Zdhhc4",0.0690880717017956
"LOC128125358",0.0690704481548736
"Bco1",0.0690380772679804
"LOC128094756",0.0690333425031177
"Prnd",0.0689002165488193
"Vpreb3",0.0688708086983637
"Adcy8",0.0687783718998705
"LOC128109182",0.0687190544231867
"LOC128117731",0.068667876266564
"Gjb3",0.0684172640574206
"LOC128108030",0.0683389080717283
"LOC128096858",0.0682848561164528
"LOC128121377",0.0682389544075854
"Gpr17",0.0682058186163736
"LOC128098752",0.0681501546678592
"LOC128113365",0.0680123311461344
"LOC128102727",0.067974896976123
"Srrm2",0.0678893188880459
"Trim58",0.0678044135068232
"Ctnnd1",0.0677905885170537
"Adcyap1",0.0677873922430054
"LOC128119887",0.0677150321256921
"Lrrc15",0.0676948479090808
"Gnat2",0.0676252232469015
"Prlh",0.0676231841940652
"LOC128118415",0.0675086033971252
"LOC128108988",0.0675016395249973
"LOC128111118",0.06749474897991
"Capn13",0.0674780671717156
"LOC128115086",0.0673621212791384
"LOC128101124",0.0673249708051502
"LOC128099461",0.0672453042742704
"LOC128095871",0.0672198149325052
"LOC128103630",0.0671884481536527
"LOC128105046",0.0671723728719708
"LOC128100775",0.0671505328257447
"LOC128122453",0.0671392558805315
"Lypd5",0.0671370978178905
"Topaz1",0.067048174529386
"B3gnt5",0.0669599559682083
"Rnf224",0.0669401076663438
"LOC128114138",0.0669253131787963
"LOC128102751",0.0669226011838885
"LOC128118281",0.0669196561705737
"Vstm5",0.0668864636102433
"LOC128095385",0.0668321874336268
"CUNHXorf58",0.0668233286030919
"LOC128099786",0.0667646546807094
"Xirp2",0.0667019729524687
"LOC128107816",0.0667012362994378
"Lrrc3b",0.0666622876473173
"Mmp1",0.0666491042807399
"LOC128100418",0.0663949952457595
"Kcnq3",0.0663703053892032
"LOC128095659",0.0663026392871679
"Glb1l3",0.0662899766167109
"LOC128123802",0.0662188748516873
"Hapln4",0.0661973489836482
"LOC128121150",0.0661841267612492
"Tnfrsf9",0.0660726737991742
"LOC128115348",0.0660420965021489
"Shcbp1l",0.0660068737630969
"LOC128096016",0.0659211342738207
"Hnrnpa3",0.0659000869334052
"LOC128123409",0.0658009458023863
"LOC128106946",0.0657948691639206
"LOC128102890",0.0657946976535752
"LOC128099333",0.0657582595956327
"LOC128106901",0.0656608728318715
"Zdhhc19",0.0656198126953883
"LOC128121584",0.0655684831786282
"LOC128093889",0.0655125034810771
"Tex22",0.0653191665605194
"LOC128099770",0.0652151731077843
"LOC128116058",0.0651971849781821
"LOC128113116",0.0651960928330133
"Pou4f1",0.0650987778188838
"Add2",0.0650676973490882
"LOC128106291",0.0650063413956859
"LOC128115967",0.0649930362957404
"Pnma1",0.0649347934600255
"LOC128107532",0.0648960450552908
"LOC128095846",0.0648582922060648
"LOC128106804",0.064771857216891
"LOC128117301",0.0647678903535308
"Gpr143",0.0647480139866334
"CUNH19orf18",0.0647347738141451
"Gpr88",0.0647073038173172
"Gpr176",0.0646433739044772
"Smco2",0.0645827049717076
"B3gat1",0.064486985194201
"LOC128115185",0.0644010543279169
"Plk5",0.064308409270053
"LOC128106352",0.0639778666510952
"Pvalb",0.0637716567759706
"Fbll1",0.0637471931923098
"L3mbtl1",0.0636187557855203
"LOC128099768",0.0635135556229603
"LOC128108322",0.0634989986042554
"LOC128109809",0.0634646301883043
"Lhx5",0.0634333507639575
"LOC128095569",0.0634200113049019
"LOC128097071",0.0634092055230947
"LOC128107410",0.0633599677108607
"Spink13",0.0633508853134215
"Rbpjl",0.0632920675113979
"LOC128098818",0.0632806270840406
"LOC128095009",0.0632453566560643
"Ermap",0.0631135108137824
"LOC128118174",0.0630024699972086
"Zg16",0.0630023312817881
"LOC128120353",0.0629831255820666
"LOC128113384",0.0629243729465748
"LOC128106928",0.0629230711977136
"LOC128113278",0.0629112193102415
"LOC128111087",0.0628798620012705
"LOC128121692",0.0627801255635088
"LOC128101917",0.0627764580789022
"LOC128097241",0.0627333407208784
"LOC128105136",0.0627099521743578
"Trnav-aac",0.0627098641397174
"LOC128117234",0.0626438434799236
"LOC128107057",0.0626397468324212
"LOC128118169",0.0626017349566418
"Pcdh8",0.0625639328297666
"Znf74",0.0625292590933804
"Spsb4",0.0625012085384122
"LOC128102264",0.06243521117585
"LOC128117215",0.0624306422986259
"LOC128102617",0.0624248214205531
"LOC128118930",0.0624245274348555
"Cdh12",0.0624016931424235
"LOC128112605",0.0623969069531578
"G6pc2",0.0623895601059602
"Cbx5",0.0622938473703784
"LOC128112534",0.0622854388174471
"LOC128117466",0.0622383457027054
"LOC128122323",0.0621580900544957
"LOC128116763",0.0620351509972049
"LOC128112646",0.0620057701813773
"Flg",0.0619992047612208
"Pck1",0.0618555105006486
"LOC128116062",0.061793932627675
"Lbhd2",0.061748145046152
"LOC128098275",0.0617401485995846
"Rtl9",0.0617353280176104
"Rab9b",0.0617277233881662
"Trim50",0.0617260552022672
"LOC128120658",0.0617185867377385
"Plppr5",0.0617181343343126
"LOC128118297",0.0617159600670861
"Depdc4",0.0616921192162372
"LOC128107489",0.0615936055005217
"LOC128122603",0.0615698830430409
"LOC128123023",0.061537242023631
"LOC128096885",0.0614919326919882
"LOC128122963",0.0614704515161846
"LOC128100378",0.0613687124442993
"Sema5b",0.0613451584088434
"Dnase2b",0.0613181798745971
"LOC128108244",0.0612990018295368
"LOC128122536",0.0612588887588565
"Map7d2",0.0611090582825168
"Cpvl",0.0610803087680856
"Cldn9",0.0610751871642902
"Olig1",0.0608911578835622
"LOC128105510",0.0607628353788632
"Cpo",0.0607603137799343
"LOC128102490",0.0607206927631041
"Kiaa1549l",0.0605848773169761
"LOC128121149",0.0605516203655115
"LOC128115401",0.060460277047761
"Fam43b",0.06040352598642
"Cep44",0.0603011084754257
"LOC128113267",0.0603010994143815
"LOC128102441",0.0602834392392925
"LOC128124772",0.0602749572604131
"LOC128109123",0.0602696126111219
"Ntng1",0.060198602066655
"LOC128118175",0.060186600284377
"LOC128095101",0.0601805256493355
"Tnn",0.0600521978880429
"Mrrf",0.0599681923662001
"LOC128108323",0.0598421635998219
"LOC128111106",0.0597907262428717
"Scgb2a2",0.0597556286496355
"Rnase9",0.0597416446706388
"LOC128102874",0.0596968862100482
"Sstr3",0.0596760798502675
"LOC128114184",0.0596215652926286
"Bhlha15",0.0595455497025066
"Usp51",0.0595449291648767
"Sbsn",0.059527310422664
"LOC128101558",0.059509002388245
"LOC128110401",0.0594883580612818
"LOC128110187",0.0594401322840397
"LOC128113348",0.0594168099982914
"LOC128107290",0.0594138063963514
"Nppb",0.0594020292610983
"LOC128106419",0.059315588580811
"Erich6",0.0591933939693386
"LOC128107275",0.0591755163551928
"Aspg",0.0591709639503001
"LOC128099835",0.0590972413252269
"Lyg1",0.0590500517822736
"LOC128117021",0.0589528165364295
"Tmem235",0.0588824695813059
"LOC128101620",0.058820321717884
"Il13",0.0587942879290219
"LOC128125528",0.0587671301477149
"Hspb9",0.0587608761564784
"Ptpn5",0.0586423876774704
"CUNH13orf42",0.0585674643098874
"LOC128122050",0.0585124906091076
"LOC128111569",0.0585011322300679
"Defb128",0.0584717569552479
"LOC128093953",0.0584209173828663
"LOC128106566",0.058382393382908
"Trnar-ccg",0.0583819224235905
"Rem2",0.058360635620982
"LOC128101207",0.0583435292407782
"LOC128116001",0.0583303894270841
"LOC128111356",0.0583290149912414
"LOC128112476",0.0583138454033424
"LOC128113815",0.0583084081986945
"LOC128114217",0.0582862546973815
"LOC128106078",0.0582385200219981
"LOC128096300",0.0582362425723032
"LOC128109794",0.057999225794434
"LOC128112720",0.0579789826580264
"Cldn6",0.0579438804010351
"LOC128121186",0.0578622245070722
"Dntt",0.0577150175250414
"LOC128120538",0.05764787695769
"LOC128101701",0.0576158534588172
"Ifng",0.0576017073117863
"LOC128098098",0.0573944425691474
"LOC128098720",0.0572852846009509
"Mlc1",0.057277375173116
"LOC128113723",0.0571749756945608
"Mat1a",0.0571518448331262
"LOC128113872",0.0571421183200617
"Mc3r",0.0569934697428781
"LOC128112403",0.0569567190876628
"LOC128113401",0.0567546593558775
"LOC128118561",0.0567235762197425
"Upk1a",0.0567197364748052
"Ca7",0.0567118562888823
"Fbn3",0.0564724792858536
"LOC128116404",0.0563955820050763
"LOC128115786",0.0563951826126735
"Abra",0.0563906890515558
"LOC128098408",0.0563758450419794
"LOC128104078",0.0562700047975219
"Gpr25",0.0562698743358022
"LOC128114156",0.0562251668362469
"LOC128114536",0.0562111790676206
"LOC128106446",0.0562026486089896
"LOC128095153",0.0561626161066128
"LOC128098942",0.0560078834100216
"LOC128111965",0.0559983632982939
"LOC128111668",0.0559183839061657
"LOC128116148",0.0558501594325437
"Kcnc2",0.0557969516386677
"Tmem270",0.0557125684086495
"LOC128108936",0.055645575683085
"LOC128123699",0.0556340891444339
"LOC128109446",0.0555655018925569
"LOC128115570",0.0555461785380152
"LOC128112038",0.0555011943329705
"Crybb2",0.0554734074888319
"LOC128122382",0.0554436446853046
"LOC128105311",0.0553506529721303
"Nr5a2",0.0553362254912436
"LOC128124756",0.0553348300222414
"LOC128094007",0.0552681105249161
"CUNH16orf74",0.0552058519154972
"LOC128115275",0.0551665331954506
"LOC128118262",0.0550892813752742
"Neil3",0.0550381521834767
"LOC128110578",0.0550109066911056
"LOC128110450",0.0549870262802828
"LOC128107066",0.0549633142686315
"LOC128097598",0.0549364131448539
"Nrip2",0.0547992484164153
"LOC128114428",0.0547273152075933
"Acbd7",0.0545705567663395
"LOC128115747",0.0545314467774919
"CUNH20orf204",0.0544915520456806
"LOC128111259",0.054472047317833
"LOC128101963",0.054357312291559
"LOC128099688",0.0543477326258189
"Ntmt2",0.0542618975035039
"LOC128122833",0.0541035801873186
"LOC128122020",0.0540750206624365
"LOC128105751",0.0539944743830652
"Gjb5",0.0538315485617562
"Rnf212b",0.0536793470912465
"LOC128107578",0.0536447778768522
"Shank1",0.0536118010185392
"LOC128096134",0.0535466201022531
"Ifne",0.0535125208986729
"LOC128111158",0.0535105212558878
"Ascl4",0.0535093737396894
"Trim10",0.0534931702686912
"LOC128106821",0.0534823044627497
"LOC128111205",0.0534343321126304
"LOC128113523",0.0534023873767043
"LOC128108233",0.0533805714526561
"Gpr15lg",0.0533507606150701
"Dcst1",0.0533349458294055
"Cdh20",0.0533043934302637
"Cpne5",0.0532938561042369
"LOC128104256",0.0532431674988617
"LOC128098100",0.0532255209752419
"LOC128102248",0.0531287609358105
"Neb",0.0530880401987367
"Krt79",0.0530819796426777
"Colec10",0.0530791686868373
"LOC128100949",0.0530590049510942
"Ankrd22",0.0528790369855601
"LOC128119465",0.0528466334253077
"LOC128110565",0.0527784727301192
"LOC128108757",0.052751891937461
"Mei1",0.0527393114063324
"LOC128104296",0.052690845274193
"Slc38a11",0.0526368359415369
"Traip",0.0525533094980749
"LOC128102450",0.0524539525617748
"Rtn4rl2",0.0523477999228277
"Fam180a",0.0522957131117419
"Padi3",0.0522923316951767
"LOC128100970",0.0521767468246029
"LOC128101361",0.0521289737527328
"Tdrd9",0.0520824911385027
"LOC128112589",0.0520615337909592
"LOC128100333",0.0520529377842257
"Hes5",0.052003135607921
"LOC128121157",0.0519713287867134
"LOC128108242",0.051954330912501
"LOC128103561",0.0519319484115525
"LOC128116207",0.0518809293135252
"LOC128124100",0.0517426497552271
"LOC128098864",0.0517369753418001
"LOC128104294",0.0517036024922022
"LOC128116956",0.0516536627120941
"LOC128117247",0.0516142748164346
"Ptprt",0.0515801316952015
"Xirp1",0.0515610495610545
"LOC128117429",0.0515574607506922
"LOC128105344",0.0514845696108164
"LOC128113594",0.0514579588539167
"LOC128103132",0.0513718931956615
"LOC128114864",0.0513665640781862
"LOC128123620",0.0512841925694333
"LOC128117775",0.0512834316703134
"Slc34a3",0.0512818604520546
"LOC128103131",0.0512759960002925
"LOC128122516",0.0512582266825269
"Sct",0.0512484436566401
"LOC128120879",0.0512402060437236
"Amph",0.0512324245149528
"LOC128108986",0.0511961565498127
"Foxg1",0.0510160086134201
"Trim69",0.0510076445850685
"Syt14",0.0509581002402598
"LOC128096538",0.0509146163178247
"LOC128108033",0.0507741113648939
"LOC128099938",0.0504838035527466
"LOC128093887",0.0504341537474733
"LOC128118212",0.0504044563832113
"LOC128122778",0.0503340044684438
"LOC128113236",0.0502603217911024
"Tkfc",0.0502315129337907
"LOC128123610",0.0501927898359465
"Tmem52b",0.050114443853033
"LOC128098417",0.050077671800041
"Ddn",0.0500755326733021
"LOC128108777",0.0500589206870901
"LOC128121152",0.0499595561400274
"LOC128106943",0.0499522728543327
"LOC128125501",0.0499463910099159
"LOC128097627",0.0498691956016661
"LOC128120801",0.0498497752040827
"LOC128107965",0.0498479971162306
"LOC128112727",0.0498471810977032
"LOC128101617",0.0498168098155184
"Msx1",0.0498128894825809
"LOC128106947",0.049742645805798
"Theg",0.0496805832058102
"LOC128098916",0.0496354687961666
"LOC128120573",0.0495598789143895
"LOC128103604",0.0495340200890704
"Fgb",0.0495235393695848
"Dlgap3",0.0494393279901581
"Dleu7",0.0494194744789551
"LOC128116176",0.0493167390761561
"Pmch",0.0493096015100716
"LOC128111988",0.0493058271059248
"LOC128116264",0.0493032158058824
"Npas1",0.0493020613244119
"Pou6f2",0.049170850723959
"LOC128105697",0.0490890328307661
"LOC128095063",0.0490716888246052
"LOC128104681",0.04905939708116
"LOC128107845",0.0490087658398844
"LOC128120793",0.0489556227390788
"Cmklr2",0.0489383569604179
"Slc6a17",0.0489171169100142
"LOC128099489",0.048908365062996
"LOC128113486",0.048826981550867
"LOC128115623",0.0488144829103165
"LOC128115614",0.04876949302997
"LOC128096960",0.048734995005571
"LOC128112268",0.0487059453766877
"LOC128121801",0.0486340249450242
"Aqp10",0.0485848037667108
"Crybb1",0.048538513155347
"LOC128115151",0.0485103126765924
"Otx1",0.0484939334868874
"LOC128107798",0.0484679086390404
"Tmem74",0.0484121551240287
"LOC128125407",0.0483218630518102
"LOC128102908",0.048276640824975
"Cabp4",0.0481821373617948
"Sim2",0.0481664490952825
"Smc1b",0.0480633701070878
"Pkd1l3",0.0480561209652743
"LOC128103956",0.0480085164415275
"LOC128123491",0.0479568054613043
"LOC128108393",0.0479285616239747
"LOC128116793",0.047923533499474
"LOC128125609",0.0478784295109174
"LOC128103102",0.0478139887318482
"LOC128106199",0.04780806159803
"LOC128120313",0.0478043311691921
"LOC128118245",0.0477144934938839
"Slc36a3",0.0477041173627811
"LOC128125618",0.0476939768413423
"LOC128120581",0.0476697004111771
"Cntf",0.0476549285864845
"Pla2g12b",0.047650758134278
"Tex43",0.0476242437959206
"LOC128120587",0.0476183135869138
"Pou5f2",0.0475957661803736
"Pif1",0.0475937627814872
"Hpca",0.0475900242790136
"LOC128106739",0.0475881455348223
"LOC128107440",0.0475660295323606
"LOC128094669",0.0475361601707159
"Spesp1",0.0475269539362801
"Kcnv2",0.0474076754823214
"LOC128102611",0.0473875452247354
"LOC128110163",0.0473574398700447
"LOC128102734",0.0473538434896813
"LOC128106676",0.0473468073572549
"LOC128095707",0.0472400268620857
"LOC128122946",0.047235160755704
"LOC128106701",0.0472233919466756
"LOC128114800",0.047205449144485
"LOC128116257",0.0471891253698938
"LOC128122665",0.0471234344248446
"LOC128107887",0.0470802409120332
"LOC128123257",0.0470244126205078
"LOC128120787",0.0469075565274788
"LOC128107605",0.0468844686027429
"LOC128125101",0.0468514074110193
"LOC128125060",0.046837964454387
"LOC128116522",0.0468060779261315
"Pthlh",0.0468008204492346
"LOC128115476",0.0467797144364932
"LOC128110674",0.0467032024224736
"LOC128119983",0.0466947351792076
"Capn6",0.0466672322858912
"LOC128103268",0.0466452849413358
"C8a",0.0465073240462879
"Ifnk",0.0464990359036779
"LOC128094987",0.0463321895116819
"LOC128124532",0.0463075574313206
"LOC128119122",0.046302699444292
"LOC128117847",0.0462698628320804
"LOC128105270",0.0462694784094329
"LOC128109968",0.0462170014728201
"LOC128099541",0.0462088596070295
"LOC128096839",0.0462080258996207
"LOC128115177",0.0461160158082282
"LOC128116905",0.0460279142193454
"LOC128113157",0.0460025648593438
"LOC128095186",0.0459732746638658
"LOC128099776",0.0458664082953568
"LOC128115832",0.04575757039186
"LOC128094643",0.0456975349611413
"LOC128110775",0.0456747913338754
"LOC128123321",0.0456723772001242
"Dpy19l2",0.0456641934947501
"Astn1",0.0456640256783689
"LOC128110402",0.0456212557401598
"Siglec15",0.0455732894689135
"LOC128108111",0.0455493965340087
"LOC128113149",0.0455493965340087
"LOC128105871",0.0454723369350261
"LOC128111429",0.0453891132380825
"St8sia6",0.0453583285579152
"LOC128112044",0.0453527786025313
"LOC128117061",0.0453469142603058
"LOC128117500",0.0453063264325779
"LOC128120399",0.0452447233122072
"Izumo1",0.0451906992778595
"LOC128098980",0.0451771910331985
"Thap8",0.0451688730927966
"LOC128112281",0.04516246511771
"Cort",0.0451052425328681
"LOC128106944",0.0450918109442624
"LOC128098991",0.0450054308504454
"Muc15",0.0450040701276094
"Klk4",0.0449538154201954
"LOC128119016",0.0448959808498456
"LOC128115011",0.0448889985233733
"LOC128124489",0.0448444891686838
"Otor",0.0448234585767564
"LOC128125084",0.044791993501596
"Serpina4",0.0447482205679422
"Fabp7",0.0447146545192278
"Ccr3",0.0447043955563527
"LOC128106172",0.0447034153044863
"LOC128119521",0.0446827426411685
"Stag3",0.0446550531013839
"Dlk2",0.0444814544324343
"LOC128121425",0.0444510826890933
"Tlx2",0.0444426481149899
"LOC128095856",0.0444382993546164
"LOC128116796",0.0443938276882543
"Adam11",0.044371198029424
"Fgf20",0.0443681199782294
"Rnf183",0.0443573175625051
"LOC128123090",0.0443298808142649
"Luzp2",0.0442834850887564
"LOC128099494",0.0442681873282192
"LOC128105893",0.044219845734743
"LOC128104494",0.0441517261820485
"Kremen2",0.0441103081648929
"Grpr",0.0441048881927975
"LOC128120638",0.0440869675064093
"Tmprss11a",0.0440092291878728
"LOC128112495",0.0439876853651232
"Spem3",0.0439328949361185
"Il11",0.0439153642539674
"Foxr2",0.0439140229434661
"LOC128107797",0.0439134352786694
"Gmnc",0.0438352892205579
"Slc15a1",0.0437791654237928
"Gabra3",0.0437595554594071
"Phox2b",0.0437193786581058
"LOC128107182",0.0436365505795005
"LOC128100188",0.0435765207855594
"LOC128095214",0.043541823327576
"LOC128123611",0.0435000036141459
"Mog",0.0434939315249745
"LOC128120046",0.0434634667437475
"LOC128117761",0.0433473064255725
"Pkhd1",0.0433194497701723
"LOC128123819",0.0433161490314757
"LOC128125022",0.0433048058721947
"LOC128106580",0.0432797118308907
"Mogat1",0.04327305008965
"LOC128097555",0.0432369261412382
"LOC128119621",0.0431768475426869
"LOC128102746",0.0431713358911284
"Cytl1",0.0431521304725811
"LOC128111850",0.0430959069577121
"LOC128109702",0.0430408402680538
"Lgi1",0.0429889913264373
"LOC128103104",0.0429445451746952
"LOC128116305",0.0429370570572486
"LOC128105352",0.0428949773954054
"LOC128109898",0.0428229391427586
"LOC128094497",0.0428165332527325
"LOC128117430",0.04281080436723
"LOC128115048",0.0427838295336033
"LOC128115061",0.0427124459469666
"LOC128099412",0.0426523720137813
"Hao1",0.0425993630784356
"Gpr26",0.0425383451753939
"Nrl",0.0425269624163819
"Asphd1",0.042517523333115
"Slc12a3",0.0424959393112373
"LOC128125269",0.0424791464038262
"Tmem130",0.0424211030531787
"LOC128104607",0.0424203819292199
"LOC128107946",0.0423755057985942
"Plekhs1",0.0423691823742017
"Them5",0.0423161762094884
"Pop4",0.0422881364545336
"LOC128096286",0.0422743151497528
"LOC128103837",0.0422672181481142
"LOC128121742",0.0422603358019418
"LOC128104902",0.0422567668298733
"LOC128109765",0.0422273811775415
"LOC128104005",0.0422129656763925
"Myl11",0.0421554836219048
"Mpc1l",0.042143956708911
"LOC128102926",0.0421212082585082
"Ccdc70",0.042017277752779
"Mcidas",0.0420063877928944
"Vax2",0.0419865517622566
"LOC128106941",0.0419233566583057
"LOC128110789",0.0419092164542859
"LOC128102256",0.0419071737011306
"LOC128098901",0.0418641587006518
"Espnl",0.0418505090556936
"LOC128121504",0.0418231703018324
"Nr1i2",0.0418104370808758
"Asz1",0.0417560811285084
"Trnap-ugg",0.0417098798790049
"Duoxa1",0.0417088693001286
"LOC128095024",0.0416926984438817
"LOC128121655",0.0416720951062993
"LOC128112506",0.0416645152605064
"LOC128118143",0.0416584785161246
"Pcdhb2",0.0416218171559436
"LOC128096516",0.0416064570183214
"LOC128101418",0.041595299286696
"Madcam1",0.0415851676814722
"Tex33",0.0415847820069292
"LOC128104860",0.0415774022269324
"LOC128110049",0.0415638191386148
"LOC128116303",0.0415080839536423
"Cnfn",0.041468867464564
"Hoxc6",0.0413623755752197
"LOC128117249",0.0413617570757435
"LOC128111090",0.0413530025394228
"Krt15",0.0413096971229497
"LOC128104295",0.041302314812442
"LOC128115649",0.0412819836722233
"Fndc11",0.0412755358693262
"Htr6",0.0412588700538695
"Slc30a8",0.0412479230884389
"LOC128094350",0.0412400852966252
"Nrsn1",0.0411888465577453
"Hgd",0.0411553932529706
"LOC128107758",0.0411150435143188
"LOC128094045",0.0411150137578935
"Fyb2",0.0410789342056918
"Tmc3",0.0409590607327229
"LOC128105614",0.0409583778895797
"Flg2",0.0409395357953907
"Otud6a",0.0409301813624731
"LOC128099265",0.0409301813624731
"LOC128114921",0.040927229156548
"LOC128102327",0.0409134421423976
"Sapcd1",0.0409069248771663
"Tmsb15b",0.0408547705012568
"LOC128115758",0.0408304976373044
"LOC128112667",0.0407747035688662
"LOC128099014",0.0407541097287499
"Prss56",0.040744511559752
"Ifnl1",0.0407230503532267
"Myl3",0.0406811699029472
"Fitm1",0.0406105710226725
"LOC128104209",0.0405004769937629
"LOC128108622",0.0404957684255476
"Nup98",0.0404946950408892
"LOC128119374",0.0404925187675711
"LOC128116068",0.0404697149725918
"LOC128118070",0.0404421535961147
"LOC128106976",0.0404023060380386
"Slc4a10",0.0403178191268646
"Neu4",0.0403132598912317
"LOC128114863",0.040311648035864
"S100a2",0.0403088658149886
"LOC128108516",0.0402866999163339
"LOC128106020",0.0402829031797639
"Adamts18",0.0402554421875214
"Chrna7",0.0402487475487124
"LOC128122849",0.0402204420720778
"LOC128124109",0.0401895837680571
"Myo7b",0.0401234186439899
"LOC128114896",0.0401169038415444
"LOC128098339",0.0400780234743367
"LOC128115198",0.0400416160976252
"LOC128115972",0.0400392454669698
"Nkx2-5",0.0400248022889665
"LOC128121887",0.0399875401738886
"LOC128117169",0.0399609920275732
"Nalcn",0.0399223517057703
"LOC128122776",0.0399067554608366
"LOC128113027",0.0398932702817844
"LOC128106489",0.0398806447426708
"LOC128111036",0.0397193730381956
"LOC128115830",0.0397135848021773
"Tcf24",0.039700462029498
"LOC128095873",0.0396875369479115
"LOC128115282",0.0396805605442165
"LOC128116217",0.0396771788904489
"LOC128117911",0.0396589467997405
"LOC128110424",0.0395754696133476
"LOC128100234",0.0394798554370866
"Mybpc1",0.039477605813834
"Slc22a14",0.0394034702408569
"CUNH11orf91",0.0393405448712251
"LOC128121050",0.0393398245348576
"Aqp9",0.0392880063743313
"LOC128114254",0.0392529548878503
"Shisa3",0.0392436076002799
"Ptprq",0.039197037147932
"LOC128116230",0.0391910834008421
"LOC128096574",0.0390814779741226
"LOC128109196",0.0390769519779574
"Gli1",0.0390206939714123
"Npffr1",0.0389764992075673
"LOC128124509",0.0389691489691676
"LOC128098853",0.0389617625291919
"Apoc3",0.0389617211104914
"LOC128118865",0.0389605250146108
"Ces5a",0.0389601292875694
"LOC128121618",0.0389477865740362
"Trim29",0.0389447409657883
"LOC128118289",0.0389300825132072
"LOC128119063",0.0389278464882802
"LOC128109518",0.0388951897109411
"LOC128120061",0.0388623194708326
"Clec12b",0.0388448001659848
"LOC128106938",0.0388296700414246
"LOC128101947",0.0388252236186972
"LOC128120284",0.0388206506299421
"LOC128106545",0.0388091893305159
"Tmem138",0.0387660432707373
"LOC128099628",0.038755619201627
"Oscar",0.0387400325404326
"Il12a",0.0387160287591196
"Gdf7",0.0386904341503221
"LOC128113585",0.0386812480586504
"LOC128099050",0.0386757990496211
"Kash5",0.0386641968706925
"Psma8",0.0386309764613626
"LOC128112171",0.0385873713453096
"LOC128114195",0.0385125865775275
"LOC128114625",0.0385061725385568
"LOC128099739",0.0384674655896708
"LOC128101064",0.0384260710673197
"LOC128101775",0.0383934904637453
"LOC128115991",0.0383710922227735
"LOC128122724",0.0383610053538437
"LOC128112208",0.0383258618874135
"LOC128102063",0.0383194075787653
"LOC128104830",0.0382682406217261
"LOC128112607",0.0382653377608977
"LOC128103004",0.0382648881720453
"LOC128103234",0.0382574028757816
"Prss21",0.0382521306787085
"LOC128118094",0.0381891881165089
"E2f7",0.0381576886971373
"LOC128118167",0.0381052265720079
"Znf892",0.0380906108776819
"LOC128097417",0.0380862665209155
"LOC128097823",0.0380198755553649
"Sncb",0.0379904654687595
"LOC128112731",0.0379879643989582
"Rimbp2",0.0379875234370769
"LOC128117291",0.0379707951678123
"LOC128105109",0.0378998130083158
"LOC128107019",0.0378909899991604
"LOC128121838",0.0378583863927387
"LOC128120890",0.0378566635809824
"Sall4",0.0378083460018734
"LOC128108266",0.0377729123228637
"Crhr1",0.0377553906301351
"LOC128122627",0.0377372963249318
"LOC128117310",0.0377200404569237
"LOC128109609",0.037700009699758
"LOC128102906",0.0376030395969207
"LOC128120010",0.0375742020541013
"LOC128109116",0.0375637456294385
"Cdh19",0.0375599524367089
"Trnat-ugu",0.0375486951076283
"LOC128123622",0.0375308142557727
"Rdh8",0.0375237977318978
"LOC128119457",0.0375006037154634
"Trpm8",0.0374741863033479
"LOC128098663",0.037473429768784
"Tectb",0.037445255617112
"LOC128111424",0.0374411679492934
"LOC128115256",0.0374332384968853
"LOC128111334",0.0373818567150203
"LOC128098937",0.0373000249614732
"LOC128094896",0.0372160966057861
"LOC128105865",0.0372149992100015
"Syce1",0.0371468897006317
"LOC128116720",0.0371459894401818
"Asip",0.0371339867143012
"LOC128113754",0.0371165795915372
"LOC128106538",0.0371148726674989
"Kcnj4",0.0370727846212171
"LOC128120894",0.0370388664959649
"LOC128105257",0.0370304173100492
"LOC128107411",0.0370034773919154
"Ptprj",0.0369945758887746
"LOC128108098",0.0369014236417608
"LOC128112597",0.0368875349481861
"Sh3gl3",0.0368452269250834
"LOC128103499",0.0368085563406552
"LOC128106923",0.0367823345333864
"LOC128104228",0.0367782517240952
"LOC128125506",0.0367662908727786
"LOC128117102",0.0367507194421481
"LOC128102159",0.036683680389644
"LOC128124851",0.0366713930546368
"LOC128113298",0.0366400880487156
"LOC128119379",0.0366307111552377
"Npy4r2",0.0366086727300255
"Fndc9",0.0365420397965702
"Rpa4",0.0365315385950743
"Hoxd11",0.0365307409424071
"LOC128099391",0.0364611180781876
"Otogl",0.0364597659790778
"LOC128120404",0.0364537839359507
"Tnmd",0.036411013336367
"Slc12a1",0.0363645269713524
"LOC128112533",0.0363410899659949
"Pcdhac1",0.0363340338059062
"LOC128121129",0.0363191518111183
"LOC128124380",0.0362995307503267
"LOC128114032",0.0362756571142275
"LOC128096997",0.0362608047446379
"Aldh3a1",0.0362239902080462
"LOC128112581",0.0362155983517615
"LOC128124998",0.036192281264661
"LOC128111002",0.0361737104909372
"LOC128094491",0.0361563396521794
"Kcnj9",0.0361442247214679
"LOC128119857",0.0361401809119314
"LOC128106918",0.0360476924139876
"LOC128099681",0.0360413707011793
"LOC128117778",0.0359824246161458
"LOC128096806",0.0359523517904276
"Cpz",0.0359419082187704
"LOC128101637",0.0358474506876083
"LOC128119155",0.0358052194152683
"Sdr9c7",0.0358022197322177
"Gprc5d",0.035762775964972
"LOC128118054",0.035744015127751
"LOC128111568",0.0357142337628946
"Dbx2",0.0357082731360839
"LOC128105739",0.035707815192655
"LOC128115159",0.0356878113221374
"LOC128123703",0.0356729003093549
"LOC128117251",0.0356437111174731
"Wee2",0.0356116610246263
"Hoxd9",0.0356015651323983
"Rgs16",0.0355661972867302
"LOC128094327",0.0355421626513594
"LOC128119400",0.0354766299351153
"LOC128120633",0.0354608040665171
"LOC128102754",0.035450939339663
"Hoxd1",0.0354438276514785
"LOC128116989",0.0354310982092669
"LOC128112991",0.0354005386965709
"LOC128106453",0.0353647178404857
"Ly6d",0.035364066844756
"Fam50b",0.035354642881698
"LOC128102028",0.0352911537834035
"LOC128105213",0.0352833816221503
"Foxi1",0.0352531318377573
"LOC128105061",0.0352490263522905
"Anks1b",0.0352457460496251
"Sp8",0.0351325270787918
"LOC128103112",0.0350815931749229
"LOC128107879",0.0350806311295036
"Baiap2l2",0.0350646461352283
"LOC128105703",0.0350484169751655
"Mchr1",0.0350152734916728
"LOC128098739",0.0349680482058839
"LOC128107575",0.0349356538518975
"LOC128095147",0.034930547750739
"LOC128120707",0.0349305381680707
"LOC128103103",0.034922296662062
"LOC128121081",0.0348921807996667
"Lhx4",0.0348770349210438
"Cryba1",0.0348721412706002
"LOC128113338",0.0348675822486826
"LOC128120029",0.0348022628549619
"LOC128121502",0.0347962579597208
"LOC128099106",0.0347460875451319
"LOC128118095",0.034734287781837
"LOC128121903",0.0345817149453147
"Gipr",0.0344901232036447
"LOC128122383",0.0344510238083251
"LOC128110625",0.0343785470534805
"LOC128114056",0.0343384096403793
"Clec12a",0.0342854754101929
"Clnk",0.0342834903198523
"LOC128106725",0.034276054029441
"Hrg",0.0342519624181057
"Galr1",0.0342403063815876
"Pjvk",0.0342385892974237
"LOC128124912",0.0342364187138419
"LOC128099098",0.0342322403968533
"LOC128121524",0.0341986037058212
"Trim63",0.0341844612291804
"LOC128114996",0.034164640261914
"LOC128124194",0.0340834444404916
"Phyhip",0.0340773118029348
"Sez6l",0.0340556328218023
"LOC128117531",0.0340006575965928
"LOC128095774",0.0339939908521271
"Dkk1",0.0339142125857296
"Tldc2",0.0337345766836939
"LOC128105575",0.0336604939886669
"LOC128119111",0.033626601337032
"LOC128117657",0.0336225063146308
"LOC128107935",0.0334705512950256
"Tdrd6",0.033419234357042
"Gpr83",0.0334062572545556
"LOC128105129",0.0333985960829904
"LOC128111991",0.0333514291053918
"LOC128095036",0.0332988931024023
"LOC128103079",0.0332949047962927
"LOC128094346",0.033233689186683
"Slc52a3",0.0332252430913618
"CUNH10orf90",0.0332237346803338
"LOC128105652",0.0331967575726605
"Tbx18",0.0331478589635069
"LOC128102543",0.0331442117273197
"LOC128117250",0.0331173323057233
"LOC128104170",0.0331114479527089
"Pitx2",0.0330425188495909
"LOC128098442",0.0329729851174839
"LOC128123937",0.0329670178579826
"LOC128102134",0.0329089600641681
"Tex44",0.032894372493286
"LOC128108922",0.0328748721627709
"LOC128108040",0.0328605064256761
"LOC128106949",0.0328588935743954
"LOC128114582",0.0328339151070205
"LOC128106930",0.0328286077981761
"Gal",0.0328017221808313
"LOC128103120",0.0327374785162147
"LOC128125083",0.0326770917276229
"LOC128120605",0.0326616801822734
"LOC128103259",0.0326226896929202
"Asic2",0.0326099720358534
"LOC128094576",0.0325861642655758
"LOC128098768",0.032544639555722
"LOC128120013",0.0324893283707421
"LOC128103786",0.0324819349982333
"Nkx3-1",0.0324493990421928
"LOC128110745",0.0323080497480484
"LOC128107637",0.0322900918307351
"CUNH3orf80",0.0322665237640672
"Kctd4",0.0321422530348046
"Trnai-aau",0.032116152459916
"LOC128112452",0.0320663000267538
"LOC128107497",0.0319606755352847
"Trnai-uau",0.0319507203508704
"LOC128109276",0.0319292163542863
"LOC128116095",0.0319291132295226
"LOC128121818",0.0319075525722092
"Abcc12",0.0318998499946049
"Fsd1",0.031875888714221
"LOC128124038",0.0318670421463504
"LOC128113781",0.0318640059581756
"LOC128119996",0.0317805672033001
"LOC128107645",0.0317506807656753
"Il22ra2",0.0317475197523473
"LOC128099821",0.0317289250957662
"LOC128114319",0.0317126051846145
"LOC128106948",0.0317100957566354
"LOC128106012",0.0316247881773867
"Kcng4",0.0316044625820717
"Lif",0.031604006704504
"LOC128100597",0.0315695138571956
"Pgbd2",0.0315613492935635
"Col9a1",0.0314534426547816
"LOC128108234",0.0314532566994075
"Glyctk",0.0314524848135984
"LOC128102070",0.0313658674479372
"Fam20a",0.0313653334991097
"LOC128118372",0.0313575057334262
"LOC128099783",0.0313268201312422
"LOC128117875",0.0312911660939232
"LOC128103640",0.0312695717929003
"LOC128119456",0.0312631648845465
"Tmem200c",0.0312561931633123
"LOC128120796",0.0312521408207959
"Cdrt4",0.0312456830619342
"LOC128109223",0.0312373823199236
"Cacng3",0.0312134160893619
"LOC128095552",0.0311867775105831
"Proz",0.0311075794219739
"LOC128123435",0.0310598342764152
"LOC128115406",0.0310435147130668
"Thegl",0.031040265928873
"Slc32a1",0.0310023485768382
"LOC128095869",0.0308664834239617
"LOC128105503",0.0308582719197545
"LOC128121815",0.030847781444219
"LOC128099463",0.0307807128075496
"Npvf",0.0307564239076962
"Csf3",0.0307256622988566
"LOC128124626",0.0306475071669093
"LOC128105469",0.0306472984055166
"Txndc8",0.0306366198952731
"LOC128107958",0.0305485954911699
"Alx4",0.0305459834882463
"LOC128096161",0.0305425280353158
"LOC128114219",0.0305268636061876
"Nap1l2",0.0305105986836012
"Hhatl",0.0304994792585375
"LOC128124572",0.0304973472911172
"LOC128113657",0.0304484856765754
"LOC128107017",0.0304451329946015
"LOC128120141",0.0303959210513193
"LOC128094827",0.0303626898467561
"LOC128101466",0.0303616795314948
"LOC128115184",0.0303515255445431
"LOC128106812",0.0303439999193907
"LOC128118767",0.0303218759894813
"Cldnd2",0.0302376073960665
"LOC128114927",0.0302363720509133
"LOC128125744",0.0302036043281287
"LOC128111088",0.0301912295222496
"LOC128121194",0.0301542553215378
"Drgx",0.0301529275377362
"LOC128123303",0.0301451668144443
"LOC128094418",0.0301384370598473
"LOC128099442",0.0301207313468512
"LOC128109427",0.0301142326749087
"LOC128106690",0.0301133253790367
"Mypop",0.0300657421210399
"Ccl16",0.0300381558363083
"LOC128107162",0.0300095468712347
"LOC128111734",0.0300021876030429
"LOC128105533",0.029972984108592
"Cebpe",0.0299723367722414
"CUNH20orf141",0.0299401847461735
"LOC128102726",0.0299275642061784
"LOC128110748",0.0298765108011789
"LOC128104253",0.0298591921812371
"Npffr2",0.0298584575670446
"Plpp4",0.0298409638802535
"LOC128102492",0.0298340619979714
"Pom121l2",0.0297457764279866
"LOC128119758",0.0297456517645605
"LOC128097628",0.029699175310465
"LOC128097272",0.02969684057321
"LOC128122702",0.0296809223127777
"LOC128118256",0.0296296156500193
"LOC128114754",0.0295815743983119
"Bhmt",0.0295767429022078
"LOC128104741",0.0295713367690788
"Fev",0.0295322534073055
"LOC128117517",0.0294979110059623
"LOC128119506",0.0293732300492875
"LOC128118487",0.029360381104777
"Ccn6",0.0293540677138888
"LOC128117804",0.0292219788637699
"LOC128115395",0.0291849793969787
"LOC128095353",0.0291825556711525
"Fga",0.0291650376913806
"LOC128097426",0.0291470708222875
"LOC128119842",0.0291266401592388
"LOC128112620",0.0291136232457765
"LOC128119713",0.0290937336207675
"LOC128119763",0.0290526841285854
"LOC128111738",0.0290381214146647
"Slc18a1",0.0290368694802777
"LOC128099674",0.0290351156090023
"LOC128102532",0.0290038188723877
"LOC128121021",0.0289868341540439
"Epgn",0.0289655630350496
"Hdac2",0.0289303613759242
"Ccnb1ip1",0.0288758555787337
"LOC128115111",0.0288755948191191
"LOC128125204",0.0288420003760488
"LOC128123556",0.0288413112565525
"LOC128104520",0.0288311201189006
"Tfap2c",0.0288305050782663
"LOC128123085",0.0287868905184314
"LOC128097522",0.0287434755443961
"Pklr",0.028732808081574
"LOC128120632",0.0286849922527851
"Hnf1a",0.0286822570907882
"Iqank1",0.0286563803659617
"LOC128106155",0.0286133152183646
"LOC128106553",0.0285498161627976
"Npas4",0.0285475410479434
"LOC128107267",0.0285144568535625
"LOC128119699",0.0285081631555591
"Prg3",0.0284550283350593
"Camk2a",0.0284548318390517
"LOC128123776",0.0284535382363524
"Lpcat4",0.0284407112719173
"LOC128096761",0.0284253138099272
"LOC128125194",0.028408142745341
"LOC128109061",0.0283365953649382
"LOC128109743",0.0283303894354789
"LOC128120788",0.0282884238868887
"LOC128110529",0.0282764641045148
"LOC128117629",0.0282288762926665
"Islr2",0.0280915766066193
"Slc29a4",0.0280471864400188
"LOC128118302",0.0280206456896062
"LOC128098861",0.0279997450615763
"LOC128117907",0.0279941223828988
"LOC128120743",0.0278823288493074
"LOC128094454",0.0278799562346951
"LOC128103989",0.0278710316229331
"LOC128099864",0.0278478262630699
"LOC128121452",0.0278031929803727
"Pnma8a",0.0277959820735497
"Sgk2",0.0277730247672175
"LOC128094937",0.0277507944333535
"LOC128118405",0.027667537023128
"LOC128096484",0.0276386475992032
"LOC128112497",0.0275767924951365
"Erich4",0.0275617326488962
"Agtr1",0.027549339185258
"LOC128099675",0.0275443940828101
"LOC128109002",0.0275056474112061
"LOC128118990",0.0274540563052413
"LOC128114119",0.0273849527629628
"Cdnf",0.0273740975336925
"LOC128122821",0.0273591727271349
"LOC128115581",0.0273565285714588
"Smim10l1",0.0273553298662822
"LOC128109929",0.0272889089043983
"Gfi1b",0.027257965364933
"LOC128120077",0.0272435223097288
"LOC128117151",0.0272289638819886
"LOC128115160",0.0272016598669765
"LOC128120047",0.0271750563481121
"Ptgds",0.0271646270845421
"Ppy",0.0271212474703155
"Ube3a",0.0271036901372361
"Pnldc1",0.0270958699806473
"LOC128099846",0.027082759960611
"LOC128111955",0.027052603545424
"Hapln2",0.0270519321803565
"LOC128102104",0.0270318621710469
"Slc25a47",0.0270128832476055
"Pglyrp2",0.0269517141261923
"LOC128098048",0.0269405934717691
"LOC128097897",0.0269277315617758
"LOC128115293",0.026927117104681
"LOC128103461",0.0269045560829417
"Insyn2a",0.0268932623061256
"LOC128103337",0.0268897566942081
"Rergl",0.0268711685417177
"LOC128100534",0.0267099691142096
"LOC128103125",0.0266608735442869
"LOC128125367",0.026656566627373
"Lingo4",0.026621030951967
"LOC128123578",0.026584062249184
"LOC128109450",0.0265516891650853
"LOC128114349",0.0265372064535248
"LOC128112195",0.0265212577162953
"LOC128106981",0.0265079231630202
"Asb12",0.0264830359876251
"Trnaa-ggc",0.0264756485497174
"CUNH1orf162",0.0264517011523374
"LOC128120326",0.0264308411960712
"LOC128108378",0.026427909960207
"LOC128115694",0.0264080616979999
"Tmprss6",0.0263913925428229
"LOC128109188",0.0263740907688917
"Rag1",0.0263451140450281
"Ccdc166",0.0263101445911388
"LOC128107192",0.0262989470137251
"LOC128105350",0.0262534757216847
"LOC128125457",0.0262428685457103
"LOC128115765",0.0262340964541617
"LOC128113271",0.026221919240132
"LOC128122857",0.0261530242791943
"LOC128122699",0.0261370926827535
"LOC128098352",0.0261363765947063
"LOC128115990",0.0261218824613757
"LOC128112526",0.0261096715496015
"Hesx1",0.026086916611902
"LOC128115727",0.0260708456737653
"Phactr3",0.0260599410075887
"LOC128116192",0.0260462946235195
"Srarp",0.0260307436828773
"Klhl31",0.0260266246522779
"LOC128097533",0.0259831751803573
"LOC128116400",0.0259694247890328
"LOC128097099",0.0259673803781294
"LOC128104223",0.0259563971300032
"LOC128102105",0.0258612944103437
"LOC128103024",0.02584996066699
"LOC128096771",0.0258092697293543
"LOC128099772",0.0257944407366884
"LOC128096900",0.0256916409070734
"Angpt4",0.0256532811704485
"Otop3",0.025648909599893
"LOC128115325",0.0256293201660249
"LOC128109499",0.025578844128685
"LOC128111495",0.0255312341812053
"LOC128106320",0.0255241994918068
"Tmem132b",0.0254995268263831
"LOC128104430",0.0254703712412578
"LOC128111314",0.0254469905080269
"LOC128106932",0.0254412307597815
"Snrnp27",0.025436895480316
"LOC128119998",0.0254171705481142
"LOC128095057",0.0253876895319895
"LOC128104479",0.0253664907267818
"LOC128110108",0.0253400671836942
"LOC128113649",0.0253379847905992
"LOC128121402",0.0253339020964466
"Fam163b",0.0253147943577812
"Rgsl1",0.0252324188071812
"LOC128117968",0.0252293998132037
"LOC128124658",0.0252154725197027
"LOC128096069",0.0252064706665369
"LOC128114244",0.0251928856651676
"Fam187a",0.0251926279009513
"Spata16",0.0251807570376076
"Aqp6",0.0251668120739986
"Sun3",0.0251238441698758
"Gjb6",0.0251078205067506
"Col20a1",0.0251071287044893
"M1ap",0.0250939965717214
"Prrt3",0.0250844903039423
"LOC128106404",0.0250785848783421
"LOC128095298",0.0250386952175722
"LOC128110488",0.0250208188030927
"Tbx10",0.0250187081789106
"LOC128125026",0.0249884985552992
"Fam229a",0.0249760099359965
"LOC128103479",0.0249516338411093
"LOC128098740",0.0249244095758893
"LOC128121189",0.02492283946512
"Hand2",0.0249203991672146
"Stmn3",0.0249120776811649
"LOC128116193",0.024903083205254
"LOC128109473",0.0248729519741364
"Ngf",0.0248639605528996
"LOC128105737",0.0248339011581369
"LOC128113519",0.024813053320541
"LOC128108929",0.0247180311077909
"Wfdc8",0.0247046280751766
"Spc24",0.0246910159406268
"LOC128097113",0.0246537063215764
"LOC128118618",0.0246354483347202
"Uts2r",0.0246310197042088
"LOC128120391",0.0245526586553342
"LOC128111110",0.0244913367260808
"LOC128121428",0.0244840501849963
"Gpr63",0.0244733771023844
"Tbc1d21",0.0244555096690639
"LOC128107579",0.0243792685109844
"Vsx1",0.0243767248999258
"Znf541",0.024251709627514
"LOC128106929",0.0242133414622972
"LOC128111883",0.0242129061264257
"Tspan10",0.0241936791954267
"CUNH19orf81",0.0241682240505129
"LOC128104478",0.0241675985045795
"LOC128094382",0.0241627536727481
"LOC128110489",0.0241565131090817
"LOC128097439",0.0241314196942316
"Slc5a9",0.0241185398206682
"LOC128102882",0.0240574700274327
"LOC128099521",0.0240263776947469
"Ces3",0.0240226471097069
"LOC128099169",0.0239822138021121
"Necab2",0.023953384809358
"Cenpu",0.0239455174689666
"LOC128123837",0.0239438114630274
"LOC128107555",0.0239335061721505
"Trpm1",0.0239244770487515
"Mep1a",0.0239182291033463
"LOC128123520",0.0239052164625906
"LOC128108899",0.0239049247082648
"LOC128125246",0.0239025244276836
"Foxd1",0.0238394895946385
"LOC128120037",0.0238285452187604
"Msx2",0.0238082180701984
"LOC128115676",0.0237985166170263
"Zar1l",0.0237802571769698
"LOC128106076",0.0237418240946983
"LOC128116880",0.0237397946930524
"Optc",0.0237396855431414
"Ebi3",0.0237196946766678
"Syngr4",0.0236757283635815
"LOC128103161",0.0236508821909265
"LOC128111506",0.0236195544155954
"Emx2",0.0236066089896032
"Apcs",0.0235165318293547
"LOC128124076",0.0234783354137778
"Scgb1c1",0.0234554585947821
"C1ql4",0.0234197141111457
"LOC128116131",0.0234070898029366
"Actl7a",0.0233940875661944
"LOC128094538",0.0233706819538714
"LOC128113240",0.023348165404056
"LOC128095312",0.0233130542202371
"Pou3f2",0.0232988845894994
"LOC128118285",0.0232574139196793
"Tex45",0.0232168719989751
"LOC128106945",0.0232039452005214
"Grm2",0.0231522308816727
"LOC128115150",0.0231491313695983
"LOC128114566",0.0231350381112492
"Cct8l2",0.0231259651841454
"LOC128114098",0.0231200324669582
"Atp6v0a4",0.0231070161738899
"LOC128116137",0.0230917408089624
"LOC128101979",0.0230655737038167
"LOC128106556",0.0230499568838743
"LOC128095786",0.0230260725291163
"LOC128094971",0.0230183365261993
"Pax7",0.0230171679545316
"Ca12",0.0229893382838782
"LOC128115827",0.0229578090563037
"LOC128100768",0.0229521019814678
"Henmt1",0.0229129386653029
"LOC128101822",0.022908235734286
"LOC128107681",0.0228964275809569
"LOC128119548",0.0228893071424527
"Tmem45b",0.0228562193526023
"CUNH20orf144",0.0228525894788763
"Nkx2-3",0.0228488822090738
"LOC128106885",0.0228478877144469
"LOC128094353",0.0228285436068932
"Edn2",0.0227711497588014
"LOC128114670",0.0227677964169667
"LOC128101172",0.0227562853678077
"LOC128095111",0.022756152904037
"Clca2",0.0227542930827162
"Cited1",0.0227143027301351
"Cbln4",0.0226980230967468
"Entpd8",0.0226941127027512
"LOC128108614",0.0226487816314525
"Crabp2",0.0226233007393363
"LOC128119669",0.0226087350504004
"Lrrc7",0.022607502060619
"LOC128094306",0.0225559717259094
"LOC128114292",0.0225558673710958
"Twist1",0.022552970318582
"LOC128120629",0.0225396727579678
"LOC128115303",0.0225370791082528
"Pnma2",0.022510605032112
"Snorc",0.0224994055200916
"LOC128098172",0.0224896698764159
"LOC128106789",0.0224470134621902
"LOC128098203",0.0224323762735399
"Vip",0.0224257048473956
"LOC128116484",0.0224084959947979
"Slc16a14",0.022374938477493
"LOC128105767",0.0223524077238463
"LOC128104424",0.0223204835247153
"LOC128118559",0.0223027441687318
"Nuggc",0.0222755857918308
"LOC128099942",0.0222706204838575
"LOC128106712",0.0222635122725519
"LOC128110630",0.0222041439476138
"LOC128121864",0.0221372747049066
"LOC128106309",0.0221175879586214
"LOC128108643",0.022089591491255
"LOC128109193",0.0220546007481289
"LOC128105514",0.0220434142414723
"Cldn24",0.0220392973963245
"LOC128122387",0.0220101442266698
"LOC128110114",0.0219565621457163
"LOC128125524",0.0219456267924109
"Bmp15",0.0218769878775654
"LOC128114306",0.0218715355419171
"LOC128094222",0.0218708673633802
"LOC128107269",0.0218476074558059
"Prr22",0.0217632495509572
"LOC128117423",0.0217598711198261
"LOC128125425",0.0217477252190898
"LOC128106399",0.0217306449364808
"Lcn8",0.0217236434910744
"LOC128115504",0.0217129602704096
"LOC128102872",0.0217043405443235
"LOC128097696",0.0217020522961769
"LOC128119159",0.0217018589636585
"Xcr1",0.0217010659724938
"LOC128123179",0.021690405169299
"LOC128125336",0.021681408732098
"LOC128104342",0.0216640643018502
"Mpped1",0.0216597463715599
"Ucma",0.0216581417892842
"LOC128107736",0.0216059547653858
"LOC128124066",0.0215926089067764
"Ppp1r3g",0.0215884589243492
"Ct47c1",0.0215653557649891
"LOC128102852",0.0215216062805704
"LOC128103844",0.0215075721232328
"LOC128100231",0.021491301094239
"Prok1",0.021458554854445
"Efcab5",0.0214573084300576
"LOC128094269",0.0214534510420253
"LOC128125268",0.021434656200291
"LOC128109220",0.0213946317139643
"LOC128106785",0.0213381842603958
"LOC128113520",0.0213321767055407
"LOC128102846",0.0213182078965576
"LOC128105772",0.0213124667586499
"Rskr",0.0212890035612275
"Syt16",0.0212702665843852
"LOC128111035",0.0212692757860622
"LOC128101544",0.0212598651835081
"LOC128102051",0.0212055292267815
"LOC128103109",0.0212046142060886
"LOC128095838",0.0211655667580062
"LOC128101854",0.0211569024089599
"Mroh2b",0.0211464770583165
"LOC128101036",0.0211400278484087
"LOC128116086",0.0210642081989009
"LOC128122740",0.0210087916599472
"LOC128118830",0.0210053318333034
"LOC128106940",0.020942909981732
"C2cd4d",0.0208787404929874
"LOC128098905",0.0208689726343696
"LOC128096406",0.0208498498392296
"LOC128095149",0.0208287993009612
"LOC128100676",0.0208198348244457
"Otoa",0.0208197382176229
"LOC128118337",0.0208181643489726
"Dnajb7",0.0208118852775224
"LOC128097781",0.0207996969393078
"LOC128094924",0.0207803628873871
"LOC128095008",0.0207778972885317
"LOC128115876",0.0207739466968015
"LOC128103097",0.020747367463068
"LOC128102737",0.0207354616472814
"LOC128116426",0.0207318373029326
"C8b",0.0207247082707281
"LOC128119013",0.0207106262272655
"Atp1b4",0.0206979486389702
"LOC128117135",0.020645900610017
"Celf5",0.0206454631553425
"LOC128120096",0.0206403341961426
"Hsd17b2",0.020639987427898
"Meioc",0.0206372483235719
"LOC128123189",0.0206213603607237
"LOC128115187",0.0206128613859559
"Csta",0.0205970624055488
"LOC128124837",0.0205677649725065
"LOC128095568",0.020539410212812
"LOC128111320",0.0205391332161057
"LOC128124591",0.0205246532864718
"Il27",0.020513941862727
"LOC128108420",0.0204849100792014
"LOC128114976",0.0204418729824088
"LOC128115609",0.020411197990673
"Prr9",0.0204075585919883
"LOC128100744",0.0203975629202564
"LOC128118818",0.0203754311400747
"LOC128108483",0.0203558114382732
"LOC128124866",0.0203481806061345
"Sohlh2",0.0203228906639505
"LOC128110453",0.0202710585708065
"CUNH4orf51",0.020264710869655
"LOC128110138",0.0202592269683909
"LOC128096178",0.0202213507230202
"LOC128121151",0.0202126390056935
"LOC128104857",0.0202123896239582
"LOC128102238",0.020195980091407
"Prox2",0.0201916659390372
"LOC128112138",0.0201819804620584
"LOC128109970",0.0201183401421225
"LOC128111315",0.0201102533994049
"Hoxc5",0.0200944869148454
"LOC128123342",0.0200633033875694
"Ceacam16",0.0200612761763142
"LOC128101955",0.0200459415269981
"LOC128099077",0.0200163130165939
"LOC128099771",0.0199968568289548
"LOC128111624",0.0199922227511776
"Ssmem1",0.0199750337543461
"LOC128111494",0.0199672909642579
"Ern2",0.0199211505756226
"Spock3",0.0198841624608979
"LOC128104855",0.0198344516961923
"LOC128123919",0.0198337114769359
"Snai3",0.0198188531511428
"LOC128115254",0.0197945355181442
"Tnfsf11",0.0197716401500842
"LOC128108096",0.0197491127275402
"Cd22",0.0197490228551809
"LOC128122324",0.0197483622859407
"LOC128100206",0.0197468247678858
"LOC128118524",0.0197464304026299
"Ermn",0.0197231090112673
"LOC128116194",0.0197133237149776
"Insl5",0.0197105965204912
"LOC128121996",0.0196955098621532
"LOC128115141",0.0196858395912679
"LOC128101040",0.0196459085716962
"LOC128096550",0.0196219777931649
"Snx6",0.0196140153931141
"Cabp1",0.0196106295567451
"LOC128118946",0.0195580651071624
"Chst8",0.0195447278095016
"LOC128108362",0.019523539993725
"LOC128106744",0.0195108078309971
"Tmem61",0.0194870526653206
"LOC128105820",0.0194861859332636
"Fbxo2",0.0194490711934238
"Rrh",0.0194280513141586
"LOC128110074",0.0194273289141399
"LOC128107340",0.01941334743146
"LOC128122294",0.0193687039201958
"Rhcg",0.0193620727108588
"LOC128105395",0.0193406444811129
"LOC128109914",0.019325182205074
"LOC128106813",0.0193153125923664
"Ttc9b",0.0192638418898268
"LOC128119455",0.0192269559713443
"Shisal2a",0.0192242112535521
"LOC128108252",0.0192214458523349
"LOC128094068",0.0191828552473416
"LOC128101391",0.0191682699297679
"LOC128122009",0.0191623581212995
"Amer3",0.0191510597020732
"Olfm3",0.0191188766638824
"LOC128117127",0.0191035786156844
"LOC128120194",0.0190809664749845
"LOC128124500",0.019077287132334
"LOC128108425",0.0190372882245709
"LOC128095415",0.0190240526185303
"Hrk",0.0189936541181002
"Loricrin",0.0189692050021531
"LOC128123420",0.0189690234175296
"LOC128098926",0.018961529576845
"LOC128111322",0.0189548985649272
"Zcchc13",0.0189400767707837
"LOC128097985",0.018884106335252
"LOC128096992",0.0188784255592099
"LOC128119038",0.018834103471198
"Stk32b",0.0188082957498345
"LOC128112084",0.0187809635627916
"LOC128113224",0.0187713687311196
"LOC128109688",0.0187548846625611
"Slc1a6",0.018732599362177
"LOC128104488",0.018717211190527
"LOC128105078",0.0186816425039399
"F2rl3",0.0186766226238798
"LOC128103106",0.0186702787850212
"LOC128097236",0.0186563210740076
"LOC128112762",0.0186375137610821
"Smim39",0.0185803931023119
"LOC128116084",0.0185711059886713
"LOC128110491",0.0185699768343463
"LOC128106679",0.0185630275687605
"Mrgprg",0.018542487901635
"LOC128101896",0.0185254917264755
"LOC128118553",0.0185105644796674
"LOC128118096",0.0184986898635982
"LOC128094009",0.0184889024188812
"LOC128095094",0.0184659643492369
"Dbf4b",0.0184423475033353
"LOC128105641",0.0184301564696615
"LOC128117034",0.0184295633914192
"Glod5",0.0184060679063975
"Barx2",0.0183915736854975
"LOC128108681",0.0183871766947344
"Trh",0.0183233887446152
"LOC128111040",0.0183051198071438
"LOC128114187",0.018295617706893
"LOC128109130",0.0182939683782148
"LOC128106921",0.0182608962001824
"Ttc23l",0.0182506989166447
"LOC128099276",0.0182490109038475
"Lrrc38",0.0182248458225981
"LOC128098732",0.0182096840276902
"LOC128118138",0.0182019255878509
"LOC128123152",0.0181802622444318
"LOC128106602",0.0181715023332842
"LOC128116817",0.0181621591081017
"LOC128109748",0.018152315629445
"LOC128106403",0.0181390182211611
"LOC128110389",0.0181337674646974
"LOC128124477",0.0181275135821957
"LOC128112253",0.0181150670598295
"Dnase1",0.0180722841146077
"LOC128097596",0.0180710332074491
"Dok6",0.018021496342888
"LOC128103417",0.0180211727714499
"LOC128104355",0.0179954545122024
"LOC128123166",0.0179787633801517
"LOC128114164",0.0179042984713641
"LOC128099134",0.017898672123019
"LOC128107062",0.0178675756750391
"Cel",0.0178268369173168
"LOC128124995",0.0178115675257487
"LOC128117010",0.0177720813208485
"LOC128117365",0.0177692819990934
"LOC128103804",0.0177638222500368
"Gjd2",0.0177621314148406
"LOC128122448",0.0177292104590889
"LOC128109083",0.0176962114099234
"Slc17a4",0.0176953477318335
"LOC128098086",0.0176634374802261
"LOC128120136",0.0176537493946146
"F10",0.0176517891137373
"Agbl1",0.0176251199757587
"LOC128106920",0.0175899840608899
"Fcn3",0.0175869708882129
"Hoxc8",0.0175855392332318
"Cela2a",0.0175736254898253
"LOC128118172",0.0175695557582153
"LOC128119098",0.0175634877024592
"LOC128111160",0.0175630301033959
"Padi6",0.0175530382679998
"LOC128117566",0.0175477550815535
"Trim67",0.0174854278801947
"LOC128112124",0.0174493231844234
"Foxn1",0.0174264377649637
"LOC128105166",0.0173837816323888
"LOC128104316",0.0173409462276314
"LOC128110035",0.0173271832967191
"LOC128113322",0.0173263625495244
"LOC128112878",0.0173203227503858
"LOC128107048",0.0172944977227254
"LOC128115978",0.0172365786446232
"LOC128123529",0.0172193710932081
"LOC128095204",0.0171976223788036
"LOC128112596",0.0171969297779871
"LOC128094390",0.0171850532293296
"LOC128116117",0.0171833772763639
"Pdc",0.0171463996457117
"LOC128108072",0.0171443394221764
"LOC128117368",0.0171329280487431
"LOC128110089",0.0171217432177948
"LOC128096349",0.0171055322402145
"LOC128097929",0.0170853800922045
"Asic3",0.0170786170777884
"LOC128121111",0.0170497755429617
"Brinp3",0.0170379349687972
"Ralyl",0.017027077319815
"LOC128101312",0.0170235536325352
"LOC128105963",0.0170086019879635
"LOC128099946",0.0170035847600955
"LOC128095113",0.0169791331401083
"Acp7",0.0169786516456003
"LOC128123547",0.0169359483189836
"LOC128106111",0.0169045648364224
"Tspyl6",0.0169041968271885
"LOC128102802",0.0168697731108092
"LOC128124869",0.0168694023832568
"LOC128118598",0.0168604248186537
"Dnajc22",0.0168510458173035
"LOC128122834",0.0168491740434445
"LOC128094524",0.0168429559281893
"LOC128123581",0.0168415912011402
"LOC128125377",0.0168269205342073
"LOC128100331",0.0168074210151835
"LOC128107161",0.0167967968003708
"LOC128116896",0.0167794348002459
"LOC128109392",0.0167666285029784
"LOC128124779",0.0167454235957993
"Gbx2",0.0166977062191613
"LOC128109530",0.0166695447558224
"LOC128122395",0.0166572164680625
"LOC128099693",0.0166056745230186
"LOC128102885",0.0166028579819625
"Ghsr",0.016558829046416
"Cntnap5",0.0165363928077942
"LOC128095280",0.0165347684271924
"LOC128097204",0.016520702426574
"Slc6a11",0.0165156754725704
"Srrm4",0.0164788071589154
"LOC128118754",0.0164460633670384
"Tmprss9",0.0164082251247711
"LOC128119320",0.0163700197795783
"Prss27",0.0163451676955659
"Pde6g",0.0163262793422647
"LOC128125523",0.0163242376920678
"Gabra2",0.0163089052818798
"LOC128110200",0.0162953357155788
"LOC128125473",0.016273212829237
"Fam167b",0.0162582688045639
"LOC128119611",0.0162520857332856
"LOC128121367",0.0162322687275903
"LOC128111164",0.0162271768066585
"LOC128124204",0.0162229249776697
"LOC128096035",0.016214971215218
"Mmp8",0.0161900670765736
"LOC128124359",0.0161760615339793
"LOC128105232",0.0161735949403252
"LOC128111166",0.0161639473510454
"LOC128117255",0.0161511988369176
"CUNH12orf40",0.016146558212613
"Fgg",0.0161278762890607
"Trnam-cau",0.0161186304961057
"Csmd1",0.0161167698534226
"LOC128103229",0.0161026516026321
"Apoa5",0.0161020230250018
"Dnah8",0.0160717785583884
"LOC128102251",0.0160373221780268
"Gabrb1",0.0160328990858168
"Mael",0.0160164304190827
"LOC128120886",0.0159812778953431
"LOC128108354",0.0159692053386693
"LOC128119123",0.0158758543618016
"LOC128117511",0.0158424820378122
"Hs3st2",0.0158393649889669
"LOC128115686",0.0158332113058536
"Pmis2",0.01582777526819
"Dusp29",0.0158248748427091
"Kcnh8",0.0158215446193152
"LOC128124362",0.0158195893937106
"LOC128101469",0.0158160088023225
"Dmgdh",0.0158113789195668
"LOC128117823",0.0157943931822781
"Sox14",0.0157849821441366
"Acsm5",0.0157745505063778
"LOC128116163",0.0157701957133487
"LOC128125232",0.0157635920357752
"LOC128106313",0.01574356350005
"LOC128116612",0.015731105375684
"LOC128100637",0.0157291528970083
"LOC128120124",0.0157135560571678
"LOC128120786",0.0157027395490963
"LOC128100011",0.0157003696834505
"Sox1",0.0156910364432245
"LOC128110198",0.0156852918076763
"LOC128099056",0.0156808463185939
"LOC128101179",0.015672344531225
"Cpne6",0.0156179502924324
"LOC128111219",0.0156097828515151
"LOC128104371",0.0155867829752305
"LOC128104463",0.0155796264525257
"LOC128119347",0.0155748837535312
"Serpini2",0.0155657807117817
"LOC128116595",0.0155476874890786
"LOC128094153",0.0155256451921364
"LOC128116170",0.0155001299223402
"LOC128112314",0.0154772084909139
"LOC128118886",0.0154717588117962
"LOC128099591",0.0154562921058359
"LOC128108047",0.0154562391646796
"Slc6a7",0.0154518490410582
"LOC128112770",0.0154367452711855
"Six2",0.0154354793092589
"Igsf22",0.0154243970976533
"Slitrk1",0.0154155677762396
"LOC128110661",0.0153001627439958
"LOC128099524",0.0153000274666031
"LOC128101182",0.0152672912872138
"LOC128115804",0.0152620017901229
"Gpr152",0.0152535249367968
"LOC128104173",0.0152513003387194
"LOC128108593",0.0152406745386091
"LOC128115655",0.0152346888420326
"LOC128124452",0.0152296200047452
"LOC128113105",0.0151776285677286
"Prss48",0.0151230435669896
"LOC128124657",0.0151083959936602
"Kcnq2",0.0151055456542179
"LOC128094668",0.0151034321076145
"LOC128112189",0.0150523589909344
"LOC128122031",0.0150274049862585
"Cpa2",0.0150151606546384
"LOC128121857",0.0150098906247604
"LOC128104009",0.0150000285804757
"Cdh16",0.01499058450055
"LOC128112745",0.0149470183396058
"LOC128106830",0.0149108005077585
"Tmem266",0.0148907463746255
"LOC128094795",0.0148889073050567
"LOC128106720",0.0148712411432121
"Inhbc",0.0148472871642715
"Cd300lg",0.0148286300483095
"Spata9",0.0148043991752213
"LOC128114749",0.0147741341069573
"LOC128096476",0.0147671235712387
"LOC128109078",0.0147589103255546
"Epha10",0.0147514784947278
"LOC128099762",0.014747131610365
"LOC128099636",0.0147418050881063
"LOC128095540",0.0147191256152239
"Btbd17",0.0146796425735956
"Clgn",0.0146749428534292
"LOC128096675",0.0146329243186582
"Myh4",0.0146020848312825
"LOC128105158",0.014586329142022
"Slc4a5",0.0145806927331821
"LOC128099079",0.0145166310466199
"LOC128105663",0.0144809789602578
"Dbh",0.0144795948448027
"LOC128108310",0.0144691635423154
"LOC128094637",0.0144669353350925
"LOC128103113",0.0144638236535503
"LOC128104162",0.014458911083565
"LOC128125105",0.0144564754828517
"LOC128114580",0.0144401751977683
"LOC128096935",0.0144331591992451
"Znf804b",0.014430180633424
"LOC128117259",0.0144293098849505
"LOC128104057",0.0144228555604788
"Ccdc196",0.0144092913335757
"LOC128096916",0.014405968316731
"LOC128119058",0.0144015578046891
"LOC128112282",0.014389231673375
"LOC128094961",0.0143628757683322
"LOC128121927",0.0143605516090641
"LOC128117637",0.0143273589539604
"LOC128104353",0.0143074304057624
"LOC128099415",0.0142965171448622
"Tmem128",0.0142923602738444
"LOC128117258",0.01424935073897
"LOC128093967",0.0142486236838244
"LOC128117216",0.0142416901636341
"Riox2",0.0142404311025914
"LOC128117270",0.0142329281272421
"Guca2a",0.0142059561521344
"Gpr75",0.0141877437583329
"Insyn2b",0.0141850029740978
"Zscan10",0.0141660584761135
"Kirrel2",0.0141627435243439
"Card14",0.0141370450600174
"LOC128115404",0.014117240196637
"LOC128106872",0.0141007983558217
"LOC128105962",0.0140519376399785
"LOC128108386",0.0140214266893594
"Tas2r60",0.0140008722913091
"LOC128110891",0.0139706793147894
"LOC128113399",0.0139492312374788
"LOC128118284",0.0139465243556611
"Tex36",0.013927272334804
"Dlx4",0.0138965648558397
"LOC128124784",0.0138907547038132
"LOC128103100",0.0138809824654766
"LOC128107323",0.0138528261462511
"LOC128113057",0.0138421202551447
"Oxtr",0.0138202409718607
"LOC128122384",0.0138133351198811
"LOC128109730",0.0138062917525094
"Trnas-gcu",0.0138006581214876
"LOC128118097",0.0137855764433936
"LOC128122329",0.0137811280392994
"Mstn",0.013754649232799
"Mobp",0.013745340775103
"LOC128106295",0.0137204180169502
"LOC128109189",0.0136967698892511
"Prm2",0.0136562081272834
"LOC128125700",0.0136494438604483
"LOC128095832",0.0136485797227439
"LOC128118051",0.0136180440987344
"LOC128095680",0.0135961520295011
"LOC128094580",0.0135922628427068
"LOC128101599",0.0135805654964768
"LOC128108302",0.0135338594098845
"Spata45",0.0135300736847376
"LOC128099208",0.0135078861535441
"Mcf2",0.0134832995261103
"CUNH3orf84",0.0134647931644024
"LOC128118756",0.0134312201268588
"LOC128119762",0.0134197281505103
"LOC128117839",0.013417204323943
"Abcb5",0.0134137069564351
"LOC128099740",0.0133978854304562
"LOC128111018",0.0133939412622524
"LOC128118554",0.0133868858141747
"LOC128096610",0.0133842941670799
"Tmem114",0.013383242944717
"Adgrg7",0.0133687695385972
"LOC128100214",0.0133247048699356
"Klk15",0.0133207548993279
"LOC128111471",0.0132663298022584
"LOC128101470",0.0132407391250568
"Heatr9",0.0132343981455911
"Rab33a",0.0132081400049886
"LOC128112001",0.0131916278772135
"Slc6a3",0.0131904028247949
"LOC128117240",0.013190218445637
"LOC128094846",0.013181251778979
"G6pc1",0.0131749686496119
"LOC128109125",0.0131578256032798
"LOC128113146",0.0131405764812037
"LOC128122394",0.0131359866626967
"LOC128111065",0.0131297083897992
"LOC128104864",0.0131157300519758
"Caly",0.0131045150276456
"LOC128104284",0.0131042398364721
"LOC128095223",0.0131000883223277
"LOC128096662",0.0130981204237109
"LOC128112275",0.0130257896620816
"LOC128107839",0.0130133557275711
"LOC128123498",0.0130133557275711
"Spata48",0.0129969747488004
"LOC128102378",0.0129934701609917
"LOC128102107",0.0129893967460796
"LOC128125117",0.0129780635624122
"LOC128106495",0.0129641825697664
"LOC128117116",0.0129489941297003
"LOC128108668",0.0129476461619345
"LOC128107589",0.0129471897951207
"LOC128110886",0.0129411768625465
"LOC128099071",0.012938180192666
"LOC128124629",0.0129279016214967
"LOC128096933",0.0129275857131041
"Dct",0.0129086506797995
"Lrrc52",0.0128877780131424
"Unc5d",0.0128834805473399
"LOC128110472",0.0128774724697086
"LOC128109075",0.0128677613241468
"Opn1sw",0.0128624619136318
"Kcnt1",0.0128345712970077
"LOC128115331",0.0128332520077328
"LOC128108627",0.0127970520629581
"LOC128110409",0.0127952276639538
"LOC128098953",0.0127528296581005
"LOC128106666",0.0127440329346828
"LOC128105367",0.0126884110034994
"LOC128101591",0.0126836615562225
"Tll2",0.0126629267482693
"LOC128100666",0.012658886970059
"Spata32",0.0126507944488223
"LOC128125021",0.0126458564582062
"LOC128109383",0.0126193297468595
"LOC128117926",0.0126091967325637
"LOC128112517",0.0125909790464173
"LOC128108650",0.0125529375233073
"LOC128115852",0.0125465920448562
"Dtl",0.0125406098059212
"LOC128106074",0.0124679158638303
"LOC128109216",0.0124633660995019
"Tmc7",0.0124562626354574
"Dgki",0.012430322397543
"LOC128120480",0.0124113991796401
"Mmp21",0.0124100428542283
"Plac8l1",0.0123853719083689
"LOC128096353",0.0123829865247432
"LOC128108775",0.0123597531437475
"LOC128111019",0.0123413936537621
"LOC128113268",0.0122931389669715
"Slc25a18",0.0122822471600758
"Npc1l1",0.0122807015815472
"Patl2",0.0122660339471024
"Draxin",0.0122592071771426
"LOC128120560",0.0122432929841456
"Fam83c",0.0122193581945354
"LOC128118811",0.0122175856276809
"LOC128104318",0.0122061256904439
"LOC128100945",0.0121967503709751
"LOC128116180",0.0121954015610227
"LOC128097491",0.0121797714950772
"LOC128094434",0.0121699510548944
"LOC128095264",0.0121626064046933
"LOC128116106",0.0121607583410767
"LOC128115292",0.0121523277144621
"LOC128123840",0.0121476152719706
"Neurod2",0.0121386047788826
"Nr0b2",0.0121336026094721
"LOC128105892",0.012074898617166
"LOC128099773",0.0120648499589537
"LOC128104037",0.0120595010829234
"LOC128102682",0.0120482800347108
"LOC128095883",0.0120347519062242
"LOC128122594",0.0120217909380847
"Hmx2",0.0120217357476324
"LOC128098984",0.0120093374416681
"LOC128114497",0.0119950965788946
"LOC128104565",0.0119949332664632
"Asb16",0.0119698717293653
"LOC128122190",0.0119619734091017
"Gfy",0.0119472582698194
"Ifitm5",0.0119402923350076
"Spegnb",0.0119329751346352
"LOC128110635",0.0119026199850873
"LOC128124675",0.0119004939751339
"Ghrhr",0.0118855125028431
"LOC128122746",0.0118800072909891
"LOC128100485",0.011870135802375
"LOC128116349",0.0118282066306395
"LOC128096002",0.0117894589245757
"LOC128095363",0.0117735780778117
"LOC128106271",0.0117521753028109
"LOC128122367",0.0117509066329093
"LOC128097614",0.01172609748107
"LOC128118868",0.0117220096075224
"Fscn3",0.0117141575862994
"LOC128115195",0.0117068846335297
"Setd9",0.0117012145800565
"LOC128118869",0.0117010133445768
"LOC128093936",0.0116845397936008
"LOC128122012",0.0116840123367611
"LOC128099105",0.011676837943698
"LOC128098413",0.011673552698976
"LOC128098134",0.0116719176598127
"LOC128100790",0.0116683891355736
"LOC128111620",0.0116018916760758
"LOC128108959",0.0115900771362748
"LOC128120682",0.0115887552913756
"LOC128114221",0.0115812766788992
"B3galt9",0.0115646061548211
"LOC128124058",0.0115546401612156
"LOC128118177",0.0115528096240533
"LOC128109081",0.0115472703905863
"LOC128102569",0.01154585048983
"LOC128125730",0.0115452479091114
"Gpr19",0.0115405236877393
"LOC128102483",0.0115228716763263
"LOC128113823",0.0114724170620691
"LOC128095714",0.0114664810804235
"LOC128106355",0.0114549653992036
"LOC128119448",0.0114541413628128
"Bcan",0.0114398201977379
"LOC128095156",0.0114144726463274
"LOC128096912",0.0114073225196334
"Prss38",0.0114066177811974
"LOC128124201",0.0113837612100505
"Pou4f3",0.0113808982637556
"Cct6b",0.0113732177504157
"LOC128104020",0.0113665246886533
"LOC128117182",0.0113647301133735
"LOC128119670",0.0113565105168298
"LOC128098918",0.0113377687035056
"Gnrhr",0.0113118566219479
"LOC128111963",0.0112786040822458
"LOC128099579",0.0112514423815762
"Nphs1",0.0112379179106082
"LOC128114621",0.0112331445283518
"LOC128117515",0.011220882450601
"LOC128104309",0.0112106924357894
"Nanos3",0.0111940517168804
"LOC128109277",0.0111873877805565
"LOC128122281",0.0111866706237955
"Six3",0.0111678663390847
"Adm2",0.0111556968478123
"LOC128124776",0.0111536872116131
"LOC128114210",0.0111296791822995
"LOC128104515",0.0111198659374293
"LOC128098375",0.0111128904200515
"Spaca1",0.0110684325028432
"LOC128117582",0.0110349150214839
"LOC128111856",0.0110230307087005
"Cplx3",0.0110198040553309
"Pttg1ip2",0.0110149202961357
"LOC128103263",0.0110003489205199
"Grin2b",0.0109822068025512
"LOC128121913",0.0109440433651086
"LOC128102214",0.0109309240774338
"Gpr22",0.0109307435924269
"LOC128115399",0.0109306377671214
"LOC128118993",0.010930418399229
"Tulp2",0.0109093954513724
"LOC128105721",0.0108898161962713
"LOC128111655",0.0108805348419233
"Klhl1",0.0108706012108904
"LOC128104813",0.0108158621113289
"Tmem190",0.0107930161655048
"LOC128103766",0.01079215461155
"LOC128125381",0.0107636299442061
"LOC128109642",0.0106763004982143
"LOC128114192",0.0106660707712686
"Odaph",0.0106513619642899
"LOC128100128",0.0106398395878521
"LOC128115426",0.0106366327448386
"LOC128111146",0.0106271625113774
"LOC128101800",0.0106106064345641
"LOC128105388",0.0106020009810884
"Irx6",0.0106001538452307
"LOC128118743",0.0105867528213066
"LOC128111653",0.0105762572766617
"LOC128117134",0.0105687703145396
"LOC128103550",0.0105513728886731
"LOC128099421",0.0105350480008426
"LOC128096482",0.0105187494507169
"Cd70",0.0104970655286853
"Six6",0.0104900487711377
"LOC128116330",0.0104593621239197
"LOC128106467",0.0104564574824919
"LOC128099538",0.0104448412792715
"Ip6k3",0.0104321561596425
"LOC128110966",0.0104160517883141
"Cdsn",0.0104149319847041
"LOC128120032",0.0103939709824148
"Cacng6",0.0103842002912974
"LOC128107709",0.0103471142609887
"LOC128115464",0.0103281540229685
"LOC128099920",0.0103207125531546
"LOC128112350",0.0103115589849277
"LOC128101734",0.0102054297928454
"LOC128112875",0.0102037090466458
"LOC128114050",0.0101924692212398
"LOC128098570",0.0101886497518569
"LOC128117221",0.0101819377962035
"LOC128094307",0.010180985525355
"LOC128109432",0.0101703445913543
"Vwce",0.0101575182988119
"LOC128097514",0.0101516141189984
"LOC128118061",0.0101498012113748
"LOC128100492",0.0101316253912884
"Sh2d4b",0.0100898970925255
"CUNH17orf114",0.0100874664295126
"LOC128113159",0.0100824936514705
"LOC128105157",0.0100609893443988
"LOC128107671",0.0100605170781452
"Trnav-cac",0.0100478125933276
"LOC128104252",0.0100316261930206
"LOC128125410",0.0100119827272515
"Prss50",0.0100063940899328
"LOC128105895",0.0099623392345955
"Fgf8",0.00994409996346081
"LOC128108861",0.00993805091109842
"LOC128105466",0.00989622427986567
"LOC128115794",0.00986877728497107
"LOC128095831",0.0098646903599288
"LOC128098001",0.00984039497277987
"LOC128119682",0.00982525107396075
"LOC128109831",0.00979392740931593
"LOC128112354",0.00978563204002372
"LOC128098078",0.00978047240491605
"Capns2",0.00977531926601915
"LOC128122908",0.00977068527239242
"LOC128099504",0.00976396455393153
"LOC128124896",0.00975216793755285
"LOC128104010",0.00971786695709466
"LOC128120665",0.00970248625218581
"LOC128105859",0.00968776327611592
"LOC128106572",0.00967458253096391
"Fate1",0.00966810927144597
"Chrna3",0.0096659050231149
"LOC128096971",0.00966010782444135
"Tmem174",0.00964497318011334
"LOC128121668",0.00963757880151117
"LOC128100235",0.00962462380551172
"LOC128099877",0.00960576476279166
"LOC128112179",0.00958275694548353
"LOC128122117",0.00956039094062497
"LOC128120755",0.00954245656267495
"Il1rapl1",0.00953705031534792
"Tsks",0.00952725532651369
"Dsg1",0.00950765840603414
"LOC128099231",0.00949705777530203
"LOC128116221",0.00948641856677618
"LOC128108720",0.00946929738298492
"LOC128114624",0.00946276601003265
"LOC128108136",0.00945224187139456
"LOC128118771",0.00944085878557263
"LOC128094919",0.00943144123396243
"LOC128103105",0.00943068603799311
"LOC128102470",0.00942355820333332
"LOC128116598",0.00941028761446249
"Nos1",0.00936806257540501
"LOC128117912",0.00936318599862836
"LOC128102579",0.00935848750123271
"Amer2",0.00935847364417074
"LOC128125230",0.00934954772821372
"LOC128109508",0.00934582214663522
"LOC128125539",0.00930786386246793
"LOC128116894",0.00930770947454324
"LOC128109595",0.00930000148463662
"Hoxc9",0.00927994240688457
"Clec4f",0.00927981325306577
"LOC128113596",0.00926630693781165
"LOC128099426",0.00925747617352518
"Fam237a",0.00925170611870992
"CUNH5orf58",0.00924910349756791
"LOC128120764",0.00924510138446033
"LOC128113546",0.00923436868193816
"LOC128115456",0.00922134418216129
"LOC128102753",0.00921989992839534
"Tmem210",0.00920595113289441
"Kcnh4",0.00914247557075817
"LOC128095663",0.00913456158779084
"LOC128105611",0.0091330252997015
"LOC128122596",0.00911319421398183
"LOC128112036",0.00910688019745902
"Mageb16",0.00910178531650175
"LOC128100351",0.00909755590884252
"LOC128109559",0.00909552182008619
"Adgrf4",0.009090480533629
"LOC128125533",0.00907678703296598
"LOC128095313",0.00906410891175729
"LOC128120561",0.00904329115637724
"LOC128108713",0.00904297192259976
"Lep",0.00903293281984748
"LOC128108178",0.009028059279496
"LOC128099903",0.00902558718471055
"Kcnj6",0.00902008302182138
"LOC128122242",0.00901719904280682
"Efcab8",0.0090158018673481
"LOC128098024",0.00901524640839874
"LOC128117319",0.0090099089033187
"LOC128107345",0.00899663426027744
"LOC128118064",0.00899329588109951
"Atp4a",0.00898193203091812
"LOC128097420",0.00896664502077336
"CUNH1orf105",0.00894979257423541
"LOC128118304",0.0089414318677712
"Kcnip1",0.00893834448995265
"LOC128097992",0.00892914474347753
"LOC128106118",0.00892413881912353
"LOC128097576",0.00890830930477664
"LOC128104100",0.00886903683125996
"LOC128098910",0.00886086494246047
"Zp1",0.00884097874095038
"Mc5r",0.00882822616026497
"LOC128123349",0.00882775766984524
"LOC128113764",0.00881701948327984
"LOC128115110",0.00881610138410399
"LOC128116146",0.00881398296674834
"LOC128118299",0.00880031186065011
"LOC128125640",0.00879080467106052
"LOC128106177",0.00877312289355873
"LOC128102254",0.00876409033105252
"Atg9b",0.00875975470922296
"LOC128095022",0.00875721118487015
"LOC128104840",0.0087552257784604
"Gpr3",0.00874680510275278
"LOC128106535",0.00872823863502771
"LOC128101812",0.00872069707075073
"Slc2a11",0.00870810265424792
"Pdyn",0.00870264459411848
"LOC128094719",0.00867701146720718
"LOC128120285",0.00865807837703879
"Trnad-guc",0.00865411162166324
"CUNH4orf50",0.00864896580993933
"LOC128097997",0.00864867162220752
"LOC128110126",0.00864648935102721
"Cers1",0.00864382476720771
"LOC128120143",0.00861149031630025
"LOC128113901",0.00858120891324468
"LOC128115080",0.00857945059299045
"LOC128123339",0.00856555987241569
"Ca6",0.00856547502270958
"Ninj2",0.00852550952301547
"LOC128111858",0.00850262354464864
"LOC128110654",0.00847094838050903
"LOC128095951",0.00846987635455604
"LOC128100545",0.00846504781957757
"LOC128106249",0.00845217032221579
"CUNH19orf85",0.00844331024927334
"LOC128113388",0.00843782250911671
"Casr",0.00843617107499946
"Lcn6",0.00842709699638752
"LOC128119047",0.00842450759561111
"LOC128119856",0.00840867040547343
"LOC128109117",0.00840706771289496
"Onecut1",0.00838950786370907
"Mogat3",0.00837476322226732
"LOC128118555",0.00832521821072153
"LOC128094581",0.00831439353421167
"LOC128117458",0.00831185254534549
"Rp1l1",0.00830236368964545
"Grxcr1",0.00829954004577547
"Agrp",0.00828498558006151
"Tex46",0.00826726825867617
"LOC128103768",0.00825126919165962
"LOC128107631",0.00823653949854069
"LOC128120316",0.00822750873102732
"LOC128103940",0.00820842330361051
"LOC128124078",0.00820231036794618
"LOC128106870",0.00819313110499185
"Gsdmc",0.00817781046265707
"LOC128118087",0.00817565249715117
"H1-5",0.00817165300466004
"LOC128110218",0.00816787230289242
"LOC128122250",0.00813206593663877
"Nanos2",0.00812451845373009
"LOC128100258",0.00812068442447461
"LOC128112636",0.00811907660107955
"Plg",0.00811589096942458
"Aicda",0.00809675030326517
"Smim34",0.00808560591197366
"LOC128117033",0.00808286163381861
"LOC128115253",0.00807572704642695
"Tmem95",0.00807212594585656
"LOC128113809",0.00806660993740209
"LOC128104075",0.00805747039065583
"LOC128122637",0.0080367347165791
"CUNH3orf20",0.00803384021876584
"Svop",0.00801647855104043
"Pnma3",0.00800466742107138
"LOC128101915",0.00798875385188545
"LOC128108365",0.00798576236546684
"LOC128125418",0.00796758131831449
"LOC128122025",0.00796466349689181
"LOC128106767",0.00795271567888052
"LOC128097636",0.00794571631733819
"Myrfl",0.00793664147700295
"Cpsf4l",0.0079245809813463
"LOC128098563",0.00791847825219379
"LOC128094450",0.00791646395043269
"LOC128118757",0.00791320132321918
"Slc15a5",0.00790588711929334
"Nanog",0.007894461134199
"Cryba4",0.00789005845879077
"Klhdc7b",0.00787049537850124
"LOC128104175",0.00786635343673229
"Lrrc26",0.00786420242102096
"LOC128108104",0.0078434428738889
"LOC128125724",0.00783340078944773
"LOC128114033",0.00783325536294688
"LOC128098500",0.00782565612540845
"LOC128117206",0.00781951771365333
"Plac1",0.00781483700429086
"LOC128110739",0.00780938170541055
"Prss33",0.00780572243716685
"LOC128099108",0.00779667282139595
"LOC128116249",0.00779257575771169
"Grm6",0.00777347942758711
"LOC128110338",0.0077520981884757
"LOC128112644",0.00775124346849819
"LOC128117640",0.00774380653382193
"LOC128106304",0.00771412676675406
"Nkx2-4",0.00769889532668543
"LOC128115692",0.00768136895587213
"LOC128113363",0.00767886185062042
"LOC128109453",0.0076745679078124
"LOC128101331",0.00766654717092405
"LOC128114726",0.00766175970756357
"Vwc2l",0.00764675997198734
"LOC128123365",0.00763369566878295
"LOC128119033",0.0076167675589456
"LOC128099114",0.00761104161519944
"Iapp",0.00759372103871307
"LOC128105082",0.00758835543209951
"LOC128115393",0.00757529985954535
"Cckbr",0.00756886006083496
"LOC128120617",0.00756536193195412
"LOC128111821",0.00755760697107268
"LOC128097619",0.00754710979307205
"LOC128125437",0.00754029173041723
"Asb10",0.00751503582227531
"Cstl1",0.00750464222485745
"Myl1",0.0074805868584051
"LOC128113350",0.00747069303756699
"LOC128099918",0.0074667787974539
"LOC128096175",0.0074663513761503
"Miox",0.00746547780128256
"LOC128104511",0.00745669475109657
"LOC128112356",0.00745434054737293
"Hoxd10",0.00745074011770995
"LOC128109218",0.00743057301857939
"LOC128102866",0.00742900002780725
"LOC128118727",0.00741819473129448
"LOC128103460",0.00741085202541659
"LOC128094988",0.00741031001272894
"LOC128110124",0.00736685487622701
"LOC128121491",0.00736625062878937
"LOC128120413",0.00735740127593612
"LOC128124585",0.00734665257226874
"Apoc2",0.0073415988885867
"LOC128102730",0.0073407377207365
"Npy5r",0.00732952826192123
"LOC128097015",0.00732935765935387
"LOC128104762",0.0073127789458761
"Ano5",0.00730850463988138
"Etv2",0.00730708507760389
"LOC128102881",0.00729959845550339
"LOC128099962",0.00729833828362097
"LOC128110715",0.00729682053703018
"Lrriq4",0.00729583497618562
"LOC128118150",0.00729175515407162
"LOC128113003",0.00729045948805834
"Ptf1a",0.00728656940408658
"LOC128116600",0.00727637531131001
"Btg4",0.0072742211457294
"LOC128108644",0.00726853347394374
"LOC128098816",0.00723000153123898
"LOC128094761",0.00722784330429572
"LOC128101989",0.0072222440197678
"Moxd1",0.00720707169969802
"LOC128102538",0.00718790039798592
"LOC128095959",0.00717893446726026
"LOC128111402",0.00717179720260492
"LOC128119757",0.00717111293272453
"LOC128100226",0.00716330085720383
"LOC128104074",0.00713581438220523
"LOC128118837",0.00713495964227331
"LOC128113707",0.00713486650385017
"LOC128103523",0.00710663705063271
"LOC128094078",0.00710263600585696
"LOC128097406",0.00709251188239305
"Fgf21",0.00708169944257208
"LOC128104682",0.00705886916056613
"LOC128114215",0.00704195374841849
"LOC128120351",0.00704086913090132
"LOC128095127",0.00703606054497727
"LOC128104434",0.00703011867862058
"LOC128111969",0.00703010476117694
"LOC128107943",0.00702858942494949
"LOC128114991",0.00701116468578257
"LOC128110554",0.00700432951252189
"Best3",0.00700116060426391
"LOC128097084",0.00699821852476528
"LOC128116657",0.00699266706919116
"LOC128119500",0.00698172359944782
"Cabp2",0.00697025368701764
"LOC128118631",0.00693911379969949
"LOC128121786",0.0069288101763005
"Tmprss12",0.00692815803953756
"LOC128103702",0.00690012751894739
"LOC128106121",0.00689494764829362
"Gdf5",0.00688902151842597
"LOC128115627",0.00688768980782036
"LOC128104151",0.00688560561414357
"LOC128102011",0.00688410027798473
"LOC128117813",0.0068679404725083
"LOC128101962",0.00684831928239344
"LOC128108527",0.00684390818168611
"LOC128114165",0.00683584071418069
"LOC128112093",0.00683571719825641
"CUNH3orf52",0.00683192302096996
"LOC128102145",0.00681305730005282
"LOC128125617",0.00680186219072217
"Slc18a3",0.00679740524076735
"LOC128109035",0.00679693574535628
"LOC128109380",0.00679563941696846
"LOC128106070",0.00678794941496994
"Tmprss5",0.00678311999302352
"LOC128122441",0.00677534160669169
"LOC128120756",0.00677244156956145
"LOC128121143",0.00674690427011811
"Foxn4",0.00674685427612294
"LOC128102848",0.00672719678633212
"LOC128115836",0.00672569792402973
"Chrna1",0.00672175891314969
"Prr30",0.00670058713044521
"LOC128101168",0.00669817749851972
"Insl6",0.00669449563620425
"LOC128098347",0.00665772920301444
"LOC128107621",0.00665180285376789
"LOC128114609",0.00664487049146523
"LOC128097582",0.00660940164477757
"Lexm",0.00658221067892421
"LOC128098040",0.0065651965285808
"LOC128096530",0.00656159661964998
"Trnap-cgg",0.00654250205610376
"LOC128121387",0.00653146036187455
"Trnat-agu",0.00652532071633957
"Krt39",0.00652469415685533
"LOC128122122",0.00652237334928088
"LOC128112557",0.00651860852876739
"LOC128100440",0.0064913985815124
"LOC128114183",0.00648906759574555
"LOC128115327",0.00648812371789515
"LOC128108852",0.00648650541446767
"Kcna7",0.00648537729098264
"LOC128125323",0.00648380177077535
"Lrrc69",0.00648240156096062
"Si",0.00648232549426409
"LOC128101518",0.00647439276212699
"LOC128096284",0.00644427478978285
"Igfals",0.00644418963099822
"LOC128103322",0.00643779423795278
"LOC128125597",0.00642952475071843
"LOC128100177",0.00642599715127451
"Catsperd",0.00640487726647217
"LOC128108051",0.00639705223642333
"Sucnr1",0.00639490565772614
"Gad2",0.00639243235351511
"Chrna5",0.00638903458791365
"LOC128115091",0.00635675401871447
"LOC128098250",0.00634589012506912
"LOC128111359",0.00634376271829252
"LOC128122742",0.00633987424467642
"LOC128120864",0.00632874260013386
"LOC128095989",0.00631733783524287
"LOC128104542",0.00631086733619579
"LOC128096931",0.00630591218622757
"LOC128098766",0.00629976002561558
"LOC128106382",0.00628712742124899
"Sbk3",0.00628578278676278
"LOC128119989",0.00627362520223898
"Rxfp2",0.0062637212838147
"LOC128118798",0.00624869662516612
"Myo3a",0.00624673959961663
"LOC128115330",0.00622947046207875
"LOC128110471",0.00622381548426998
"LOC128122615",0.006212458213242
"LOC128104346",0.00621107136411312
"LOC128106431",0.00618664218688439
"LOC128103923",0.00618096888961869
"LOC128100209",0.0061605582249833
"LOC128117576",0.00615474731432222
"LOC128120184",0.00614811448783874
"LOC128111109",0.00613593921014177
"LOC128106328",0.00613005346829487
"Sohlh1",0.00612521006510259
"Myh13",0.00612425118991245
"Vsig8",0.00611366760295411
"Mgat4d",0.00610542540844925
"Gabrg2",0.00607727869760617
"Chrna4",0.00607430492410051
"Kcne1",0.00607300961073381
"LOC128094711",0.00606463426975486
"LOC128095308",0.00606439720324169
"Cacng5",0.00605658996661429
"LOC128122987",0.0060426842155362
"LOC128108048",0.00603973212674836
"LOC128120585",0.006024245183327
"LOC128112760",0.0060232274812478
"Sag",0.00600017653627728
"Alx1",0.00599730091840739
"LOC128104861",0.0059934500673088
"Slc10a4",0.00597241472859955
"LOC128105658",0.0059721247886972
"LOC128120142",0.00597038522948354
"Olig3",0.00596480863006878
"LOC128118660",0.00596255405628575
"Gabrr1",0.00595417362331763
"Tm4sf5",0.00593174475179471
"Pou5f1",0.00592422418464398
"Ocm2",0.00590629949707891
"LOC128096656",0.00589923877278019
"LOC128119700",0.00589113371891236
"LOC128120207",0.0058842199396693
"LOC128113108",0.0058630458814321
"LOC128122679",0.00585677221075758
"Igfbpl1",0.00585449582069054
"LOC128095727",0.00584256324223819
"LOC128117818",0.00583624367429548
"Psca",0.0058354683519913
"LOC128122696",0.0058337002259756
"LOC128111293",0.00582398914429564
"Myoc",0.00582037941243841
"Catsper4",0.00581932315167946
"LOC128112076",0.00581596488049479
"Ca5a",0.00579394215085098
"Ntrk1",0.00578638696364184
"LOC128119383",0.0057723622376405
"LOC128097894",0.00576686513124366
"LOC128115320",0.00575746414157936
"LOC128118884",0.00575728957783582
"Adgrg4",0.00573152948014105
"Dgkk",0.00571112148683248
"Awat2",0.00570857243967726
"LOC128123192",0.00570591476655161
"LOC128103264",0.00569388401101755
"Grid2ip",0.00568539128223152
"LOC128118349",0.00568113107130942
"Slc25a31",0.00567945788587405
"LOC128118574",0.0056777529919133
"LOC128109527",0.00564342931087773
"LOC128109576",0.00563916078982954
"LOC128096453",0.00563801919593308
"Pla2g4e",0.00562729843671082
"LOC128120877",0.00560593107912195
"Spem2",0.00560541489981925
"LOC128099646",0.00560438640606792
"LOC128107228",0.00559466580438689
"LOC128124056",0.00559088345321976
"Mcoln3",0.0055873972606563
"LOC128108017",0.0055675479323319
"LOC128118059",0.00556034006619045
"LOC128123583",0.00555283555205801
"Reg4",0.00554231365606705
"Vwc2",0.00553805759201673
"Dio1",0.00552981660739234
"LOC128121135",0.00552918184426018
"LOC128124809",0.00550329121266645
"LOC128106260",0.0054858708333351
"Iqcn",0.00548357686918792
"LOC128113650",0.00548342997814539
"LOC128124389",0.00547296625068314
"Slc7a3",0.00546735899744238
"LOC128122280",0.00544363914953643
"LOC128113595",0.00544260406026568
"LOC128121678",0.00543583772798122
"LOC128099604",0.00542784669183541
"LOC128119724",0.00542636109988978
"Sox8",0.00542413310245171
"LOC128102847",0.00541751474395339
"LOC128116494",0.00541604610471876
"LOC128115594",0.00540827389604556
"LOC128125773",0.00540525771734561
"LOC128104693",0.00540005233344198
"LOC128109399",0.00538528534405455
"LOC128099495",0.00538423510864236
"LOC128112921",0.00537943647206707
"LOC128109810",0.00537676589232502
"LOC128110540",0.00536874673660789
"LOC128113751",0.00536626755393761
"Itih1",0.00535601723061147
"LOC128104323",0.00535098389694432
"Klf14",0.00533555459780216
"LOC128116329",0.00533412611780321
"LOC128120678",0.00533250103593453
"Dyrk4",0.00531578019090346
"LOC128122799",0.00528246683701579
"Znf804a",0.00527988770415951
"LOC128111337",0.00527961730909469
"LOC128099713",0.00527897658784088
"LOC128094904",0.00527845075846457
"LOC128100858",0.00527067777781915
"LOC128114163",0.0052651419511409
"LOC128095285",0.00526511914832098
"LOC128098262",0.00526414213170487
"LOC128104807",0.00526043098420458
"LOC128108100",0.00525469618414021
"LOC128096078",0.00524950437426773
"Kcng3",0.005247063220717
"LOC128097336",0.00524386053081245
"CUNH15orf48",0.00523252529550473
"Cartpt",0.005215443206417
"LOC128123709",0.00520838995965769
"Ltb4r2",0.00520392910267587
"Pus7",0.00519903099210549
"Kcnj16",0.00518626815889005
"LOC128096285",0.0051853081974143
"LOC128115224",0.00516857843423372
"LOC128109424",0.00516087034682763
"LOC128103129",0.00515285913701146
"LOC128108374",0.00515047809433473
"LOC128111468",0.00514618239866042
"Defb119",0.00514257236088534
"LOC128113670",0.00513656137383929
"LOC128113249",0.00512508750102442
"LOC128125686",0.00512115579255533
"Gpat2",0.00510881077508192
"LOC128104917",0.00509641098550999
"LOC128109710",0.00508068340769888
"LOC128123334",0.00507572702231992
"Degs2",0.00506904917965824
"LOC128095847",0.00506877061975544
"LOC128119176",0.00506562941279381
"LOC128096621",0.00506272400040227
"Tph2",0.00505922314515052
"LOC128116339",0.00505402443457961
"LOC128095461",0.00505368479148784
"LOC128119596",0.00504124641080939
"Gpr62",0.00503434153175577
"LOC128110158",0.00502280889415641
"Pcare",0.00502259137293769
"LOC128113797",0.00502144115995727
"LOC128120797",0.00501746404047617
"LOC128123218",0.00500835211902316
"LOC128106257",0.00499893300230286
"LOC128124630",0.0049977508255056
"LOC128116213",0.00498782384112218
"LOC128099252",0.00498716881213464
"LOC128104123",0.00498403094483667
"Tex51",0.004984029133945
"LOC128120565",0.00498086772242903
"LOC128109928",0.0049781038604531
"LOC128122241",0.00497176336274256
"LOC128098913",0.00497006175734933
"Mymx",0.00496865195627996
"LOC128122225",0.00496622029505777
"Glra1",0.00496477340075793
"LOC128123007",0.00496078199357118
"LOC128109228",0.00496029724319341
"LOC128123598",0.00495479769281024
"LOC128121140",0.00494133035184633
"LOC128117441",0.00494078476106011
"CUNH9orf131",0.00494017095883286
"LOC128112545",0.00492714244414989
"LOC128096204",0.00491816156868189
"Trim17",0.00491271140988281
"LOC128120383",0.0049116069864477
"LOC128120626",0.00490867072676261
"Fabp6",0.00490781723084274
"LOC128114524",0.00490649056021752
"Ebf2",0.00490203079942424
"CUNH1orf185",0.00489957456481133
"LOC128098483",0.00489275744370518
"LOC128095955",0.00487644079945551
"Mrln",0.00487321026174958
"LOC128106114",0.00486361495831536
"LOC128112463",0.00486300426672623
"LOC128123868",0.00485662266921173
"LOC128106837",0.0048389028651744
"LOC128122222",0.00482527082421977
"LOC128106175",0.00482043339763715
"LOC128115219",0.00481986219219646
"LOC128102761",0.00481448912685796
"Tfap2b",0.00479533773710425
"LOC128116111",0.00479508799141102
"LOC128113526",0.00478383991336438
"LOC128123596",0.00477639513174228
"Ccdc201",0.00477396059319025
"Tmem196",0.0047708136310605
"LOC128124559",0.00474919207905632
"LOC128107896",0.00473551073688342
"Tnnt3",0.0047353593543392
"Trhde",0.00473263423191502
"LOC128120002",0.00472970927522155
"LOC128098787",0.00470979210112153
"LOC128115562",0.00466852007157587
"LOC128101476",0.00465238980105537
"LOC128106591",0.00465232471214751
"LOC128102861",0.00465056417211586
"LOC128120206",0.00462561692459412
"Htr2c",0.00462486334747553
"LOC128106496",0.00462286657710059
"Trim40",0.00461654718526746
"LOC128115695",0.00461375876092851
"Fgf17",0.00461129793737487
"LOC128095370",0.00460714218181028
"LOC128118705",0.00460586559943928
"LOC128117960",0.00460170065308804
"Garin1a",0.00459727591518243
"LOC128105809",0.00458949686362621
"Ct55",0.00458391431579604
"Shisa9",0.00457267432446142
"Mmd2",0.00457217789544937
"LOC128098472",0.0045718916740097
"LOC128094835",0.00457185044140716
"LOC128099374",0.00455755738575044
"LOC128094965",0.00455060635518159
"LOC128104021",0.00454685956643937
"LOC128094774",0.00454522018293372
"LOC128115135",0.0045408164292889
"LOC128115166",0.00453357568711881
"LOC128121147",0.0045208615195618
"Alox15",0.00452020757312988
"LOC128111373",0.00450992172326068
"LOC128113296",0.00448475241269488
"LOC128108917",0.00448125619779338
"LOC128108455",0.00448118644751071
"LOC128116119",0.00442523725618773
"Luzp4",0.00440878937888357
"LOC128118596",0.004398883873294
"LOC128123277",0.00439775504484037
"LOC128114018",0.00439082084611867
"LOC128108083",0.00438871432391646
"LOC128120315",0.00437173320118349
"LOC128107329",0.00434928042856787
"LOC128101194",0.00434923997822151
"LOC128108904",0.00434588106049713
"LOC128124157",0.00432819977541064
"Sox30",0.00431461983887776
"LOC128114001",0.00430088470394258
"LOC128111993",0.00429435177829092
"LOC128121159",0.00429211249280813
"LOC128100142",0.00428658122477126
"LOC128121955",0.00428531199283554
"LOC128118137",0.00426926081159686
"Gapdhs",0.00426884744550938
"LOC128107791",0.00426843627387499
"LOC128124745",0.00426667444762654
"LOC128099379",0.00426397177909914
"LOC128095152",0.00425951191166656
"Myadml2",0.00425737976673112
"LOC128114212",0.00425181461997999
"LOC128099005",0.00425053259851326
"LOC128123238",0.00424361459883624
"Aire",0.00422684115818746
"LOC128123160",0.00422624574939246
"LOC128113552",0.00422208935507113
"LOC128113602",0.00421784052016636
"LOC128121867",0.00421438089341256
"LOC128095893",0.00418742457042445
"LOC128115720",0.00418420227980852
"LOC128108208",0.00417679249754235
"LOC128104311",0.0041607314239309
"Pnpla5",0.00416051556878714
"LOC128106864",0.0041590151384986
"Ccin",0.0041526437323412
"Tesmin",0.00413823379420348
"LOC128093901",0.00413164569640971
"LOC128123366",0.00413157627323201
"LOC128100760",0.00412579434529072
"LOC128103527",0.00412080104424321
"LOC128110207",0.00411395526232605
"LOC128096638",0.00409450066052981
"Gdf2",0.00409005147019578
"Opn4",0.00408788667245451
"LOC128111467",0.00408734174652053
"LOC128113082",0.00408692611708751
"LOC128118301",0.00408457684383168
"Cntn3",0.00408382457044199
"LOC128104803",0.00408332018311347
"LOC128123593",0.00407664074431342
"LOC128118288",0.00407577664391938
"Kera",0.0040679941642149
"LOC128094778",0.00406640803763339
"Dydc1",0.00406314730126663
"LOC128119766",0.00406287300915637
"LOC128119420",0.00406125518593275
"LOC128112806",0.00406007454495154
"LOC128102801",0.00405466835478804
"LOC128116549",0.00405003414998549
"LOC128098715",0.00404690379002497
"LOC128095830",0.00403663660553652
"LOC128108711",0.00403154658435462
"LOC128115143",0.00402878266425125
"LOC128116360",0.0040285295773435
"LOC128106832",0.00402458127508495
"LOC128101852",0.0040123376661878
"LOC128104049",0.00400853646922257
"Tmprss7",0.00400723934632369
"LOC128112856",0.00400188089286888
"LOC128123352",0.00398373101884598
"LOC128123004",0.00398235428553235
"LOC128116512",0.00398056617972603
"LOC128125785",0.00397707789862931
"LOC128115024",0.00397498435388215
"LOC128106512",0.00396735263455652
"LOC128105700",0.00396635460881603
"Wnt10a",0.00395933322054777
"LOC128102606",0.00395561613319209
"LOC128122377",0.00395301712805057
"LOC128111966",0.00395188449139046
"LOC128125267",0.00395142347331138
"LOC128111378",0.00394881287815599
"LOC128110731",0.00394398590657011
"Kcnk4",0.003936199859426
"Trnaa-ugc",0.003934608449178
"LOC128122902",0.00392186793637316
"LOC128103983",0.00392168564254078
"C2cd4c",0.00391863075585381
"LOC128095946",0.00390245814820307
"LOC128119130",0.00389723480406749
"Amz1",0.00389679925795236
"LOC128115413",0.0038949725211949
"LOC128120055",0.00388120262167966
"Rbfox3",0.00388035809104375
"LOC128103822",0.0038690834505978
"LOC128107774",0.00386857061672264
"LOC128106646",0.00386315765579454
"LOC128119458",0.00385633693786404
"LOC128123527",0.00384881110989701
"LOC128113491",0.00384657627749713
"LOC128098558",0.00384608791672837
"LOC128116262",0.00384415362416378
"LOC128104187",0.00384108171722879
"LOC128117285",0.00383044938634175
"LOC128116085",0.00382908164283708
"LOC128121192",0.00381636221815114
"Arl14epl",0.00381276321673511
"Srrm3",0.00380737731078106
"Adgra1",0.00380650322687376
"Adad1",0.00380586951043273
"Ca10",0.00380368205387288
"LOC128118235",0.00379793415138341
"LOC128115833",0.00378116634613416
"CUNH9orf50",0.00378034969883176
"LOC128103676",0.00377903795413637
"LOC128122475",0.00376645769177144
"LOC128118858",0.0037601710275665
"CUNH22orf15",0.00375533173371142
"LOC128117328",0.0037448182934892
"Zic5",0.00373737596459888
"Grk1",0.00373371517062239
"LOC128104337",0.00372915209654849
"LOC128116120",0.00372824426085515
"LOC128111581",0.00372783925153658
"Lypd8",0.00372528007213614
"Crygn",0.00371718850675908
"LOC128125544",0.00371313052424094
"LOC128098539",0.00370999093663204
"LOC128116302",0.00370735108796238
"LOC128107443",0.00370448471612853
"LOC128116345",0.00370060902709258
"LOC128122392",0.00368226739212052
"CUNH6orf58",0.00367917924287485
"LOC128125438",0.00366928159002758
"LOC128104097",0.00366887533895501
"LOC128104568",0.00366111701741976
"LOC128107032",0.00365824709310446
"Etv3l",0.00365675154879038
"Spata31f3",0.00365571375873896
"Amelx",0.00364732951306487
"Glyatl3",0.00364592517313847
"Fam186a",0.00363919674294264
"LOC128094150",0.00363062759143056
"Fkbp6",0.00362598731686236
"LOC128109384",0.00360542654322775
"LOC128112550",0.00359912704214571
"Frem3",0.00359225618213698
"Pkd2l1",0.00359029781995153
"Grp",0.00358106137938361
"LOC128111186",0.00357816412885108
"LOC128112035",0.00357133459313294
"LOC128117828",0.00356111092951935
"LOC128123842",0.00355998032955856
"LOC128111612",0.00355873728998192
"LOC128095292",0.00355652622135775
"LOC128109517",0.00355615253397954
"Krt4",0.00355545327828732
"LOC128108931",0.00354775913357765
"Trnal-aag",0.00354543166847056
"LOC128111919",0.0035209193262393
"Nxph4",0.00351987642546729
"LOC128106387",0.00350379892741276
"LOC128103544",0.00349888182231515
"LOC128095332",0.0034986775455826
"LOC128123545",0.00349818655897915
"Srd5a2",0.00349271120512368
"LOC128097973",0.00349120151377835
"LOC128111579",0.00349044624336236
"Mmel1",0.00348919060997756
"Trnal-cag",0.00348911194613589
"Frmd1",0.00348649736049511
"Cavin4",0.00348492084569277
"Tex101",0.00348422912490154
"LOC128103392",0.00348233721696617
"LOC128105047",0.00348095924029137
"LOC128100102",0.00347803728659227
"LOC128113712",0.00347310643900225
"LOC128118819",0.00347152159107495
"LOC128099967",0.00346267245970666
"LOC128099058",0.0034610310459116
"Malrd1",0.00345296179126368
"LOC128124288",0.00344740283581767
"LOC128111665",0.00344085038267644
"LOC128101603",0.00344058488517105
"LOC128122070",0.00343924647036494
"LOC128104042",0.0034373163598587
"Loxhd1",0.00343206173062077
"LOC128120850",0.0034279425669795
"LOC128122608",0.00342108166807347
"LOC128114856",0.00341879985817616
"LOC128105223",0.00341525586652268
"LOC128094511",0.00341194543934344
"LOC128103510",0.00338255706034608
"LOC128110542",0.00338141494047145
"Nrk",0.00338055442666624
"LOC128100335",0.00337612144181958
"LOC128106093",0.0033745372558532
"LOC128110361",0.00336145694862962
"S100a5",0.00336013677755523
"LOC128099985",0.00335798348740245
"Akr1d1",0.00335371574069522
"Lhfpl5",0.00334828021931909
"LOC128105079",0.00334735104085201
"Tmem238l",0.0033468409884671
"LOC128112663",0.00334493254779903
"LOC128094748",0.00333649693568704
"LOC128095143",0.00332633797219493
"LOC128095172",0.00331840035385095
"LOC128114912",0.00331837339887112
"Tmem217",0.00331685565946055
"LOC128098131",0.00331584466309279
"Il2",0.00331033749593397
"LOC128097016",0.00330109823510006
"LOC128112947",0.00328592507307551
"LOC128099928",0.00328583537707516
"LOC128098655",0.00328470643027417
"LOC128095881",0.00328467006207346
"Ccdc63",0.00327060520505281
"LOC128124060",0.00326179301724731
"Rnf133",0.00325722435444169
"LOC128104672",0.00325631497157999
"LOC128118706",0.00324926260113615
"Scgb1d4",0.00324925666410566
"LOC128123502",0.00324853077236317
"LOC128098471",0.00323097384019654
"LOC128103437",0.00319631114194307
"LOC128111987",0.00319553392335879
"LOC128108105",0.00319538084257588
"LOC128101666",0.00318511259859673
"LOC128110968",0.00318282897812176
"LOC128103446",0.00317675641290138
"LOC128122119",0.00317498279609671
"LOC128107031",0.00316985589549826
"LOC128118826",0.00316440695537652
"LOC128119792",0.00315953891697243
"LOC128116140",0.00314803985205793
"LOC128116099",0.00314010128460295
"LOC128103758",0.003139746243843
"Fam83a",0.00313833928825492
"LOC128098065",0.00313006714692743
"LOC128121558",0.00312898344277082
"LOC128114554",0.00311338548833542
"CUNH13orf46",0.0031109992361903
"LOC128107920",0.00310475129599244
"LOC128120891",0.00310323650532108
"LOC128106091",0.00308590188479747
"Emx1",0.0030774680110688
"LOC128111788",0.00307341716288646
"Acp4",0.00307299123015542
"LOC128107399",0.00307292918746536
"Grik1",0.00307145066987862
"LOC128107442",0.00306831656077781
"Ms4a12",0.00306628238303482
"Trnas-aga",0.00306160760487573
"LOC128116939",0.00306001132533287
"LOC128113151",0.0030493618820879
"Fgf16",0.00303954341972762
"LOC128124623",0.00303900037575315
"Ush1g",0.003029364624797
"LOC128103902",0.00302568543672247
"Dsg4",0.00301994111245178
"LOC128095848",0.00301853318414174
"Dcaf16",0.00301583441449459
"LOC128107794",0.00301577622363221
"LOC128114986",0.00301065933540315
"LOC128120361",0.00300298677659294
"Zp3",0.00299588778456457
"Stac2",0.00299403523765871
"LOC128114130",0.00299256044538169
"LOC128106253",0.00299201490920001
"LOC128106182",0.00299179574169593
"LOC128102768",0.0029886680841669
"LOC128112345",0.00298716022441524
"Dsc1",0.00298504380209855
"LOC128095406",0.00298103589036772
"LOC128102738",0.00298094467419666
"LOC128097529",0.00297711536403159
"LOC128099511",0.00297224003829461
"LOC128101674",0.00296433331911362
"Tm4sf4",0.00296346242069369
"LOC128111979",0.00295181814845375
"LOC128110487",0.00295144051982431
"LOC128103836",0.00294977403999315
"LOC128100363",0.00294959177869705
"LOC128123096",0.00294930310773074
"LOC128094762",0.00294826710485765
"LOC128111807",0.00294803495297605
"Cacna1s",0.0029452803528697
"LOC128097746",0.00294507526269802
"Nrsn2",0.00293943852993271
"Tmigd3",0.00293650197375769
"LOC128095681",0.00293347332503516
"LOC128108419",0.00293278875669307
"LOC128095049",0.00292800425692487
"Slco1b3",0.00292719338671467
"LOC128122279",0.00292600209939031
"Rfx6",0.00292548294177504
"LOC128095780",0.00291570596518303
"LOC128109071",0.00290442962745605
"S100a3",0.00290423696390998
"LOC128109507",0.00290189000491833
"LOC128107991",0.00289985453661287
"LOC128116372",0.00289579834395417
"Cnga2",0.00288543703727179
"LOC128113258",0.00288346604980317
"Lmod3",0.00288316760616261
"LOC128118882",0.00288198289071942
"LOC128102913",0.00287832053057138
"LOC128108337",0.0028740057523765
"Tmem249",0.00287093708447191
"LOC128113796",0.00286994043202312
"Tmprss13",0.00286347590064901
"LOC128101081",0.00285538079374514
"Cmtm5",0.00285377294331205
"Dmc1",0.00285223769279738
"Il20ra",0.00285070854513756
"LOC128097328",0.0028481577757977
"LOC128108088",0.00284208577194849
"LOC128122894",0.00283661695034055
"LOC128105377",0.0028365596012995
"LOC128105743",0.00283209222277909
"LOC128099685",0.00282781710345973
"LOC128104102",0.00282777689952383
"LOC128098249",0.00281909092040349
"LOC128104725",0.00281644403328949
"LOC128096626",0.00281287578809055
"Catsper1",0.00281103853777523
"Lrit3",0.00280501427648451
"LOC128104246",0.00279776582983505
"LOC128113170",0.00279299663482067
"LOC128122803",0.0027819033095915
"Il19",0.00277292391741011
"LOC128111379",0.00276728622066244
"LOC128120147",0.00276677594658128
"LOC128097840",0.00276499617897508
"LOC128120985",0.00275470519833229
"LOC128108232",0.00275255114930537
"Nhlh1",0.00274955586599464
"Prodh2",0.00274621277955479
"LOC128122950",0.00274387138774825
"Eddm13",0.00274026677156293
"LOC128110236",0.0027375902430117
"Dpys",0.00273572950400532
"LOC128100339",0.0027341943590822
"LOC128116124",0.0027313560943647
"LOC128119525",0.00272936054674614
"LOC128116105",0.00272595629021561
"LOC128109391",0.00272053284560941
"Frmd7",0.00271948700373431
"Kprp",0.00271526183059148
"Tex52",0.00271447107558983
"Rtp2",0.00270463029299334
"LOC128099520",0.00270426972872603
"LOC128119886",0.00270114949635111
"LOC128111961",0.00269709875770633
"LOC128123515",0.00269647583407193
"LOC128107762",0.00268907291262252
"LOC128120462",0.00268455485650119
"LOC128120655",0.00268035425179118
"LOC128107849",0.00267963178909802
"LOC128098606",0.00267611266681397
"LOC128106820",0.00267285195046267
"LOC128097858",0.0026578916351049
"LOC128095716",0.00265218256579759
"LOC128118866",0.00265063840009854
"LOC128096611",0.00264613781080995
"LOC128097181",0.00264011166760134
"LOC128099274",0.00263296057425815
"LOC128114021",0.00263075800880783
"Msgn1",0.00263015232730381
"Asb18",0.00262954829756358
"LOC128116267",0.00262784501881931
"Parpbp",0.00262649745556581
"LOC128113306",0.00262229613126271
"LOC128099129",0.00261691292453705
"LOC128096107",0.00261600380476536
"LOC128120487",0.00260924049658137
"LOC128111815",0.00260695872464221
"Agxt2",0.00260092637860368
"LOC128100207",0.0025982460887933
"Plcd4",0.00259640212534743
"LOC128117609",0.00259479517310982
"LOC128110667",0.00259395989239748
"LOC128122011",0.00258967067711174
"LOC128117308",0.00258600400577746
"Erfe",0.00258465904712076
"Pdzrn4",0.00258378467026932
"LOC128095748",0.00258264394918762
"LOC128115167",0.00257994919784693
"LOC128095684",0.00257127666277164
"Gdf9",0.00256545494682528
"LOC128123177",0.00255954702815306
"LOC128098000",0.00255825330241851
"LOC128104699",0.0025565791400706
"Slc22a7",0.0025552638603663
"LOC128112759",0.00255051031820238
"LOC128105419",0.0025467370470141
"Zic1",0.00254620838021218
"LOC128108115",0.00254579035659685
"Calb1",0.0025371368108867
"Ucp1",0.00253417800950607
"LOC128098168",0.00252692880599759
"Pglyrp3",0.00252643681133226
"LOC128117434",0.00252384422005992
"LOC128107776",0.00251815691621122
"LOC128100084",0.00251809667271767
"LOC128122837",0.00251773140364573
"Ankrd2",0.00251720111792261
"LOC128105556",0.00251617581342232
"LOC128108402",0.00251613870628266
"Oosp2",0.00251389708823111
"Hcrt",0.00251078355023523
"CUNH16orf95",0.00251012228688385
"LOC128118314",0.00250942481869219
"LOC128094429",0.00250820010589409
"LOC128095231",0.00250782701528823
"LOC128123597",0.00250234775854161
"Lrrc3c",0.00249966389457403
"Mmp10",0.00249959317892584
"LOC128104349",0.00249244005727107
"LOC128107216",0.00248261989392399
"LOC128103270",0.0024791329395197
"LOC128100215",0.0024774127810069
"Atp6v1g3",0.00247187418839765
"LOC128107492",0.0024643166529629
"LOC128120724",0.00246350281453905
"LOC128109940",0.00246308667458229
"LOC128113217",0.00245944690077981
"LOC128113782",0.00245871475958062
"LOC128109614",0.00245507148562897
"LOC128100734",0.00244159527624001
"LOC128122646",0.0024354859479774
"LOC128116300",0.00243328635346057
"Rag2",0.00243322441731625
"LOC128120813",0.0024283007681655
"LOC128107309",0.00242566756662874
"LOC128095843",0.00242424283554662
"Lactbl1",0.00241738601864855
"Il21",0.00241108052656469
"LOC128095117",0.00240825781289946
"LOC128105083",0.00240594082973611
"Vgll2",0.00240061423461921
"LOC128119770",0.00239822741186807
"LOC128106084",0.00239265314576616
"LOC128116279",0.00237749001054858
"LOC128117574",0.00237194817551699
"LOC128107588",0.00237024535161454
"LOC128106768",0.00236953322710458
"Znf648",0.002363650355602
"Prph2",0.00236277997508668
"LOC128111537",0.0023571050687986
"LOC128103261",0.00234842251537614
"LOC128117532",0.00234124877718893
"Rnf175",0.00234103142676937
"LOC128108576",0.00234035830367493
"LOC128094200",0.00233587753812343
"LOC128125423",0.00233451970599959
"LOC128104361",0.00233363248579831
"LOC128094678",0.00233191180411787
"LOC128118816",0.00232995145805153
"Pax9",0.0023291840545143
"LOC128099936",0.00232916761373441
"Trnak-uuu",0.00232784392454793
"LOC128094750",0.00232749028755629
"LOC128116127",0.00232506789455147
"LOC128114478",0.00232490798864756
"LOC128116919",0.00232266832959278
"LOC128097742",0.0023101830406888
"LOC128110969",0.00230997806553667
"Nutm1",0.00230596198626094
"LOC128098082",0.00229545023603894
"LOC128099380",0.00229290334318146
"Hcrtr2",0.00229271859405485
"LOC128117204",0.00229208645391543
"LOC128100260",0.00229013254747037
"LOC128125361",0.00228371388495021
"LOC128109183",0.00228300314920762
"Ghrh",0.00228174427367205
"LOC128097490",0.00228120461829073
"LOC128105688",0.0022777440308881
"Armh2",0.00227344777693758
"LOC128109485",0.00227218354755855
"Pcsk9",0.00225952239556173
"Btnl2",0.00225686811064265
"LOC128094297",0.00225672744183898
"LOC128099070",0.00225157231494922
"LOC128110185",0.0022392198694216
"Chrnb4",0.00223582212252349
"Slc13a4",0.002235605068472
"LOC128124748",0.00223228595400712
"LOC128116975",0.00222822248506238
"LOC128121158",0.0022220713768104
"LOC128097346",0.00221674391289418
"LOC128105630",0.00221574447406594
"Gpha2",0.00220450061382946
"Gpr101",0.00220063891169783
"Sp7",0.00219468345941558
"Allc",0.00219457179564213
"LOC128120753",0.00218953317496806
"LOC128113646",0.0021890879178882
"Tlr10",0.00218727878739557
"LOC128098364",0.00218059467813249
"LOC128115709",0.00217585279509671
"LOC128105712",0.00216875710138484
"LOC128103262",0.0021676674505558
"LOC128117499",0.00216612013219707
"LOC128112744",0.00216514593747649
"Smim32",0.00216499073660524
"LOC128124053",0.00216250695527426
"Arpp21",0.00215950134060628
"LOC128109167",0.0021585987803227
"LOC128113221",0.00214886252746855
"Trnag-ucc",0.00214788877626041
"Cltrn",0.00214699408891181
"LOC128100179",0.00214116637261444
"LOC128115721",0.00213859679657658
"LOC128118408",0.00213791420872134
"LOC128110910",0.0021266516426286
"LOC128118053",0.00212498111785997
"Aspdh",0.00212309438949929
"LOC128113390",0.00212212763531666
"LOC128098929",0.00211940150846022
"LOC128122881",0.00211806467538764
"LOC128110507",0.0021144341171756
"LOC128104103",0.00211432324673099
"LOC128124624",0.00211161743656182
"LOC128107307",0.00210118817962955
"Ctcfl",0.00209380275019156
"LOC128119088",0.00209086631125517
"LOC128117245",0.00208386036096341
"Tsga10ip",0.00208379101529204
"LOC128100446",0.00208082472445217
"LOC128102810",0.00208030273209488
"Pdilt",0.00207834378663682
"LOC128101702",0.00207801083662493
"LOC128104856",0.00207697382808253
"LOC128118335",0.00207619100191547
"Sycp2",0.00207291362418689
"LOC128100497",0.00207236276956719
"LOC128125366",0.00206994269913982
"LOC128114488",0.00206959618755473
"Cplx1",0.00206616850378556
"LOC128094975",0.00206550107021879
"LOC128112728",0.00206425055929777
"Pah",0.00206354771336099
"LOC128094343",0.00206298874864453
"LOC128124275",0.00205887319337673
"LOC128118586",0.00205252887935941
"LOC128110022",0.00205194977031838
"Gpr150",0.00205020556127336
"Dmrt3",0.00204993317439516
"LOC128106335",0.00204972599921361
"LOC128113444",0.00204889999403444
"LOC128095709",0.00204606878929939
"LOC128125606",0.00203395288970201
"LOC128121772",0.0020323845928452
"LOC128105112",0.00203102498557611
"LOC128094954",0.00202965937046813
"LOC128094752",0.00202710388097945
"LOC128115190",0.00202703668372825
"Slc13a3",0.00202398816718928
"LOC128111956",0.00201851607270191
"LOC128094624",0.00201614210158952
"LOC128103267",0.00200399237545357
"Tmigd1",0.00200306094164589
"Nxt2",0.00200286128167975
"LOC128113660",0.00200230538411812
"LOC128094252",0.00200223369174366
"LOC128107937",0.00199781105113163
"LOC128099774",0.0019976053161637
"LOC128096075",0.00199510200732038
"Nkx1-1",0.00199066839558124
"Sycp2l",0.00198618698208081
"LOC128094864",0.00198561123106623
"LOC128112450",0.00198192192560703
"Lbx2",0.00198177322777316
"LOC128116650",0.00198063501940033
"Dlx1",0.0019764383869848
"Defb1",0.00197453104888803
"Slco1c1",0.00197214285462081
"LOC128103551",0.00197170077454835
"Fgf22",0.0019706461542907
"LOC128103435",0.0019697651942837
"LOC128109300",0.00196943956427062
"LOC128106917",0.00196668256499697
"LOC128116736",0.00196147473125931
"LOC128119694",0.00195753771239649
"Ccl1",0.00195623986006069
"LOC128112012",0.00195473337090617
"LOC128096856",0.00195207421448587
"LOC128096734",0.00195178134469096
"LOC128122752",0.00194496444376532
"Fam135b",0.00194307428606749
"LOC128103606",0.00192285043829905
"Rbm44",0.00191066034831207
"LOC128095351",0.00190864492122924
"LOC128120643",0.00190557954961184
"Lrrc53",0.00190147178204241
"LOC128104404",0.00190099258502833
"Trnar-ucg",0.00189643123554711
"LOC128106775",0.00189489988030773
"LOC128123830",0.00189293510421932
"LOC128120045",0.001892250750669
"LOC128120777",0.00189190919147303
"Ksr2",0.00189181711935226
"LOC128106635",0.00188777362714656
"Lcnl1",0.00188462386146124
"LOC128093874",0.0018818108984145
"LOC128098235",0.00188109518918905
"LOC128104062",0.00187940288400356
"LOC128102351",0.00187638713774436
"Cntnap4",0.00187096644615056
"LOC128125355",0.00186228069477921
"LOC128120504",0.00186193351708442
"LOC128107009",0.00185078633295261
"Garin2",0.00184584445196186
"LOC128104825",0.0018453183391762
"LOC128109441",0.00184507316423661
"LOC128118698",0.00184463322480934
"LOC128113692",0.00184409237711683
"LOC128120779",0.00184334618258579
"LOC128114606",0.00184038703672627
"Dlx5",0.00184034203914534
"LOC128123701",0.0018328974431347
"LOC128122880",0.00182881008024502
"LOC128121912",0.00182303804079093
"LOC128097926",0.00182178196900756
"LOC128104210",0.00182161959552312
"LOC128098077",0.00181795552366899
"LOC128115500",0.00181647272959059
"Otop2",0.00181400517624671
"LOC128120588",0.00181358774161837
"Adad2",0.00181246711975657
"Catsperz",0.00180438292287877
"LOC128117396",0.00180133551279307
"Svopl",0.00179933607070193
"Hrh3",0.00179780393421185
"LOC128119775",0.00179398847822723
"LOC128124285",0.00179085471945064
"Tafa4",0.00178342886174778
"Mlana",0.00177628795329605
"LOC128122455",0.00177568972230369
"LOC128119870",0.0017730207102652
"LOC128104602",0.00177218300483692
"LOC128115068",0.00177162923485076
"LOC128111711",0.00177124115027338
"LOC128094950",0.00176823518532108
"LOC128097835",0.00176199129266185
"LOC128098633",0.00176119350984514
"LOC128104626",0.00175345450731176
"LOC128116418",0.00174812385941835
"Myh8",0.0017475337156
"LOC128117436",0.00174727510309984
"LOC128100764",0.00174724686460898
"CUNH6orf52",0.0017466611296648
"LOC128105508",0.00174362833194139
"LOC128101159",0.00174219337902529
"LOC128102620",0.00174031808267152
"LOC128103692",0.00173726141132934
"LOC128114151",0.00173695312713165
"LOC128110145",0.00173116955961871
"LOC128101129",0.00172937059980774
"LOC128115165",0.00172501570398079
"Pcdhb1",0.0017226355167531
"LOC128101530",0.00171777729280457
"Clul1",0.00171683456695561
"LOC128103694",0.00171674270061451
"Gpr87",0.00171532516941579
"LOC128107147",0.00170784783125356
"LOC128095596",0.00170164402065844
"LOC128104549",0.00170133441845288
"LOC128098023",0.00170047464492936
"LOC128108993",0.00170039395179589
"LOC128122237",0.00169797061483575
"LOC128107713",0.00168953594028927
"Helt",0.0016834927529865
"LOC128113591",0.0016831448327804
"LOC128099153",0.00168069284061908
"LOC128106803",0.0016787343406836
"LOC128123560",0.00167316709477853
"LOC128112313",0.00167270242841591
"LOC128120576",0.00167197041860281
"Krt13",0.00166977763885256
"Actrt3",0.00166853534806705
"LOC128116551",0.00166792221045893
"LOC128108258",0.00166721271489737
"LOC128094634",0.00166680103522449
"LOC128117295",0.0016663445682089
"LOC128104423",0.00165808332959382
"P3r3urf",0.00165639408265169
"LOC128099988",0.0016558106111111
"LOC128111397",0.00164733453759142
"LOC128124605",0.00164527509269032
"LOC128121954",0.00164097570186915
"LOC128122224",0.00163770591453913
"LOC128125128",0.00163081751138883
"Trnae-uuc",0.00161837072560574
"LOC128095128",0.00161830382537756
"Cdx1",0.00161725019830145
"LOC128125321",0.00161700752049952
"LOC128119453",0.00161655256905292
"LOC128103741",0.00161334663580397
"CUNH11orf86",0.00160829574405579
"LOC128102201",0.00160494153160565
"LOC128106515",0.00160481118206501
"LOC128125641",0.00160358261281244
"Triml2",0.00160194416943586
"LOC128094212",0.00159994110237622
"LOC128096371",0.00159988826379336
"LOC128108021",0.00159792999652366
"Hbz",0.00159664960972099
"LOC128102163",0.00159573988507811
"LOC128102702",0.00159504469427184
"LOC128117183",0.00159353890824271
"Tmem275",0.00159108657023812
"LOC128113874",0.0015908461382911
"LOC128099669",0.00158745088649433
"LOC128099154",0.00158717071253243
"LOC128095371",0.00158533977961553
"LOC128104073",0.00158512330027582
"LOC128108453",0.00158475368408971
"Fam170a",0.00158175999029653
"LOC128112284",0.00157872082061824
"LOC128109685",0.00157617330363244
"F13b",0.0015754587892109
"LOC128107318",0.00157485167439251
"LOC128117338",0.00157474301277368
"LOC128105645",0.00157238053434405
"Tnp2",0.00157206304833718
"LOC128123223",0.00156382700431555
"LOC128118128",0.00156332777111807
"LOC128098059",0.00156086475841139
"LOC128100434",0.00155996505209553
"Trnaq-uug",0.00155895119980863
"Calhm1",0.00155557066648655
"LOC128124059",0.00155285912496454
"LOC128125593",0.00154969188460552
"LOC128100355",0.00154887834762158
"LOC128108934",0.00154757331798549
"LOC128102729",0.00154305953376895
"LOC128112102",0.00154078128267513
"LOC128099784",0.00154016824022823
"LOC128115134",0.00153982812243778
"Pabpc5",0.00153917207366746
"LOC128110695",0.00153644405684906
"LOC128125728",0.00153240791529252
"LOC128094109",0.0015311078467372
"Defb115",0.00152880553837536
"Rbp7",0.00152744912855298
"LOC128123627",0.00152333030731135
"LOC128114088",0.00152261262388142
"Oc90",0.00152139935442012
"LOC128112373",0.00151672427570509
"LOC128118052",0.00151502316408691
"LOC128102755",0.00151483495040205
"Rsph6a",0.00151066417509659
"Mrgprd",0.0015103319972202
"Irgc",0.00151030701073298
"LOC128098090",0.00150540840040184
"LOC128106128",0.00150391266118975
"Rbp2",0.00150310563487472
"LOC128100436",0.00149943192609146
"LOC128112803",0.00149809058965599
"LOC128116999",0.00149556397431408
"LOC128095645",0.00149549737522938
"LOC128097515",0.00149350576023771
"LOC128111375",0.00149013321084694
"Cbln2",0.00148911618195441
"LOC128110231",0.00148792277946119
"Majin",0.00148620123431398
"LOC128106040",0.00148408902510971
"LOC128113211",0.00148332951206568
"LOC128104084",0.00148331444838509
"LOC128104251",0.00148323653761303
"Tacr3",0.0014817658379801
"LOC128116346",0.00147623559469643
"Insc",0.00147621367733387
"Calml5",0.00146866795888085
"LOC128101835",0.00146689509196589
"LOC128119486",0.00146585207407608
"LOC128097541",0.00146557155787657
"LOC128112129",0.00146183564845627
"LOC128107101",0.00146026080735187
"LOC128112474",0.00145718541529743
"Tas2r4",0.00145466879822427
"LOC128102710",0.00145452693021189
"LOC128114016",0.00144811815245781
"LOC128109194",0.00143297891063491
"Neurod4",0.00143271782759908
"Dmrtb1",0.0014321365056714
"Kcna4",0.00142726943492264
"LOC128113253",0.00142613915994066
"LOC128098950",0.0014232156851939
"LOC128096414",0.00142233693688199
"LOC128098639",0.00142110757168734
"Tex35",0.00142052006405506
"LOC128099101",0.0014203990939156
"LOC128119161",0.00141839780981515
"LOC128116505",0.00141589523972402
"Cntn5",0.00141381479782095
"LOC128096153",0.00141131927695554
"Insm2",0.00140997862189273
"LOC128120564",0.00140926884762526
"LOC128109168",0.00140644766872411
"LOC128107942",0.00140616698457362
"Nkain3",0.0014053821112627
"Il24",0.00139998412340579
"LOC128096867",0.00139890308035589
"Gsc",0.00139872805310693
"LOC128123595",0.00139845928586126
"Rho",0.00139352822047011
"LOC128102388",0.00139135232625856
"LOC128122295",0.00139091900103361
"Llcfc1",0.00138976553257653
"Slc16a8",0.00138824349726584
"Btbd18",0.00138607263843309
"LOC128104653",0.00138594730409299
"Gpc5",0.0013852670030422
"Duox2",0.00138504482117914
"LOC128109201",0.00138093231936798
"Fam181a",0.00137985719313594
"LOC128096673",0.00137843515516658
"Spata19",0.00137130947388193
"Nmu",0.00136789023270573
"LOC128106751",0.00136751151031591
"LOC128118309",0.0013658914752192
"LOC128114765",0.0013624029928882
"LOC128106075",0.00136205556211951
"LOC128116990",0.0013600162661996
"LOC128109325",0.00135892883156981
"LOC128120826",0.0013588255473974
"LOC128122107",0.0013586362415228
"LOC128121802",0.00135860093694793
"LOC128104098",0.00135854641875816
"LOC128118296",0.00135744370231223
"LOC128106730",0.00135548819807695
"Il12b",0.00135436855734034
"LOC128113589",0.00135087839149591
"LOC128094753",0.00134997024599652
"Lipn",0.00134793086221409
"LOC128116475",0.0013478722634254
"LOC128124651",0.00134768784847624
"LOC128115834",0.0013463835774516
"LOC128099117",0.00134044457289355
"LOC128096877",0.00133988716426863
"LOC128099075",0.0013395539341259
"LOC128098634",0.00132922324450285
"LOC128120735",0.0013251127829581
"LOC128113493",0.00132475731322075
"LOC128095703",0.00132360793279968
"LOC128099177",0.00131898365434262
"LOC128123708",0.00131573781721077
"Irs4",0.00131560712880267
"LOC128121363",0.00131399085143675
"LOC128096682",0.00131082358927694
"Trnae-cuc",0.001308153176357
"LOC128120593",0.00130581185440543
"LOC128096860",0.00130244212807508
"LOC128115176",0.00130054363589799
"LOC128114513",0.00129715091678622
"LOC128094764",0.00129468333200277
"LOC128122802",0.00129139553997226
"LOC128098245",0.0012913137022248
"LOC128104566",0.00128817520790305
"LOC128111822",0.00128812877252705
"LOC128100247",0.00128420000956827
"LOC128113828",0.00128082159156293
"Akain1",0.00127953818957686
"LOC128113317",0.0012764444232181
"Pvrig",0.00126215863267257
"Gsg1l2",0.00125974544125876
"LOC128121554",0.00125836103639361
"LOC128103169",0.00125625844023964
"LOC128119206",0.00125610816335335
"LOC128097248",0.00125289277134348
"LOC128110723",0.00125215533361136
"LOC128124717",0.00124716188626628
"LOC128115291",0.00124537804226329
"LOC128114467",0.00123951612375507
"LOC128109226",0.00123770124189591
"Slc35f4",0.001235756450187
"LOC128113896",0.00123548811174433
"LOC128104259",0.00123468482155726
"LOC128110199",0.00123204505798384
"LOC128119399",0.00122927174321616
"LOC128103920",0.00122817985285468
"LOC128100116",0.00122639981756594
"LOC128123624",0.00122208701585401
"LOC128118205",0.0012165451730771
"LOC128097362",0.00121453919089198
"LOC128111561",0.0012135880626467
"LOC128123562",0.00121287821287266
"LOC128122262",0.0012128705131436
"LOC128115719",0.00120947907687276
"Lgals2",0.00120617548989222
"LOC128115753",0.00120244688443805
"LOC128098254",0.00120120512270418
"LOC128102694",0.00120103328915036
"LOC128110877",0.00119901491062025
"Dao",0.00119722378746928
"LOC128100455",0.00119499995877954
"LOC128123391",0.00119119337972807
"LOC128103193",0.0011911780373773
"Lrfn2",0.00118863195801553
"Krt6a",0.0011856659236398
"LOC128105036",0.0011807650678608
"Trarg1",0.00117565255536814
"Fam177b",0.00117268750164461
"LOC128095853",0.00117267079239899
"Tat",0.0011720866424163
"Sebox",0.00117118444820793
"LOC128113944",0.00116517191909461
"Ccdc110",0.00116510260941733
"LOC128118777",0.00116357818340169
"Slc34a1",0.0011626927493992
"LOC128117006",0.00116203540548062
"Scrg1",0.00116092040669908
"Trpc7",0.00115439083549206
"LOC128102850",0.00115301492897736
"LOC128123455",0.00114934119475465
"Ovch2",0.00114703428944273
"Il17c",0.00114662875069549
"Oprm1",0.00114594687986892
"LOC128105042",0.00114520067857697
"Cela1",0.00114259639806707
"LOC128125768",0.00114247646190902
"LOC128105722",0.00114071210251083
"LOC128097459",0.00114058973007092
"LOC128097775",0.00113659819388494
"LOC128118117",0.00113526350828916
"LOC128095197",0.00113371495589527
"Scgn",0.00113309852230972
"LOC128120048",0.00113232345384234
"LOC128117026",0.00113077262376924
"LOC128110204",0.00112980573921543
"Tepp",0.00112870340344714
"LOC128123003",0.00112455310564923
"Prm3",0.00112053655773636
"LOC128117694",0.00111963430802412
"Chodl",0.00111296628789426
"LOC128113561",0.00111221718523819
"LOC128094972",0.00110964821560716
"LOC128097528",0.00110890501244184
"LOC128111487",0.00110886448847332
"LOC128116150",0.00110740803591113
"L3mbtl4",0.00110507952086062
"Rnf17",0.00110350794805602
"LOC128115934",0.00110083009449115
"LOC128115403",0.0010996834178227
"LOC128114552",0.00109876191587758
"Tbata",0.00109415691775009
"LOC128102286",0.00109155056870903
"LOC128112578",0.00108742503319546
"LOC128115568",0.00108655327390528
"Msantd5",0.0010862391435879
"LOC128116438",0.0010853248642079
"LOC128112523",0.00108363391410183
"LOC128118176",0.00108348391868216
"Cnga3",0.00108321442505079
"Gpr6",0.00108292322476944
"LOC128105318",0.00108208823803118
"LOC128117283",0.00107747943587504
"LOC128120718",0.0010764675698721
"LOC128122541",0.00107612736455838
"LOC128121139",0.00107557684616954
"LOC128121298",0.00107436898286755
"Chrm5",0.00107271410763246
"LOC128101773",0.00107091038223032
"Iqca1l",0.00106913546131884
"LOC128104901",0.00106847554825255
"LOC128105934",0.00106350644865366
"Gtsf1l",0.00106220501728807
"LOC128094522",0.00106215471482019
"LOC128124172",0.00106192472278981
"Scn10a",0.0010614112458639
"LOC128096715",0.00105631145543471
"Hephl1",0.00105496714420871
"Gpr33",0.00105413063421474
"LOC128095559",0.00104643432614708
"LOC128099840",0.00104482054282888
"LOC128098745",0.00104433372085177
"LOC128116353",0.00104349544848417
"Apoa4",0.00104308556352784
"LOC128117290",0.00104096480077759
"LOC128123460",0.00103918495580061
"LOC128123949",0.00103745406768855
"Epha8",0.00103376401595976
"LOC128097492",0.0010329911475913
"LOC128125419",0.00103260134141295
"Ms4a10",0.00103211360375863
"LOC128120274",0.00102599086827008
"LOC128116209",0.00102574391429895
"LOC128121662",0.00102562618222434
"Lin28b",0.00102538729394643
"LOC128103434",0.00102429733654875
"Lypd4",0.00102415565379437
"LOC128097964",0.00102136008493169
"LOC128123305",0.00102044744500034
"LOC128099755",0.00101900141836437
"LOC128106609",0.00101821515023794
"LOC128116818",0.00101776640049078
"LOC128107139",0.00101572265676136
"LOC128097978",0.00101426628400842
"LOC128104462",0.00101243870858461
"Gpr12",0.00101063567439575
"LOC128109883",0.00101000637591205
"LOC128116042",0.00100913307791737
"LOC128121850",0.00100902768976461
"LOC128125415",0.00100725988141943
"LOC128097759",0.00100503905017503
"LOC128117615",0.0010040960530869
"Inhbe",0.00100299428018164
"LOC128095896",0.00100165669810662
"Ly6g5b",0.0010009124859197
"LOC128123300",0.000997917923669293
"LOC128124171",0.000997433168097829
"LOC128094064",0.000996472388165117
"LOC128095448",0.000994127013387874
"LOC128101714",0.000993589388223303
"LOC128117366",0.000990371831880271
"LOC128097245",0.000989566511231416
"LOC128123308",0.000981114331868778
"Slc45a2",0.000980003511706406
"LOC128098234",0.000979326285219891
"Otop1",0.000978275744184081
"LOC128095877",0.000974157547429165
"C1ql2",0.000972192001002461
"LOC128118676",0.000971460456440421
"LOC128110526",0.000968615323928339
"LOC128099310",0.000968412319085687
"LOC128124174",0.000967861265481963
"LOC128104414",0.00096681565945564
"LOC128099972",0.000964917352886963
"LOC128098782",0.000964233226365646
"Noto",0.000959840809861864
"CUNH6orf15",0.000958174067967129
"LOC128101019",0.000957976514147403
"LOC128095387",0.000956795797335096
"Ttll2",0.000951948446486896
"LOC128122273",0.000951411009901787
"LOC128103895",0.000950783459014461
"LOC128108803",0.000950525467736883
"LOC128119451",0.000949777454568206
"LOC128119170",0.000949309314636302
"LOC128120033",0.00094805066544311
"LOC128112170",0.000946492405724985
"Fam178b",0.000946399749723052
"LOC128117834",0.000946192478597421
"LOC128115182",0.000943931560821917
"LOC128118248",0.000943354369832266
"Trnal-uaa",0.000942082482741987
"LOC128116640",0.000940551205785603
"LOC128102262",0.000937712403905872
"Rtl1",0.000936514623275697
"Acan",0.00093629977519702
"LOC128122346",0.000935516903542714
"Trim71",0.000935459197040189
"Pip5kl1",0.000935124591891286
"LOC128103681",0.000934022143198494
"LOC128114762",0.000931779143558622
"LOC128102193",0.000927427701444608
"LOC128108624",0.000927193260448658
"Asb5",0.000925884269583811
"LOC128117726",0.00092587745103878
"LOC128100186",0.00092325461550479
"LOC128094474",0.000922425305601233
"LOC128108028",0.00092151103718686
"LOC128113204",0.000921108582310036
"LOC128107875",0.000919651214977099
"Il36rn",0.000916531311285627
"LOC128110428",0.000912876698105058
"LOC128113878",0.000906469727310983
"LOC128115255",0.000905230663043942
"Fgf4",0.000904958828001635
"LOC128116994",0.000904755666741405
"LOC128123625",0.000904109481427126
"LOC128107977",0.000903752841778336
"LOC128104548",0.000902468217783993
"LOC128123552",0.000896591775802053
"LOC128097622",0.000895401231180603
"Gip",0.000895110041867973
"LOC128115684",0.000894461041924097
"LOC128115420",0.000894240210689667
"LOC128119725",0.00089287469257088
"LOC128115366",0.000892785916516459
"LOC128124301",0.000887835319720659
"LOC128117029",0.000887338423238981
"Hmx1",0.000887066637597704
"LOC128107884",0.000882844892152234
"Lrrc31",0.00088184854541659
"LOC128116311",0.000881641744872975
"LOC128112558",0.000880190695759448
"LOC128115806",0.000879457428836928
"Ccdc105",0.000879237851799537
"LOC128123005",0.000877695067956037
"LOC128105951",0.000877396389017133
"LOC128095123",0.000874175730596544
"LOC128117980",0.000873595819889432
"LOC128124177",0.000872386508835085
"LOC128098173",0.00087153795787026
"LOC128117159",0.000871231953704977
"LOC128116274",0.000871011306464373
"Septin14",0.000870928740404453
"Retn",0.000867546252006929
"LOC128118580",0.000867066213613219
"LOC128124248",0.000866912966255623
"Odf3l2",0.000866301921116171
"LOC128115274",0.000863666160568995
"LOC128100507",0.000860641268275166
"LOC128108926",0.000860577444174089
"LOC128117261",0.000860392419394382
"LOC128115133",0.000859639404579324
"LOC128116365",0.000858624287119715
"Ptcra",0.000858368965987131
"LOC128110449",0.000858353350654345
"LOC128115389",0.000858114498901034
"LOC128104639",0.000857826645276702
"LOC128112428",0.000857461224271569
"LOC128094926",0.000854793057533238
"LOC128120349",0.000851639795745596
"LOC128097911",0.00085138735821139
"LOC128116116",0.000849277804343569
"LOC128101147",0.000846539936495207
"LOC128121881",0.00084383014428989
"LOC128095840",0.000842422061713927
"LOC128115105",0.000839020003900948
"Tmem215",0.000838115017219644
"LOC128112808",0.000835910326530899
"LOC128123499",0.000835635067342905
"LOC128106187",0.000833954119660194
"LOC128106477",0.000833573033611139
"LOC128124291",0.000833456272239446
"Duoxa2",0.000829858328382862
"LOC128115258",0.000829432475745106
"LOC128106144",0.000828337661089794
"LOC128100738",0.000828261823800413
"LOC128106520",0.000824471807907841
"LOC128104128",0.000824197557508476
"LOC128123550",0.0008208638059165
"LOC128116255",0.00082067150661549
"LOC128095230",0.000820380366130541
"LOC128121449",0.000819184907453519
"LOC128118885",0.000818421405282326
"LOC128094329",0.000818351131933918
"Chrdl2",0.000817901693039406
"LOC128119385",0.000815082858346927
"LOC128117294",0.000814303611116408
"Cer1",0.000813572328292465
"LOC128118622",0.000812772090078375
"LOC128117829",0.0008119991761158
"LOC128103962",0.000811846872825664
"LOC128117376",0.000810595475890146
"LOC128095897",0.000809411177579721
"LOC128099627",0.000807210254765579
"LOC128097562",0.000806289715418186
"LOC128103073",0.000805166826345146
"LOC128097597",0.000803446163053944
"LOC128110196",0.000801296545983595
"Spata4",0.000801155937618451
"LOC128106978",0.000800991493662874
"LOC128110094",0.000800121526376787
"LOC128100880",0.000799884299678269
"Sall3",0.000796786549200333
"LOC128107667",0.000796713172593633
"LOC128116485",0.00079606110412341
"LOC128114052",0.000794528901106587
"LOC128114785",0.0007943805129424
"Etnppl",0.000793131181156969
"LOC128106110",0.000792953035391862
"Elovl2",0.00079255688436382
"LOC128112964",0.000792203321690651
"LOC128115092",0.000792092306396619
"LOC128098453",0.000791941456414689
"LOC128104575",0.000791670309281719
"Cldn2",0.000791296796935778
"LOC128102636",0.000788699641667232
"LOC128114729",0.000787370271203657
"Stra8",0.000784742145407463
"LOC128116283",0.000784226932223562
"LOC128105970",0.000783746203558045
"LOC128098097",0.000783458995466082
"LOC128112590",0.000783266154234309
"LOC128106163",0.000781999503305387
"CUNH21orf140",0.000781977035128094
"LOC128097449",0.000781593799334762
"Tmem132d",0.00078133523784425
"LOC128123902",0.000778854832727671
"Tshb",0.000778683780205464
"LOC128100932",0.000775196426915862
"Gng8",0.000774777345523127
"LOC128111345",0.0007740414700788
"LOC128124175",0.000774039125267203
"LOC128102493",0.000772549662264314
"LOC128105424",0.000772494057386416
"LOC128104387",0.00077212977666333
"Hoxb9",0.000772117215022436
"LOC128111134",0.000771800722170436
"Rcvrn",0.000770865259328895
"LOC128103099",0.000769193231557566
"LOC128101445",0.000764429716417277
"LOC128101659",0.000764429716417277
"LOC128095429",0.00076377703539132
"Syndig1l",0.000763329527783409
"LOC128095755",0.000762671833657508
"LOC128094340",0.000761421824551369
"Mnx1",0.000760871747489616
"Grm1",0.000760839237985426
"LOC128110340",0.00075985350672096
"LOC128109497",0.000759710319757221
"LOC128124176",0.000759601882004541
"LOC128125402",0.000759368624469147
"Nhlh2",0.000755804420398177
"Mbl2",0.000755584160904169
"LOC128115109",0.000755071812527254
"LOC128110525",0.000754818579186306
"Blacat1",0.000754516875261341
"LOC128096694",0.000754144096312724
"LOC128125356",0.000753750633732943
"Tyrp1",0.000753485481950986
"LOC128109336",0.000750401717384388
"LOC128111403",0.000746881576345444
"LOC128113222",0.000745399175271796
"Tchhl1",0.000743272437228287
"LOC128117906",0.000742853822694684
"LOC128117526",0.000738232562376785
"LOC128100271",0.000737643728405952
"LOC128122774",0.000735729429956422
"Ano3",0.000735611002414232
"LOC128097002",0.000733774295106659
"LOC128103663",0.000732290583288968
"LOC128095180",0.000732290583288968
"LOC128118526",0.000728363563636267
"LOC128109959",0.00072798509241898
"LOC128123337",0.00072684349082622
"LOC128101340",0.000724662206637941
"LOC128110469",0.000723421723581094
"Spink5",0.000718718959892328
"LOC128107976",0.000718318002315209
"LOC128101537",0.000718318002315209
"Tdrd5",0.000717170014835651
"LOC128106193",0.000717023816064918
"LOC128094118",0.000713866069931231
"Dpep2nb",0.000711236755591631
"CUNH20orf202",0.000709528622986957
"Rtp1",0.000704638058752633
"LOC128113139",0.000704367871604648
"Ostn",0.00070422824030784
"Npy",0.000702498034024366
"LOC128123582",0.000699451948385837
"LOC128110244",0.000698833290740593
"LOC128106960",0.000696465939882289
"LOC128121037",0.00069456924683898
"LOC128104289",0.000694444470358869
"LOC128095685",0.000694414699604779
"LOC128120648",0.000690335725246131
"LOC128119373",0.000690018651395486
"LOC128106455",0.000689015054025782
"LOC128104823",0.000688907763088907
"LOC128098870",0.00068817736175835
"LOC128098116",0.000687232811413156
"LOC128107231",0.000687115179820946
"LOC128124087",0.000686288226821924
"LOC128094133",0.000685320907954228
"Armc12",0.000685014523011671
"LOC128099373",0.000683746040000603
"LOC128123924",0.000682164910519414
"LOC128111217",0.000681724317789225
"LOC128109892",0.000680226782822644
"LOC128108924",0.000678344036508985
"Kcnh1",0.00067756313243869
"LOC128105084",0.000675274471024821
"LOC128109837",0.000674912045019258
"LOC128112771",0.000674756227571757
"LOC128103740",0.000674224268735043
"LOC128124217",0.00067262501876383
"LOC128100757",0.000670804421200501
"Trnal-caa",0.000669792093108158
"LOC128100203",0.000667870068166386
"LOC128120175",0.000664308325292862
"LOC128094104",0.000663468462550316
"Galntl6",0.000663336367521576
"LOC128100642",0.000662864246107026
"LOC128111717",0.000660079894056632
"LOC128100375",0.000659875348799778
"LOC128123615",0.000659161689576354
"LOC128118242",0.000658760259449517
"LOC128094759",0.000656828872724918
"Gpx6",0.000655802504402848
"LOC128108103",0.000655192465620359
"LOC128095834",0.000654920036225288
"LOC128100461",0.000653462730731708
"Tspan16",0.000653126943755675
"LOC128095771",0.000651566852275341
"CUNH10orf62",0.000651517319694539
"LOC128106769",0.00065127405521217
"LOC128120871",0.000649663472200229
"Banf2",0.000644209775848103
"LOC128123797",0.000642742709240041
"LOC128112346",0.000642461801050237
"LOC128110077",0.000641772115930216
"LOC128095741",0.000641627436421423
"Slc17a1",0.000641323431976604
"Bsph1",0.000640323502021267
"LOC128120922",0.000639979858776856
"LOC128124107",0.000639922830252279
"LOC128117995",0.000639873608363096
"LOC128094513",0.000639848623283918
"LOC128120513",0.00063905732176673
"LOC128110652",0.000638143312884013
"Clic2",0.000637391911027552
"LOC128107135",0.00063738432038921
"LOC128095490",0.00063738432038921
"LOC128102798",0.000636516990203366
"LOC128114885",0.000635554071527014
"LOC128094989",0.000634906423572627
"LOC128114450",0.000634174089648852
"LOC128097662",0.000633478361917344
"LOC128115040",0.000632860695920613
"LOC128116139",0.000631922803116216
"LOC128112848",0.000630839788556322
"LOC128098009",0.000630431326412742
"LOC128107451",0.000630260193960645
"Th",0.000629612307769703
"LOC128115104",0.000628354924248295
"LOC128100272",0.000627047766764194
"Cryba2",0.000624263796205992
"LOC128111501",0.000622108815723329
"Cnih3",0.000621024947864554
"LOC128123148",0.000620444908538847
"LOC128109007",0.000620210108890282
"LOC128098307",0.000619602136287576
"LOC128117114",0.000618893613317986
"LOC128094661",0.000618208180228064
"LOC128098279",0.000618051913808855
"Triml1",0.000617218227111424
"LOC128101683",0.000617132318820871
"Xkr5",0.000616739268609441
"LOC128097981",0.000616308499834754
"LOC128097982",0.000614820299586735
"LOC128109512",0.000613603390697615
"Opn5",0.000613561140349984
"LOC128101670",0.00061355983457736
"LOC128103076",0.000611225099762209
"LOC128099490",0.000610548448911108
"Lrrc66",0.000610391185949646
"LOC128116458",0.000610057026969808
"LOC128099970",0.000607735938816638
"LOC128120050",0.000607254944517305
"Fam163a",0.000606898064268959
"Arl9",0.000606590504771114
"LOC128109281",0.000605541850217166
"LOC128096156",0.000604279224184604
"LOC128115117",0.000603839402402669
"LOC128100763",0.000602779016345482
"LOC128123512",0.000602245827699581
"LOC128106811",0.000602116246521968
"Ankrd34c",0.000600023852147211
"Strit1",0.000599648640281132
"LOC128108339",0.000595741330694006
"LOC128117519",0.000594709356842718
"LOC128120601",0.000594225194486138
"LOC128118624",0.00059115698272461
"LOC128097954",0.000588911812169446
"LOC128094721",0.000588120435981758
"LOC128102226",0.000587338458622341
"LOC128124045",0.000585594867754831
"LOC128095218",0.000584701347977054
"Kcns2",0.000582997290067058
"LOC128118677",0.000582456206315051
"LOC128114756",0.000582451256775783
"Tgm5",0.000581861181588444
"LOC128125238",0.000581793233607402
"LOC128098129",0.000580150362841561
"LOC128116667",0.00057782423923166
"LOC128120062",0.000576411595977155
"LOC128120770",0.000575607263658716
"LOC128103115",0.000573384140052941
"LOC128122590",0.000570475534323276
"LOC128109310",0.000568300127844301
"Tmc2",0.000567884991702151
"LOC128094610",0.00056746439242912
"LOC128115251",0.000566229180708322
"LOC128100022",0.000565105830841326
"LOC128096077",0.00056425209987229
"LOC128108549",0.000564049722853904
"LOC128103513",0.000563725004018109
"LOC128113849",0.000563609709214886
"LOC128124692",0.000563521433747606
"LOC128097215",0.000563056519284427
"LOC128112133",0.000562084384341408
"LOC128121746",0.000561504226897672
"LOC128123856",0.000561104010467099
"LOC128099473",0.000560924098188873
"LOC128105696",0.00056085619878753
"Hoxa13",0.00055929066703859
"Alx3",0.000557488816713924
"Creg2",0.000557313244483752
"LOC128112958",0.000556850558045417
"LOC128120589",0.000555708075509363
"LOC128104012",0.000555566884845509
"LOC128112352",0.00055549117282749
"LOC128098377",0.000554695503416541
"LOC128116007",0.000554087364686389
"Gimd1",0.000552444735307784
"LOC128100661",0.000552082984769217
"LOC128112923",0.000552023230935829
"Brinp2",0.000551469575773802
"LOC128116037",0.000551114339657995
"LOC128101367",0.000550799785957731
"LOC128104348",0.000549974187801969
"LOC128116190",0.000549568252377027
"LOC128119341",0.000547264251456114
"LOC128107217",0.000544218144264578
"LOC128108865",0.000543809716740929
"Fancd2os",0.000542723996844171
"LOC128125761",0.000540421554600172
"Znf488",0.000540278115776259
"LOC128118180",0.000539638668300478
"LOC128115688",0.000539519115700053
"LOC128098169",0.000537787913995212
"LOC128104454",0.000536502431822196
"LOC128105380",0.000535528440628235
"Habp2",0.000535388461310204
"LOC128123616",0.000535280028466252
"LOC128123918",0.000533235122028186
"LOC128102733",0.000532818917946439
"LOC128109669",0.000532747141190448
"Fgf3",0.000532702438783807
"LOC128109422",0.000531451497205207
"LOC128098109",0.00052938595806524
"LOC128108411",0.000527709064933614
"LOC128122059",0.000527646326643185
"Foxe3",0.000524706224249637
"LOC128094871",0.00052279833805408
"LOC128109481",0.000520900142497762
"LOC128107574",0.000520261447594001
"LOC128103660",0.000518092549369562
"LOC128111032",0.000515485463946035
"Insl3",0.000514310295083265
"Wdr88",0.000514234213010747
"LOC128102135",0.000513946219367546
"LOC128106867",0.000513318762528489
"LOC128107815",0.00051304635971505
"Tex28",0.000512680225897367
"LOC128123494",0.000510708169633743
"LOC128125378",0.000510577740076577
"LOC128116364",0.000509220212735877
"LOC128101813",0.000509169584704707
"Ccdc188",0.000507309419024834
"LOC128100236",0.000504520671094674
"LOC128120140",0.000503026639739037
"LOC128116315",0.00050146015701549
"LOC128123132",0.000499785672441987
"LOC128093944",0.000499673690814751
"LOC128124048",0.000497086369761949
"LOC128123241",0.000496933819211884
"LOC128116834",0.000494961339877674
"LOC128095957",0.000494632240192854
"LOC128110648",0.00049427497676994
"LOC128110132",0.000493957692869413
"Gvqw3",0.000493115295774532
"LOC128109804",0.000493068955883248
"LOC128107964",0.000492989337286377
"LOC128109421",0.000491600605222525
"Vgll1",0.000490985254456971
"LOC128116749",0.000489488846734944
"LOC128110211",0.000487857723417672
"Grifin",0.000487607124644634
"LOC128121937",0.000486038342244376
"LOC128109489",0.000485892211094147
"LOC128104769",0.000485335998375571
"LOC128117292",0.000484048564392648
"LOC128114022",0.000483084567727014
"LOC128120807",0.000478097910404841
"LOC128120767",0.000477845535087918
"Dcst2",0.000477745866366799
"LOC128101562",0.000477723133434598
"Prss51",0.000475850502071293
"LOC128119527",0.000475516759754201
"LOC128103927",0.000475057994685168
"LOC128125342",0.000474561353490204
"Golt1a",0.000474059697497775
"Lhx9",0.000473535638276715
"LOC128104101",0.00046997184038894
"Serpinb11",0.000469379105258506
"LOC128101867",0.000469227914538642
"LOC128107924",0.000469053977437251
"LOC128123203",0.000468862044141533
"LOC128115066",0.000467900983023689
"LOC128097670",0.000467750433863857
"LOC128095335",0.000467561793956105
"Trnah-gug",0.000466266810892253
"LOC128111492",0.000466146301000744
"LOC128100490",0.000464785155253229
"LOC128111973",0.000464105212822583
"Mdfic2",0.000463775666121153
"Ubqlnl",0.00046251177755102
"LOC128120736",0.000461625018788247
"Rxfp1",0.000460160222201512
"Rax",0.000459652671060085
"LOC128112371",0.000458827593010412
"LOC128122556",0.000457189079037742
"LOC128100933",0.000456901348397994
"LOC128107324",0.000454496195557682
"LOC128115306",0.000454215372845186
"LOC128112070",0.000454199305214522
"LOC128117443",0.000454019425685817
"LOC128119531",0.000452715221084664
"Odam",0.000452311327338135
"LOC128114286",0.000452235972566325
"LOC128122256",0.000451400043324967
"LOC128120128",0.000449758019139444
"LOC128104384",0.00044949938657167
"LOC128109333",0.000448866054177825
"LOC128105428",0.000448577407678359
"LOC128094294",0.000447436037266821
"Tdrd12",0.000446268787931777
"LOC128119579",0.000444766370842812
"LOC128121122",0.000444536849203556
"LOC128125505",0.000444417261245423
"LOC128105085",0.000443355164440722
"LOC128106969",0.000442560638272532
"LOC128106063",0.000441959720813383
"Rnf151",0.000441656219282841
"Cldn14",0.000441476447305513
"LOC128121185",0.000441014500353706
"LOC128113788",0.000440812172181913
"LOC128106090",0.000440196880973349
"Urad",0.000439836002989235
"Trnag-ccc",0.000439499828549982
"CUNH20orf173",0.000439020051142103
"LOC128108125",0.000436879233081964
"LOC128124278",0.000436309526891396
"LOC128117552",0.000435837066370355
"LOC128097171",0.000435692170176259
"LOC128095166",0.000434907144616648
"LOC128104219",0.000434776806709111
"LOC128114767",0.000434684549700253
"LOC128093922",0.000434673953336552
"Ankk1",0.000434308417955837
"LOC128113902",0.000433651556041974
"LOC128113765",0.000433561660180614
"LOC128099388",0.000432334814736212
"LOC128106637",0.000430103804001466
"LOC128119003",0.000428970919403047
"LOC128121199",0.000425996997413422
"LOC128112949",0.000425906769138731
"LOC128123222",0.000425811076931993
"LOC128095475",0.000424415466215442
"LOC128106080",0.000422478804362296
"LOC128118423",0.000422351372588885
"LOC128104034",0.000421070142529581
"LOC128100213",0.000420858725955637
"LOC128098171",0.000419063599527781
"LOC128121609",0.000418615519062327
"LOC128101662",0.000418245938985843
"LOC128123535",0.000418205262152753
"LOC128112418",0.000417647533305055
"LOC128104467",0.000415275985014183
"LOC128112564",0.000415257921388458
"LOC128103710",0.000415142169886942
"Dnajb8",0.000413454302016209
"LOC128103607",0.000412919678570796
"Soat2",0.000412055603347954
"LOC128118086",0.000410639634737879
"Tmco5a",0.00041052086286854
"LOC128112609",0.000409110914447392
"LOC128105562",0.000408256548121596
"LOC128100475",0.000406724063302284
"LOC128124305",0.000406618590875397
"Ppp1r1c",0.000403009605902416
"Nr2e1",0.000402975616000903
"LOC128106774",0.000402539943642731
"Umod",0.000402118277714775
"LOC128120196",0.000401001016997819
"LOC128110358",0.000399879114961483
"LOC128125337",0.000399340807818812
"LOC128100385",0.000399142450154025
"Pmfbp1",0.000399066903257056
"LOC128110176",0.000398384884421463
"LOC128102914",0.000398271919533532
"LOC128111469",0.000397105205188593
"LOC128114716",0.000397013250172369
"LOC128123000",0.000396451823419615
"Slco6a1",0.000395389374140001
"LOC128105874",0.000394651687424642
"LOC128109191",0.000394401020846929
"Tspear",0.000393953489498822
"LOC128124188",0.000392739985422588
"LOC128113127",0.000392732990813079
"Pth2r",0.0003895626354562
"LOC128107921",0.000386560854629784
"Adam30",0.000386139652117016
"Siglecl1",0.000385691611781257
"LOC128118139",0.000384692800762313
"LOC128106966",0.000383767223848787
"LOC128112306",0.000383670508216735
"LOC128102186",0.000382319823266495
"LOC128106486",0.000382213781962706
"LOC128118923",0.000381584012763531
"LOC128115089",0.000380345587326928
"LOC128100393",0.000379851661475818
"LOC128095888",0.000379090138430739
"LOC128120389",0.00037857621163073
"LOC128122248",0.000378405881477393
"LOC128119340",0.000377995822838159
"LOC128098021",0.000377305531626985
"LOC128097496",0.000376955287630929
"LOC128122979",0.000376587729924031
"Kcnk9",0.000373694237733162
"LOC128118703",0.000373563680935751
"LOC128103269",0.000373458314366605
"Marchf11",0.000372701385486968
"LOC128102970",0.000371746289811994
"LOC128123621",0.00037147137595318
"LOC128100779",0.000370717457490018
"LOC128115575",0.000368111803297937
"LOC128118040",0.000368013053658676
"Rnf222",0.000367515414126555
"LOC128106381",0.000367322991810635
"LOC128113592",0.000366485078273473
"Znrf4",0.000366029654068247
"Barx1",0.000365629322557352
"Dppa2",0.000365315796152486
"Morc1",0.000365315796152486
"Neurod6",0.000364974566977443
"LOC128105972",0.000364583922234448
"Myf6",0.000363669423883486
"LOC128102894",0.000363238687487324
"Bpifa3",0.00036294903834797
"LOC128123568",0.000362327161176284
"Odf1",0.000361630181529149
"LOC128111619",0.000361383085655864
"LOC128116498",0.000360420676531072
"LOC128106391",0.000360410537930489
"LOC128102166",0.000360132105105509
"LOC128105590",0.000358713757196299
"LOC128113152",0.000357315542408913
"LOC128116366",0.000356264156770176
"LOC128114774",0.000356198274573766
"LOC128103260",0.000355836243920379
"Ccdc192",0.000355363130461667
"LOC128106247",0.000355362143400078
"LOC128115081",0.000354384873916616
"LOC128115428",0.000354363518866879
"LOC128112318",0.000354014710617864
"Il4",0.000352574931179703
"LOC128102719",0.000351750150194096
"LOC128101980",0.000351333896161838
"LOC128105287",0.000350458361480434
"LOC128102178",0.0003501889625259
"LOC128110741",0.000349681933055142
"LOC128125491",0.000347928318510953
"Lrrc74a",0.000347350429918163
"LOC128106384",0.000346318829486621
"LOC128122843",0.000344769768798936
"LOC128100150",0.000343509682892204
"LOC128095208",0.000343123623459988
"LOC128110703",0.000342935079010464
"LOC128106468",0.0003426705924816
"LOC128102387",0.000341155430353211
"LOC128108629",0.000340492940100805
"Uts2",0.000339600340937006
"LOC128122390",0.000338769418351413
"LOC128113703",0.000337598022226139
"LOC128111977",0.000337188414980216
"LOC128097140",0.000335768580856424
"LOC128106458",0.000335430508324607
"LOC128110081",0.00033534250163017
"LOC128100470",0.000334295828942857
"LOC128108015",0.000334205264439709
"LOC128113234",0.000333735035441008
"LOC128124332",0.000332791404686729
"Wbp2nl",0.00033251335942954
"LOC128115118",0.000332325490102514
"LOC128120518",0.000330788382271257
"LOC128106308",0.00033005685585477
"LOC128120018",0.000329359588940973
"LOC128103949",0.0003287740914271
"LOC128121204",0.000325903116803531
"Rs1",0.000325810356109907
"LOC128095870",0.000325657449696718
"LOC128104763",0.00032559964748421
"LOC128123186",0.000323760361516341
"LOC128124350",0.000323584195416869
"Septin12",0.000322512917375936
"LOC128114743",0.000322501812580091
"LOC128097139",0.000322350015234993
"LOC128112249",0.000321548489232833
"Npbwr2",0.000321498593473571
"Garin3",0.000321490831398557
"LOC128099741",0.000321282287056206
"Mmp20",0.000320936680914663
"LOC128106873",0.00032074673067141
"LOC128109113",0.000320128031120602
"LOC128111381",0.000319154610920569
"LOC128108932",0.000318676085119264
"Fam186b",0.000318660111386949
"Ihh",0.000317791137625491
"LOC128104461",0.000317351287575258
"LOC128106815",0.000316507579773893
"LOC128119498",0.000316150154588967
"LOC128119695",0.000315991366979495
"LOC128095329",0.00031311740410546
"LOC128112931",0.000312741588065401
"LOC128104499",0.000310587631654289
"LOC128114644",0.000309967513735215
"Dppa4",0.000309954965695869
"Figla",0.000309942081877219
"Zic2",0.000308821579426184
"LOC128123500",0.000308579947941833
"Dmrt1",0.00030856573257494
"LOC128123980",0.000308274637682868
"Slc2a2",0.000308226769143023
"LOC128111393",0.0003071913524279
"LOC128111294",0.000306566290205116
"Fabp9",0.000306451000880706
"Pinlyp",0.000304561883829761
"LOC128109025",0.000303435913447983
"Ankrd60",0.000303190554010073
"LOC128114075",0.000299057944940451
"Epyc",0.000299039342727004
"LOC128118492",0.000298465948706777
"LOC128098265",0.00029827029283352
"Fabp12",0.000297714473712293
"LOC128104015",0.00029748222265945
"LOC128096863",0.00029648763190103
"LOC128111353",0.000294995768788082
"LOC128105716",0.00029412828443272
"LOC128093902",0.000293532104889648
"LOC128123705",0.000291360978333552
"Foxl2",0.000290546598050669
"LOC128113730",0.000290160338355353
"LOC128097810",0.000289860209894321
"LOC128095833",0.000289818440303105
"LOC128120126",0.000289788505463308
"LOC128097268",0.000289720682542064
"Mmp27",0.000289632690583173
"LOC128098005",0.000289482465421302
"LOC128108421",0.000289475495677056
"LOC128095839",0.000289058319256293
"LOC128096150",0.000288580011086401
"LOC128095858",0.000287969594496286
"Wnt1",0.000287529001165657
"LOC128099905",0.000286932606761844
"LOC128099459",0.000286856570337932
"LOC128100029",0.000286268146560256
"LOC128106407",0.000286135743720163
"Lhx1",0.00028553558453304
"LOC128113661",0.000285212871650067
"Abhd12b",0.000284587274341076
"LOC128115113",0.000283515260564845
"LOC128101224",0.000281705761347915
"LOC128124155",0.000280895697804545
"LOC128106023",0.000280888258867377
"LOC128106801",0.000280014942795972
"LOC128111363",0.000279601731992176
"LOC128121552",0.000278693529130201
"LOC128094796",0.000277723930894871
"LOC128099233",0.000277415478049352
"Asprv1",0.000277043302385863
"LOC128104649",0.000276369316536199
"LOC128116424",0.000276227758713468
"Fndc8",0.000275473148364017
"LOC128109451",0.000274780779015735
"LOC128108035",0.000273589196962871
"LOC128116358",0.000272886841264511
"LOC128104852",0.000271912621935269
"LOC128120390",0.00027175719480334
"LOC128101125",0.000271535286834724
"Smim45",0.000271444620735065
"LOC128108177",0.000270836351900773
"LOC128109178",0.000270631967650207
"Trnaf-aaa",0.000269347743835877
"LOC128110229",0.000268805679624859
"LOC128102725",0.000268253990469121
"LOC128108784",0.000267492431595374
"LOC128115723",0.000267183802034203
"LOC128112562",0.000266557362958377
"LOC128099514",0.000265671390449438
"LOC128109861",0.000265349672533251
"Ccdc178",0.000264811580004328
"Lhx3",0.000264050802654965
"Pfn3",0.000263968790971893
"LOC128104118",0.00026357198756671
"LOC128104190",0.000263249913962341
"LOC128117388",0.000262848845332771
"Asb9",0.000262531916782807
"LOC128120921",0.000262215283476865
"LOC128095567",0.000261865342302122
"LOC128099336",0.000261312670345959
"LOC128123566",0.000260814800511518
"LOC128104127",0.000260677601380095
"LOC128124129",0.00026045181524173
"LOC128098137",0.000260355526956045
"LOC128125758",0.000260300141153325
"LOC128123289",0.000259861598490148
"LOC128123714",0.000259002094277007
"LOC128094357",0.000258693774504989
"Slc22a16",0.000258099093133184
"LOC128123565",0.000258069140646685
"LOC128122396",0.000258066503784724
"Krt35",0.000257633284759932
"LOC128101251",0.00025741740568704
"LOC128097910",0.00025693171457541
"LOC128112187",0.000255419631152507
"Fezf1",0.000255286887620957
"CUNH1orf68",0.000254848157275802
"LOC128111667",0.000253962915847081
"LOC128116489",0.000253836861451046
"Cnga4",0.000253143954801005
"LOC128116113",0.000252087550246839
"LOC128097539",0.000251325204134211
"LOC128120634",0.000251167406634104
"LOC128125447",0.000251051616226385
"LOC128098120",0.000250598168040334
"Padi1",0.000250393246107084
"LOC128103590",0.0002499401168997
"LOC128113702",0.000249841104450448
"LOC128105878",0.000248974998142859
"LOC128122462",0.000248614956810732
"LOC128097769",0.000247854385901961
"Ntsr2",0.000247827607527528
"Dlx2",0.00024702492696684
"Lin28a",0.00024692558383757
"Acot12",0.000246663985457039
"LOC128098592",0.000246563839982183
"LOC128099110",0.000246211270775962
"LOC128095702",0.000246174667038408
"LOC128123526",0.000245985339335685
"LOC128116885",0.000245096071052273
"LOC128103673",0.000244882457541818
"LOC128094488",0.000243937861241621
"LOC128097720",0.00024268237976083
"LOC128117987",0.000242603955558636
"LOC128106836",0.000242603955558636
"Spocd1",0.000242175131620501
"Mroh9",0.000241371245865369
"LOC128112183",0.000241152253025595
"Rlbp1",0.000240596194098105
"LOC128100078",0.000240141634840031
"LOC128105643",0.000239196137773167
"LOC128104869",0.000238007055935676
"Hbe1",0.000237651298363565
"LOC128096861",0.00023751513628083
"LOC128115136",0.000237354834047542
"LOC128102016",0.000237152056299582
"LOC128101508",0.000235982774156905
"Myl10",0.000235683517694085
"LOC128106980",0.00023535436816991
"Pnoc",0.000235295107255964
"LOC128117529",0.000234857346713059
"LOC128112251",0.00023465645319242
"LOC128098101",0.000233863947071146
"LOC128100267",0.000233375113421008
"LOC128099502",0.000233111788526727
"LOC128117884",0.000233102033288328
"LOC128115090",0.000232947395550643
"LOC128110530",0.00023236455250064
"LOC128100184",0.000232052043803879
"LOC128105961",0.000231833598419802
"LOC128112611",0.000231381344740871
"Impg1",0.000229953776427612
"LOC128113223",0.000229847485306225
"LOC128114824",0.000229480486186658
"LOC128108918",0.000228219453960405
"LOC128123982",0.000225440802867693
"LOC128116350",0.000225232721367167
"LOC128120747",0.000225066187744724
"LOC128107128",0.000224703929882409
"Zpld1",0.000224667005178574
"LOC128120794",0.000224350076356051
"Ucn",0.000224246017968575
"LOC128108116",0.000223765470910581
"LOC128122365",0.000223478525598608
"LOC128094843",0.000223248875245438
"LOC128106532",0.000222714274147856
"LOC128100462",0.000222310065515438
"LOC128109444",0.000221591616827115
"LOC128097506",0.000221420979174281
"LOC128121762",0.000220134990605171
"LOC128097033",0.000219889230957569
"LOC128122254",0.000219800589100971
"LOC128098105",0.000219798223077205
"LOC128096088",0.000219552921916909
"LOC128124142",0.000219551160061893
"LOC128124666",0.000219518237306914
"LOC128123167",0.000219053197358582
"Bcl2l10",0.000218417786655163
"CUNH2orf80",0.000217783246168525
"LOC128110911",0.00021729777073117
"LOC128103378",0.000217273281634447
"LOC128110838",0.000216994934454041
"LOC128119401",0.000216865826963452
"LOC128111826",0.000215565142994188
"Trnaa-cgc",0.00021543250341095
"LOC128102173",0.000214532305800683
"LOC128099841",0.000214028470093082
"LOC128116592",0.00021395441557943
"LOC128095892",0.000213597962757924
"LOC128112254",0.000212839078679241
"LOC128101156",0.000212521272707827
"LOC128115074",0.000212428364154505
"Trnaf-gaa",0.00021220578860153
"LOC128114147",0.000212087780781551
"LOC128116107",0.000211459962127296
"LOC128097849",0.000211339556226411
"LOC128123165",0.000211336424050665
"Cacna2d4",0.000210745850696434
"Igfbp1",0.000210595723437079
"LOC128100866",0.000210573103664446
"Krt82",0.000209906216927944
"LOC128100410",0.000209826176800264
"LOC128105977",0.00020962492377768
"LOC128105740",0.000208097279268726
"LOC128100565",0.000207274150852949
"LOC128124282",0.000206448003508374
"LOC128117641",0.000205911883379949
"Mboat4",0.000205710049709028
"LOC128095412",0.000205599892352399
"LOC128113018",0.000205526537543303
"LOC128108415",0.000205413698928494
"LOC128112037",0.000204844111325353
"Pnma8c",0.000204588972226768
"LOC128116431",0.000204327827327309
"LOC128110718",0.000204308688547751
"LOC128097258",0.000204235009788903
"LOC128110987",0.000204137781809607
"LOC128108081",0.000204055637297842
"LOC128112613",0.000202980152631562
"LOC128119069",0.000202907606098107
"LOC128105406",0.00020279048783488
"LOC128119767",0.000202548400970051
"Tulp1",0.000201250149748991
"LOC128094739",0.000201200239307092
"LOC128111299",0.000200737358670845
"LOC128102818",0.000199986586243161
"LOC128118090",0.000199954295461418
"LOC128120209",0.00019926437061696
"Ankrd53",0.000199260520195734
"Adarb2",0.000199056253367946
"LOC128103798",0.000198884197193621
"LOC128115083",0.000198745504634309
"LOC128122682",0.000198624251483487
"LOC128119589",0.000198483685482279
"LOC128106454",0.000198413431703032
"LOC128110576",0.000198345647217704
"LOC128106934",0.000198289680878337
"LOC128101121",0.000198117336352045
"Tubal3",0.000197950304002485
"LOC128109741",0.00019722838489025
"LOC128109190",0.000196315459529249
"Dmrtc2",0.000196242555394881
"Cldn16",0.000196146332147259
"LOC128119771",0.000196107587396507
"LOC128096084",0.000196064891374822
"CUNH2orf92",0.000195276458451584
"LOC128095481",0.000194943307668054
"Hoxc10",0.000194897158060448
"LOC128103151",0.000194738309195352
"LOC128110541",0.000194328230275711
"Plcz1",0.000193758247889882
"LOC128120498",0.000193618448581462
"CUNH12orf71",0.000193597950619815
"LOC128121965",0.000193505066534007
"LOC128107146",0.000193290354569778
"Hhla1",0.000193204921138026
"LOC128108856",0.000193200336968609
"LOC128125720",0.000192051134304562
"Il20",0.000191547554535868
"LOC128096691",0.000191213808658559
"LOC128095952",0.000191169086485918
"LOC128107230",0.000190667668136951
"LOC128102148",0.000189643708296977
"LOC128095436",0.000189555032043242
"LOC128106795",0.000189257147240462
"LOC128108862",0.000189105095626387
"Izumo2",0.000189045713747231
"LOC128097726",0.000188656839530564
"Lect2",0.00018856498235009
"Znf572",0.000188561587334117
"LOC128118787",0.000188354677874676
"LOC128094168",0.00018735009853918
"LOC128121076",0.00018714971136116
"LOC128104898",0.000186743144796904
"LOC128110505",0.000186504291687498
"LOC128110456",0.000186446695249469
"LOC128120397",0.000186251549233047
"LOC128125602",0.000186094688543957
"LOC128111396",0.000185401130934941
"LOC128103117",0.000185059161308109
"LOC128109849",0.000185043953660942
"LOC128097906",0.000185023205696487
"LOC128114768",0.000184890372029223
"LOC128095750",0.000184281594074018
"Gast",0.000184267954490132
"LOC128106817",0.000184026183776638
"LOC128095994",0.000183977770244232
"Hoxa9",0.000182902264198105
"LOC128111764",0.000182718348511463
"LOC128123507",0.000182484994997361
"LOC128103407",0.000181769083195597
"LOC128103111",0.000181564364615447
"LOC128106992",0.000181396678143526
"LOC128118377",0.000181382383884464
"LOC128111975",0.000181327997415447
"LOC128120000",0.000181255121933197
"LOC128118121",0.000180692758599729
"Pebp4",0.000180135312816113
"LOC128112289",0.000180059768271856
"LOC128097787",0.000180015143330966
"Ccdc83",0.000179782179755581
"Ms4a13",0.000179746336169774
"Gfral",0.000179600851076211
"LOC128118495",0.000179519136199916
"LOC128118472",0.000179501269103359
"LOC128116100",0.000179455821062192
"Lgsn",0.000178574859074297
"LOC128104498",0.000177896739613633
"LOC128114931",0.000177429712050759
"LOC128116359",0.000177193327817504
"LOC128100232",0.000176358157452876
"LOC128114053",0.000176273513436476
"LOC128118768",0.000174282330529617
"LOC128098044",0.000174037466148287
"LOC128096672",0.000172878023800177
"LOC128118044",0.000172836294882312
"LOC128106827",0.000172651007323173
"Zic3",0.000172259260913832
"LOC128123977",0.000172206435685015
"LOC128112391",0.0001716983056306
"LOC128097374",0.000171636706017394
"LOC128102772",0.000171231195164824
"LOC128108089",0.000171018845075891
"LOC128125368",0.000170778134344668
"LOC128116328",0.000170354575971099
"LOC128118864",0.000170325274095694
"LOC128100224",0.000169790726935629
"LOC128122798",0.000169677297415755
"LOC128099747",0.000169604325137337
"LOC128105576",0.000169534486957869
"LOC128093871",0.000169513600377461
"Nmbr",0.000169069892057933
"LOC128097380",0.000169036298699106
"Trnat-cgu",0.000169024517574906
"LOC128100023",0.000167900233233595
"LOC128117137",0.000167864606275804
"LOC128100172",0.000167327059939518
"LOC128115138",0.000167052393042914
"LOC128122472",0.000167017975345021
"LOC128105196",0.000166678146845487
"LOC128099267",0.000166366354521142
"Fshr",0.000165923598543116
"Defb116",0.00016584405881027
"LOC128094272",0.000164814571477211
"LOC128102773",0.000164653168934497
"Gys2",0.000164075903002584
"Thsd7b",0.00016395800586217
"LOC128111780",0.00016386025799373
"LOC128108006",0.000163747038723961
"LOC128096622",0.000163747038723961
"LOC128117733",0.000163132942938026
"LOC128120681",0.000162910700955954
"LOC128093869",0.00016277929133966
"LOC128113409",0.000162732822454344
"LOC128118136",0.000162636687118533
"LOC128113729",0.000162439778775535
"LOC128110159",0.000161993778368134
"LOC128107837",0.000161861381352057
"LOC128103746",0.000161779101251249
"LOC128117712",0.00016092774195844
"Sim1",0.000160448010666515
"Pax3",0.000160243340388701
"LOC128122664",0.000159807819256276
"LOC128124693",0.000159779146150427
"LOC128112496",0.00015909623720119
"Tktl2",0.000158913529145038
"LOC128100200",0.000158383894050487
"LOC128113132",0.000158274785341998
"LOC128101593",0.000156840834555599
"Trim42",0.000156797189124452
"LOC128109200",0.000156520032060764
"LOC128121178",0.0001561508129342
"Zic4",0.000155599016114517
"LOC128124031",0.000155420243359312
"LOC128107266",0.000155046244527254
"Ffar3",0.000154858538080686
"Lamp5",0.000154612816633965
"LOC128121115",0.000154368806948707
"LOC128097751",0.000154262994311922
"Ppp1r17",0.000153905426861554
"LOC128125406",0.000153314820258384
"Lemd1",0.00015320506199982
"LOC128109551",0.000152799063996604
"LOC128120098",0.000151656363094598
"LOC128106805",0.000150220651088024
"LOC128110740",0.000149938068497582
"LOC128100211",0.00014926702713498
"LOC128109691",0.00014924542933747
"LOC128104812",0.000148750821060692
"LOC128123246",0.000148585296369137
"Hoxa10",0.000147708456045814
"LOC128106787",0.000147705994205507
"LOC128119005",0.000147320095196814
"LOC128102151",0.000147259639076116
"Adh7",0.000146869302038987
"LOC128118092",0.000146830001879079
"LOC128102740",0.000146604465676419
"LOC128123711",0.000146482493570747
"LOC128106763",0.000146101089189998
"Krt84",0.000145483237746322
"Dmbx1",0.00014519372356701
"LOC128103852",0.000145115832764546
"LOC128116294",0.000144989260369661
"LOC128103032",0.000144911516281903
"LOC128117271",0.000144854780839207
"LOC128113373",0.000144611887630478
"LOC128112549",0.000144491566513612
"LOC128110336",0.000143919733559091
"LOC128111058",0.000143888270206037
"LOC128109024",0.000143529396239934
"LOC128105371",0.000143438556542183
"Oxct2",0.000143410971640849
"LOC128123517",0.000142604252334876
"Spint3",0.000142566676113493
"Ms4a5",0.000142331181145023
"LOC128099834",0.000142175879416444
"LOC128104899",0.000141923693423129
"LOC128102032",0.000141241023419107
"LOC128100199",0.000141029979238642
"LOC128109270",0.000140473984870862
"LOC128123492",0.000140295678514057
"LOC128094949",0.000140269758856001
"LOC128113220",0.00013948483455032
"LOC128119356",0.000139033338261483
"LOC128106485",0.000138912693067923
"CUNH3orf22",0.000138803243419299
"LOC128113147",0.000138162581928975
"Scp2d1",0.000137588741419157
"LOC128096702",0.000137584604699488
"LOC128109930",0.000137046785756435
"LOC128124316",0.000136981592580661
"LOC128109367",0.000136926279204977
"LOC128097255",0.000136824237012698
"LOC128094600",0.000136434718195195
"Iqcf1",0.000136131145412272
"Myog",0.000135417059218031
"LOC128118786",0.000135231941720794
"LOC128100354",0.000134625002293819
"Ropn1",0.00013452723814147
"LOC128115713",0.000134263341948614
"Gucy2f",0.000134066365512649
"Afp",0.000133839402749412
"LOC128125718",0.000133699070019737
"LOC128100623",0.000133424366365315
"LOC128104724",0.000132638759842046
"LOC128118318",0.000132461819577031
"LOC128124381",0.000131913014633039
"LOC128108990",0.000131755099658404
"Sult6b1",0.00013146532239535
"LOC128098019",0.000130723332867737
"LOC128102110",0.000130573815960835
"LOC128118046",0.000130552541172098
"LOC128106808",0.000130549212984552
"LOC128100218",0.000130412736294479
"Tent5d",0.000130319836106171
"LOC128125639",0.000130260161381332
"Isx",0.000130226281585714
"Kcnj1",0.000130101761228325
"LOC128123516",0.000129728265350135
"LOC128115121",0.000129510142322557
"Cpb1",0.000129191146884018
"LOC128101231",0.000129187114132682
"Fam166c",0.000129046432834926
"LOC128123717",0.000129035742648141
"LOC128096477",0.000128587121903659
"LOC128108395",0.000128231643046561
"LOC128094890",0.000127151676652922
"Acer1",0.000126995399534528
"LOC128113870",0.000126893926505457
"Mylk4",0.000126649990240418
"Ankrd7",0.000126317741438717
"LOC128112141",0.000126315170714577
"LOC128120131",0.00012608731352319
"LOC128116351",0.000125749876036325
"LOC128106689",0.000125315255588759
"LOC128124139",0.000124744653348532
"LOC128105494",0.000124659786071022
"LOC128123514",0.000124150089214457
"LOC128094236",0.000123873179767651
"LOC128103385",0.00012369929906622
"LOC128113115",0.000123560136466175
"CUNH17orf98",0.00012347018053067
"LOC128104749",0.000123090662480647
"LOC128108130",0.000122683240046102
"LOC128117330",0.000122653617971445
"LOC128120808",0.000121611231226845
"LOC128094368",0.000121611231226845
"LOC128111249",0.0001213906735057
"LOC128119679",0.000120951423429558
"LOC128106434",0.000119569910198552
"LOC128111490",0.000119284630468972
"Chrna9",0.00011917001497274
"LOC128114154",0.000119156948493748
"LOC128097359",0.000119142606889086
"LOC128100726",0.000118560007149596
"LOC128115114",0.00011824261711218
"LOC128113550",0.000118148744553562
"LOC128117179",0.000117690046075453
"LOC128094008",0.000117246837950758
"Prap1",0.000116866734558411
"LOC128099951",0.000116467773691336
"LOC128099099",0.000115710588640199
"LOC128109347",0.000115458422996824
"LOC128095336",0.000115033175381294
"LOC128097962",0.000114575050696986
"LOC128111935",0.000114320305186959
"LOC128104722",0.00011426722096907
"LOC128122635",0.000113414863333573
"LOC128103564",0.000113354185003519
"LOC128124293",0.0001130751209951
"LOC128124771",0.000113011473693737
"LOC128106279",0.000112750595026991
"LOC128103376",0.000112552014154614
"LOC128104106",0.000112013900227846
"LOC128104785",0.000111814968018974
"LOC128101041",0.000111588114593438
"LOC128102348",0.0001103292977564
"Igll5",0.000110174541965823
"Hnf4a",0.000110126123444129
"Dlx3",0.000109785434719957
"LOC128095887",0.000109423461499742
"Ankrd34b",0.000109169821207262
"LOC128095245",0.000108887544032419
"LOC128117999",0.000108844197024529
"Rnf148",0.00010809239710145
"Ankrd31",0.000107869026967521
"LOC128120087",0.000107834814158314
"LOC128124341",0.000107740720573493
"Magel2",0.000107721305017396
"Serpinb12",0.000106570142183044
"LOC128106503",0.000106301695862885
"LOC128105220",0.000105617220647577
"LOC128098862",0.00010540261812572
"LOC128095584",0.000105266093375175
"LOC128115149",0.000104975011277221
"LOC128113865",0.000104890055712485
"LOC128100130",0.000104755580704638
"LOC128123796",0.000103736658544057
"LOC128099780",0.000103567896662018
"LOC128106806",0.00010338552805046
"Gabrg1",0.000103000003296468
"LOC128104194",0.000102701590809808
"LOC128110210",0.000102528809579677
"LOC128095776",0.000102057077043992
"LOC128114709",0.000101962720519233
"LOC128118402",0.000101250137333922
"LOC128102766",0.000101159222142593
"Nlrp4",0.000101034712101326
"LOC128104828",0.000100934970178078
"LOC128100542",0.000100594343651785
"LOC128119499",0.000100567211486706
"LOC128124627",0.00010040040447693
"LOC128105778",0.000100253711889804
"LOC128099183",9.97765302034248e-05
"LOC128101007",9.92590124302531e-05
"LOC128104221",9.92146045310963e-05
"LOC128106831",9.8860428135918e-05
"LOC128102745",9.74244736878774e-05
"LOC128118165",9.73572835609402e-05
"En2",9.71127974030478e-05
"LOC128117996",9.66095265137627e-05
"LOC128113138",9.64642889860658e-05
"LOC128117252",9.61741011372112e-05
"LOC128111369",9.61277526412236e-05
"LOC128109198",9.57699808606907e-05
"LOC128124913",9.57396625868833e-05
"LOC128112746",9.56747658927627e-05
"LOC128110571",9.51364128232831e-05
"LOC128114650",9.5017047436097e-05
"LOC128109275",9.49109253731797e-05
"LOC128114128",9.45147132776264e-05
"CUNH12orf42",9.43500693051968e-05
"Slc6a5",9.42750181235312e-05
"LOC128095040",9.42721711529288e-05
"LOC128101014",9.42527872608562e-05
"LOC128120639",9.40737573665332e-05
"Clec19a",9.40515075876778e-05
"Usp26",9.39625550748746e-05
"LOC128115206",9.39135409314156e-05
"LOC128098445",9.32192218641514e-05
"LOC128102803",9.23126702935479e-05
"Glt6d1",9.23117201125836e-05
"LOC128124746",9.18952359855909e-05
"LOC128106833",9.17868584328324e-05
"LOC128095216",9.15265673460776e-05
"Asb17",9.10998308753699e-05
"LOC128123577",9.09062624066898e-05
"LOC128098119",9.08830401663465e-05
"LOC128095106",9.05761903847632e-05
"LOC128100978",9.00037328903655e-05
"LOC128109471",8.96049408930056e-05
"Npsr1",8.94355068641074e-05
"LOC128125097",8.93480676365774e-05
"LOC128098004",8.86100494221714e-05
"LOC128114775",8.84904194249404e-05
"LOC128098050",8.77400994985769e-05
"LOC128095876",8.74969916568784e-05
"LOC128108373",8.74457563795109e-05
"Msh4",8.72935487781632e-05
"LOC128097082",8.72063967122139e-05
"LOC128098746",8.701444511926e-05
"LOC128113237",8.67469218456608e-05
"LOC128106541",8.67241157054824e-05
"LOC128096026",8.63245716702927e-05
"LOC128117528",8.63111919261882e-05
"LOC128125692",8.62856557066053e-05
"Uts2b",8.61870153501527e-05
"LOC128120903",8.56485823993963e-05
"LOC128113285",8.55370855081626e-05
"LOC128098141",8.54981814319244e-05
"LOC128098112",8.52065664780118e-05
"LOC128104527",8.47462944773046e-05
"LOC128098010",8.46097611153547e-05
"LOC128106358",8.45789304939965e-05
"Kiss1",8.44498157407489e-05
"LOC128120812",8.43920385763136e-05
"Bpifb3",8.34522306973263e-05
"Mtnr1a",8.30775919081963e-05
"LOC128111407",8.24313619444551e-05
"LOC128123521",8.19146546739772e-05
"LOC128106500",8.18592525270214e-05
"Tsga13",8.14836870319559e-05
"LOC128104079",8.14398599636525e-05
"LOC128096824",8.14331698277474e-05
"LOC128107630",8.09065271078944e-05
"LOC128101563",8.06878800460155e-05
"LOC128096773",8.04100056268082e-05
"LOC128122999",7.98467765560521e-05
"Trnastop-uca",7.97870006225925e-05
"LOC128104166",7.91036652266986e-05
"LOC128095704",7.90731925506296e-05
"Naa11",7.90137853542795e-05
"Tgm7",7.85822361298487e-05
"LOC128097173",7.81444011822502e-05
"Clrn2",7.79111213984425e-05
"LOC128119553",7.75400399589953e-05
"LOC128111464",7.74944211153712e-05
"LOC128097828",7.71537887791543e-05
"Col26a1",7.71227570832323e-05
"LOC128094849",7.70382146407263e-05
"LOC128095886",7.69363142612003e-05
"Tlx3",7.66063448559011e-05
"Vsx2",7.62599991303224e-05
"LOC128095890",7.62140553163661e-05
"LOC128109225",7.60541567459689e-05
"LOC128106968",7.56223271956209e-05
"LOC128125481",7.55849975693419e-05
"LOC128096164",7.54403809372486e-05
"Gcm1",7.52552479787212e-05
"LOC128116464",7.51397228984893e-05
"LOC128096972",7.50986336411383e-05
"LOC128116354",7.5056528108096e-05
"LOC128118840",7.49870356791696e-05
"Sel1l2",7.47751119802064e-05
"Ddi1",7.46609200319833e-05
"LOC128112201",7.4498174957015e-05
"LOC128105693",7.43329891884123e-05
"LOC128098017",7.42884634288787e-05
"LOC128109221",7.42880507231985e-05
"LOC128100711",7.42840785556005e-05
"LOC128102764",7.42625747624279e-05
"LOC128113695",7.36968492720911e-05
"LOC128107989",7.36551406875919e-05
"LOC128112372",7.36551406875919e-05
"LOC128111916",7.33221250963539e-05
"LOC128120721",7.31221362318373e-05
"LOC128110439",7.2977255789611e-05
"LOC128098072",7.28902221331583e-05
"LOC128118324",7.23525863949481e-05
"LOC128114397",7.20138679397341e-05
"LOC128098085",7.19971188129708e-05
"LOC128096152",7.17945390079973e-05
"LOC128106406",7.14471242864582e-05
"LOC128111060",7.12651426356796e-05
"LOC128100043",7.08517550394883e-05
"LOC128095221",7.08112085254698e-05
"LOC128094278",7.06913374487343e-05
"LOC128123960",7.04686047976934e-05
"LOC128107218",7.04487811965023e-05
"LOC128096057",7.03848013954869e-05
"LOC128097634",7.02844295848002e-05
"Zar1",7.02173229728344e-05
"LOC128113276",7.01917540202654e-05
"Hsd17b14",6.98487944439175e-05
"Pax2",6.97230368267414e-05
"LOC128104802",6.96660555389207e-05
"LOC128105919",6.94232295364533e-05
"LOC128098037",6.92649309192984e-05
"LOC128106706",6.91326705710727e-05
"LOC128119997",6.91115223487462e-05
"LOC128105045",6.90047076728483e-05
"LOC128112943",6.89141086618108e-05
"LOC128106266",6.86482686185794e-05
"Meikin",6.8555304930637e-05
"LOC128095732",6.85224300037331e-05
"LOC128121137",6.84302508048939e-05
"LOC128097567",6.84198763710701e-05
"Nkx2-8",6.83170707791742e-05
"LOC128110954",6.80174144982919e-05
"LOC128119785",6.79934771767243e-05
"LOC128113118",6.76918297895258e-05
"LOC128113482",6.7533548087935e-05
"LOC128097615",6.75135271601756e-05
"LOC128116103",6.74411045806694e-05
"LOC128105724",6.69563074487117e-05
"LOC128119000",6.69538147248134e-05
"LOC128106509",6.63438018009859e-05
"Defb129",6.55296487137831e-05
"LOC128121788",6.52753024118484e-05
"LOC128119360",6.51200800062704e-05
"LOC128119304",6.50124119707647e-05
"LOC128108022",6.49481477073306e-05
"LOC128117469",6.49417795812948e-05
"LOC128105092",6.47930522711822e-05
"LOC128101973",6.46453666019014e-05
"LOC128111976",6.46181584083352e-05
"LOC128096701",6.45023804404729e-05
"Dynlt5",6.43843731260272e-05
"LOC128113472",6.43423789350276e-05
"LOC128113185",6.41777884823735e-05
"Scml1",6.36376614073484e-05
"LOC128115902",6.35227914483818e-05
"LOC128122463",6.34054951251807e-05
"LOC128124473",6.33793133368575e-05
"LOC128105239",6.31646305143347e-05
"Gpr139",6.28038693358725e-05
"LOC128113889",6.26872729211979e-05
"LOC128104344",6.25575952465921e-05
"LOC128104373",6.24510506822922e-05
"LOC128100195",6.24103480114111e-05
"LOC128104401",6.20812855476441e-05
"LOC128098002",6.19099560094221e-05
"LOC128123599",6.13839114917607e-05
"LOC128122066",6.13138619534069e-05
"LOC128118621",6.10731864292725e-05
"LOC128117716",6.10012298712603e-05
"LOC128102780",6.09534451788372e-05
"LOC128104808",6.03661728683305e-05
"LOC128102572",6.02987929440675e-05
"LOC128118075",6.00273503676035e-05
"Drd5",5.98160888199317e-05
"LOC128116567",5.97935751863148e-05
"Lrcol1",5.9707463338862e-05
"LOC128095433",5.95543731705223e-05
"LOC128116089",5.89374706857765e-05
"Tceal7",5.89248696641373e-05
"LOC128120745",5.85724397285049e-05
"LOC128124108",5.85480988171411e-05
"LOC128115252",5.83939750276989e-05
"LOC128104428",5.8338351016888e-05
"Mroh2a",5.79220417999955e-05
"LOC128108935",5.78542767944838e-05
"LOC128107891",5.76045650130705e-05
"LOC128120125",5.74496314252513e-05
"LOC128111329",5.71232363010351e-05
"LOC128122589",5.68564095422249e-05
"LOC128116133",5.66006642097888e-05
"Tmsb15a",5.62868729270198e-05
"LOC128102072",5.61644126274827e-05
"LOC128102150",5.60294367598948e-05
"LOC128104421",5.60294367598948e-05
"LOC128114079",5.57203751204947e-05
"LOC128123810",5.56272001986658e-05
"LOC128117287",5.54907380131413e-05
"LOC128121118",5.5310328879178e-05
"LOC128119487",5.5103597006401e-05
"LOC128116130",5.50512503122844e-05
"LOC128122376",5.49734132246873e-05
"LOC128110093",5.4909236412925e-05
"LOC128113857",5.43700279258092e-05
"CUNH1orf232",5.42660631382435e-05
"LOC128094016",5.4263923377785e-05
"Crybb3",5.42065684790163e-05
"LOC128120947",5.4005063734043e-05
"LOC128104417",5.3960343140618e-05
"LOC128105665",5.36669442998273e-05
"LOC128096966",5.36465007853876e-05
"LOC128102806",5.35926027646099e-05
"Trhr",5.33245933163478e-05
"LOC128106631",5.27302802876826e-05
"LOC128123909",5.25143348013792e-05
"LOC128109006",5.2491848387735e-05
"LOC128097642",5.24211155199007e-05
"Dlx6",5.24124973777686e-05
"LOC128098132",5.24043250450448e-05
"LOC128094955",5.22990039741674e-05
"LOC128123769",5.22714566969997e-05
"LOC128105890",5.20543169518053e-05
"LOC128102934",5.20477704911896e-05
"LOC128094632",5.19784826851469e-05
"LOC128115904",5.1849640511809e-05
"LOC128112423",5.17017167000251e-05
"LOC128110563",5.16709547910359e-05
"LOC128120026",5.16628988785411e-05
"Gemin2",5.15260049937781e-05
"LOC128113767",5.1242995000731e-05
"LOC128097995",5.10493596452197e-05
"Ucn2",5.08893520347762e-05
"Amn",5.0852097699422e-05
"LOC128099796",5.07254190819798e-05
"LOC128111680",5.07206527640139e-05
"LOC128106262",5.0488576104336e-05
"Ces4a",5.0342961216191e-05
"CUNH9orf153",5.02143587055577e-05
"LOC128105080",5.01203005718573e-05
"LOC128094187",5.01035239125432e-05
"LOC128112422",5.00960576693394e-05
"LOC128098087",4.99968310939852e-05
"LOC128117228",4.99150505131039e-05
"LOC128103813",4.98535153852643e-05
"Cdx2",4.94121459277269e-05
"LOC128097805",4.92822272503202e-05
"Hoxa11",4.92218031724753e-05
"Ctrc",4.87191400715196e-05
"LOC128097040",4.86956859359254e-05
"LOC128113868",4.85292547638587e-05
"LOC128124143",4.84064698823757e-05
"LOC128110896",4.81061604336695e-05
"Rbp3",4.80614858223434e-05
"LOC128113507",4.79693425106857e-05
"LOC128094244",4.78263393132262e-05
"LOC128111917",4.78212399574541e-05
"LOC128113504",4.75912802185698e-05
"LOC128124308",4.75048954249522e-05
"LOC128109365",4.74572127921641e-05
"LOC128100208",4.68758656264827e-05
"Adam7",4.67675443950455e-05
"Pla2g4d",4.64425296735987e-05
"LOC128109186",4.64274356212021e-05
"LOC128108966",4.63812247013156e-05
"LOC128095785",4.63670596665822e-05
"LOC128102344",4.6280795732745e-05
"LOC128124173",4.54772092385659e-05
"Pate4",4.51188414340814e-05
"LOC128105195",4.50068532211337e-05
"LOC128104847",4.49939732130345e-05
"LOC128113772",4.48498633162612e-05
"LOC128115441",4.43127902535059e-05
"LOC128117274",4.42315129811931e-05
"Upp2",4.41918875587284e-05
"LOC128095889",4.41212256020788e-05
"LOC128123389",4.40934011195448e-05
"LOC128124264",4.3995726676547e-05
"LOC128113871",4.37506247820378e-05
"LOC128107299",4.32917236029602e-05
"LOC128104456",4.3165474356299e-05
"LOC128098899",4.31586866056024e-05
"LOC128107769",4.30433175687054e-05
"LOC128107814",4.29561597336496e-05
"LOC128104090",4.28312876743141e-05
"Il9",4.24567205379646e-05
"LOC128103509",4.23840782642807e-05
"LOC128116435",4.23822073864989e-05
"Slc17a6",4.23626910754362e-05
"LOC128095719",4.2229690093607e-05
"LOC128107326",4.21648969146775e-05
"LOC128094547",4.21290777627192e-05
"LOC128123710",4.18502097434646e-05
"LOC128098060",4.18295232465278e-05
"LOC128120768",4.15549605176328e-05
"LOC128105800",4.09912758350378e-05
"Ripply2",4.0957257026822e-05
"LOC128116921",4.08571687470703e-05
"Prok2",4.05144697411223e-05
"LOC128112833",4.0375551018823e-05
"LOC128100868",4.03689000067867e-05
"LOC128104418",4.02836672052425e-05
"LOC128115076",4.02018803116412e-05
"Hoxc13",4.01579132985387e-05
"LOC128098372",3.99776351167093e-05
"LOC128123506",3.95437397445438e-05
"LOC128123913",3.94904752673503e-05
"LOC128117299",3.94231146254002e-05
"LOC128123430",3.94231146254002e-05
"LOC128116765",3.93030406227852e-05
"LOC128104848",3.91607301445825e-05
"LOC128111383",3.9100270029525e-05
"LOC128098006",3.90673303325597e-05
"LOC128125270",3.90190057749176e-05
"LOC128115567",3.89792397403221e-05
"LOC128095536",3.88265722529259e-05
"Actl7b",3.87791381553884e-05
"LOC128102929",3.85939840939609e-05
"LOC128109452",3.84414890817413e-05
"LOC128120602",3.82438208200923e-05
"LOC128109663",3.80953806770161e-05
"LOC128114660",3.80851742624953e-05
"LOC128123564",3.77656510525361e-05
"Rgs8",3.76274706344086e-05
"LOC128124338",3.74109004448309e-05
"LOC128120670",3.69418413835872e-05
"LOC128116172",3.69345028120216e-05
"LOC128121154",3.69221062212763e-05
"LOC128104444",3.67905927715275e-05
"LOC128109296",3.66777226464232e-05
"Arrdc5",3.63368550700927e-05
"LOC128095708",3.62884722288972e-05
"LOC128111191",3.62411253275408e-05
"LOC128113261",3.61889275243209e-05
"LOC128124827",3.61571778306361e-05
"LOC128115651",3.60810607621631e-05
"Tex47",3.58128265939091e-05
"LOC128105738",3.57771000393909e-05
"LOC128104160",3.57327209380047e-05
"LOC128124032",3.57252288643209e-05
"LOC128114474",3.57153242892787e-05
"Cpa1",3.55700851280801e-05
"LOC128100262",3.54339196520852e-05
"LOC128109232",3.53115360590882e-05
"LOC128110038",3.52463851287677e-05
"LOC128106970",3.51439246688069e-05
"LOC128107042",3.51397992862291e-05
"LOC128105040",3.50856986975797e-05
"LOC128124491",3.50837145640834e-05
"LOC128094165",3.45528781744403e-05
"LOC128119639",3.44605744849214e-05
"LOC128098180",3.44432347896227e-05
"Foxr1",3.43896702413601e-05
"LOC128113775",3.43867609651129e-05
"LOC128101710",3.43489039668814e-05
"Cep19",3.42840001026279e-05
"LOC128102317",3.41863208085978e-05
"LOC128098728",3.41092013329719e-05
"LOC128102181",3.38527839580559e-05
"LOC128110585",3.38335532918946e-05
"Garin5b",3.36650858688617e-05
"LOC128112410",3.35745270328236e-05
"Myl2",3.35559928799437e-05
"LOC128096583",3.34273225257723e-05
"LOC128119508",3.33542488888389e-05
"LOC128106983",3.29164848497164e-05
"LOC128119469",3.2700200698974e-05
"LOC128106607",3.26858413519663e-05
"Fthl17",3.2620770901896e-05
"LOC128094464",3.26065053899529e-05
"LOC128103891",3.23575510988115e-05
"LOC128096973",3.22682462589394e-05
"LOC128113238",3.21536036333795e-05
"Tff3",3.21321327340789e-05
"LOC128105946",3.18854991184923e-05
"LOC128096080",3.17761834682735e-05
"LOC128103961",3.17740315816257e-05
"LOC128118048",3.16358746785836e-05
"LOC128101551",3.14957520608185e-05
"LOC128110134",3.13605337212925e-05
"Slc2a7",3.12531121533358e-05
"LOC128110750",3.12507267608971e-05
"LOC128102823",3.09393510858271e-05
"LOC128107185",3.08186019019684e-05
"LOC128113903",3.04015610407533e-05
"LOC128120802",3.03687669421029e-05
"LOC128117686",3.03619607242345e-05
"LOC128108480",3.02290083367608e-05
"LOC128116189",3.00888159924523e-05
"LOC128122591",3.00825568922337e-05
"LOC128118294",2.99423427935983e-05
"LOC128118058",2.97381431667874e-05
"Wnt16",2.96828598625401e-05
"Htr5a",2.9524634465421e-05
"LOC128116507",2.93980028945806e-05
"LOC128095712",2.93496433654253e-05
"Lrrc72",2.93415018830958e-05
"LOC128111493",2.92566364735996e-05
"LOC128125679",2.92042634509983e-05
"LOC128119468",2.90291046965743e-05
"Antxrl",2.85733703111686e-05
"CUNH8orf90",2.85590948501102e-05
"Acsm4",2.84796065245818e-05
"LOC128107091",2.83541002945278e-05
"LOC128115052",2.82722148897196e-05
"LOC128094361",2.82317647479237e-05
"LOC128097554",2.81497169067372e-05
"LOC128100655",2.77069551873593e-05
"LOC128108080",2.76295046206058e-05
"LOC128116143",2.76158397631042e-05
"LOC128113254",2.75417362838782e-05
"LOC128104858",2.75382322451965e-05
"Mixl1",2.74529194641056e-05
"LOC128115079",2.74392175667679e-05
"LOC128116764",2.73250890783115e-05
"LOC128118732",2.71677415538724e-05
"LOC128098318",2.71615637251458e-05
"LOC128108110",2.71512546153045e-05
"LOC128101709",2.70986062121182e-05
"LOC128113122",2.70711358800258e-05
"LOC128112454",2.70185993962818e-05
"LOC128094183",2.68742602378838e-05
"Shisal2b",2.67444311112893e-05
"LOC128123202",2.67058656271258e-05
"LOC128104071",2.66840422370727e-05
"LOC128123523",2.66621134238089e-05
"LOC128105041",2.66020503275609e-05
"LOC128108143",2.65848165344076e-05
"LOC128124259",2.65288373797622e-05
"Cnga1",2.65143783669119e-05
"Htr3b",2.62631173785148e-05
"LOC128111153",2.6127907528058e-05
"Atoh7",2.59879509206328e-05
"LOC128123979",2.59731607943728e-05
"LOC128110988",2.59045019650148e-05
"Smim28",2.58957353788645e-05
"LOC128116149",2.58272362800882e-05
"LOC128099854",2.58236434416441e-05
"LOC128100268",2.57517116231655e-05
"LOC128113233",2.57447850808185e-05
"LOC128113627",2.55823593671658e-05
"LOC128100350",2.55282000910122e-05
"LOC128120495",2.55014465235754e-05
"Tbr1",2.54150002274565e-05
"LOC128102800",2.52499137195962e-05
"LOC128095718",2.5245731844599e-05
"LOC128109417",2.51328343904571e-05
"Dapl1",2.50352583906035e-05
"LOC128113031",2.48319492809214e-05
"LOC128120122",2.48188995127008e-05
"LOC128123834",2.48188995127008e-05
"LOC128116440",2.47925044944132e-05
"Hoxd13",2.47523475436983e-05
"LOC128105104",2.47068545802182e-05
"LOC128120840",2.45959646278249e-05
"LOC128097697",2.4565377698422e-05
"LOC128122027",2.44622094645416e-05
"LOC128097560",2.44580334205231e-05
"Kiaa1210",2.4400312354873e-05
"LOC128116821",2.43906870600561e-05
"Cga",2.42416553927332e-05
"LOC128119330",2.42281568181678e-05
"Asmt",2.42215899739614e-05
"LOC128096180",2.41359997121247e-05
"Duxb",2.39331686675165e-05
"LOC128123772",2.38881719226108e-05
"Bpifb4",2.37998160414437e-05
"LOC128110140",2.36967273892864e-05
"LOC128121944",2.36900670979395e-05
"LOC128119120",2.36726824182755e-05
"LOC128095850",2.3651617246797e-05
"LOC128097706",2.3548128991057e-05
"LOC128117277",2.35039739191241e-05
"LOC128105670",2.3232383266598e-05
"LOC128110909",2.3007089427686e-05
"LOC128115362",2.2871030959588e-05
"LOC128095872",2.27636039814646e-05
"LOC128098276",2.26934352865624e-05
"Egr4",2.26895382112537e-05
"Polr2f",2.25778773184258e-05
"LOC128097880",2.25727522889042e-05
"Slc5a5",2.25597538533407e-05
"LOC128106374",2.2535235711441e-05
"LOC128100984",2.24430450431273e-05
"LOC128107990",2.23938751744313e-05
"LOC128104790",2.23141755282762e-05
"Slc5a12",2.22507813446629e-05
"LOC128100225",2.22006216593776e-05
"LOC128123504",2.20621912894135e-05
"LOC128118734",2.20224562729042e-05
"Cdc20b",2.19415823562241e-05
"LOC128120563",2.182616862609e-05
"Arr3",2.18228559223004e-05
"Ctxn2",2.16844595858165e-05
"LOC128104094",2.16477351197918e-05
"LOC128100193",2.15685413492877e-05
"LOC128124269",2.15324492685317e-05
"LOC128110777",2.15151797595597e-05
"Nox3",2.13480836819158e-05
"Slc9c1",2.13075267431779e-05
"LOC128105501",2.12122089038687e-05
"LOC128115880",2.09961933858898e-05
"LOC128120113",2.09766939364576e-05
"CUNH9orf57",2.07617997716857e-05
"Gbx1",2.06464348691463e-05
"Gsdmb",2.05008087251642e-05
"LOC128097750",2.03656564822944e-05
"LOC128107885",2.02107368049012e-05
"LOC128097668",2.01861274372252e-05
"LOC128097292",2.01272706045106e-05
"LOC128104081",1.99864633068733e-05
"Pax1",1.99351789977382e-05
"LOC128115745",1.98749387832708e-05
"LOC128116728",1.98457241534777e-05
"LOC128095747",1.983189082765e-05
"LOC128095170",1.98135457436493e-05
"LOC128119384",1.96306100107912e-05
"LOC128097961",1.96144146205535e-05
"LOC128102287",1.96108229962832e-05
"Gk2",1.94261212843919e-05
"LOC128110917",1.93826741700053e-05
"LOC128114649",1.92143900554255e-05
"LOC128116812",1.90072455136392e-05
"LOC128105944",1.88176303769815e-05
"LOC128112504",1.8774712485505e-05
"LOC128110841",1.86998743329843e-05
"LOC128118446",1.86565502004621e-05
"LOC128105379",1.85716972380301e-05
"LOC128123609",1.85565732425781e-05
"LOC128119890",1.84872232748674e-05
"LOC128116964",1.8328451885214e-05
"LOC128113892",1.83105812818685e-05
"LOC128119015",1.81987648110415e-05
"LOC128101341",1.80066843179289e-05
"Hand1",1.79534297145822e-05
"LOC128103255",1.79037496901768e-05
"LOC128118120",1.78925336111544e-05
"LOC128116261",1.75039721283742e-05
"LOC128112339",1.74940886142842e-05
"LOC128115273",1.7481312812869e-05
"LOC128094706",1.7263988719535e-05
"LOC128098043",1.70084788648624e-05
"LOC128123531",1.69334138102314e-05
"LOC128109274",1.69162683780518e-05
"LOC128102271",1.68882369314229e-05
"LOC128117205",1.68208289680973e-05
"Prss55",1.67162345039671e-05
"Gja8",1.65445633503575e-05
"LOC128108970",1.64919364463279e-05
"LOC128112489",1.64602770841524e-05
"Clec3a",1.64087541288052e-05
"LOC128116246",1.64039660150533e-05
"LOC128093911",1.63361307996856e-05
"LOC128096906",1.6321958389641e-05
"LOC128113183",1.63128261684508e-05
"Terb2",1.62830683578415e-05
"Tmem239",1.62396097329805e-05
"LOC128095787",1.62041498406033e-05
"LOC128095720",1.61274906439564e-05
"LOC128099766",1.60387119599577e-05
"LOC128109359",1.59826772039653e-05
"LOC128097859",1.59525633397037e-05
"LOC128111470",1.59058828612738e-05
"Trnas-uga",1.57243772629145e-05
"LOC128103866",1.57172259248336e-05
"LOC128120917",1.5701913022268e-05
"LOC128124490",1.56659517356284e-05
"LOC128122168",1.56562123284087e-05
"Astl",1.56539670728188e-05
"Mroh7",1.55330875879523e-05
"Prr35",1.55207167077744e-05
"LOC128099306",1.55099684876315e-05
"LOC128097092",1.53462759868945e-05
"LOC128099952",1.53077943619391e-05
"LOC128120396",1.52469297583184e-05
"LOC128111187",1.51044819792627e-05
"Nt5c1b",1.50072273365352e-05
"LOC128103835",1.49123521528454e-05
"LOC128102613",1.48781797120559e-05
"LOC128119999",1.4845836871068e-05
"LOC128106875",1.48440008289702e-05
"LOC128101810",1.47338016303195e-05
"LOC128103712",1.44337177800204e-05
"H3-4",1.44328266125931e-05
"LOC128115070",1.44053077335237e-05
"LOC128104792",1.44019140742293e-05
"LOC128101321",1.42900114374718e-05
"LOC128120135",1.42770124689642e-05
"LOC128121200",1.41158560021034e-05
"LOC128111370",1.40547326580602e-05
"CUNH10orf120",1.4030324721623e-05
"Pdcl2",1.39265109930397e-05
"LOC128118779",1.38489582942123e-05
"LOC128095743",1.36870235189418e-05
"LOC128114814",1.32752208060092e-05
"LOC128111312",1.32641535193148e-05
"LOC128125603",1.3225283600106e-05
"LOC128117275",1.30686580596507e-05
"LOC128115582",1.30246827956617e-05
"LOC128110344",1.2882967920466e-05
"LOC128122614",1.28609704042282e-05
"LOC128110551",1.28154986955593e-05
"LOC128105647",1.28021144929344e-05
"LOC128117119",1.27722160250004e-05
"LOC128117266",1.27029825843256e-05
"LOC128106033",1.26323941906163e-05
"LOC128111410",1.25847962848681e-05
"LOC128096351",1.24968208107526e-05
"LOC128106846",1.2489680262658e-05
"LOC128112278",1.24380424840567e-05
"LOC128110550",1.24023964156318e-05
"LOC128103090",1.23814810424035e-05
"LOC128113886",1.23713773213768e-05
"LOC128108127",1.23652909893998e-05
"LOC128113867",1.22146846610929e-05
"LOC128118303",1.21018043752566e-05
"LOC128119588",1.2065510605308e-05
"LOC128103737",1.2064706688008e-05
"Alox15b",1.2047588386212e-05
"LOC128103299",1.1959155652984e-05
"LOC128106537",1.19151530133116e-05
"Slc46a2",1.18996923439399e-05
"Dcdc2c",1.1855574706613e-05
"LOC128108417",1.18551355367549e-05
"LOC128100187",1.18551355367549e-05
"LOC128107714",1.17090921675592e-05
"LOC128123505",1.17032640144253e-05
"LOC128122651",1.15422210453335e-05
"LOC128101879",1.14747811425576e-05
"LOC128110914",1.14721004054022e-05
"LOC128103301",1.14019528060761e-05
"LOC128103978",1.13352574259933e-05
"LOC128106525",1.13062341733816e-05
"Garin4",1.12374777737678e-05
"LOC128112380",1.11960529696874e-05
"LOC128122755",1.11297899967086e-05
"LOC128113406",1.10463241377444e-05
"LOC128110247",1.10143744833777e-05
"LOC128100192",1.09954527748321e-05
"LOC128104054",1.08044293775981e-05
"LOC128102741",1.04883413003899e-05
"S100z",1.0471100837364e-05
"LOC128099909",1.04602491890872e-05
"LOC128114645",1.04466783322055e-05
"LOC128101100",1.03576984475409e-05
"Epo",1.03136964005508e-05
"LOC128117262",1.03089097391841e-05
"LOC128110509",1.02092615003239e-05
"LOC128106055",1.01926286145479e-05
"LOC128122626",1.01719245041218e-05
"LOC128102807",1.01400564958409e-05
"LOC128118404",1.01389736212226e-05
"LOC128111623",1.0057086147086e-05
"Lamb4",1.00227412287247e-05
"LOC128108097",1.00105937892981e-05
"LOC128112245",9.8102751601402e-06
"LOC128115311",9.8049144542462e-06
"LOC128119753",9.765380521919e-06
"LOC128116141",9.70680491028445e-06
"LOC128097274",9.70548029445566e-06
"Mepe",9.6415011777293e-06
"LOC128113530",9.51146602163887e-06
"LOC128096969",9.46265701849632e-06
"LOC128100325",9.43734556110618e-06
"LOC128112094",9.42153903218387e-06
"LOC128111323",9.3727699287035e-06
"LOC128120828",9.24444011512001e-06
"LOC128120514",9.1255061944749e-06
"LOC128097360",9.07993273272226e-06
"LOC128116727",9.04546463584424e-06
"Trpc5os",9.0146465594709e-06
"Dppa5",8.99008307021863e-06
"LOC128123513",8.8862600073512e-06
"LOC128115703",8.85418945794038e-06
"LOC128106126",8.82661194909812e-06
"LOC128094881",8.77295800470546e-06
"LOC128095213",8.67366485069548e-06
"LOC128107988",8.64662411884997e-06
"LOC128094868",8.51019050749079e-06
"LOC128113184",8.50566341697107e-06
"LOC128107573",8.4556713176753e-06
"LOC128125233",8.44630734643462e-06
"Bpifb2",8.44170466583861e-06
"LOC128125691",8.40802766871808e-06
"LOC128122334",8.36381546019858e-06
"LOC128103558",8.28215925951898e-06
"LOC128105885",8.27134722990949e-06
"LOC128096214",8.16351852275108e-06
"LOC128120654",8.13623978352378e-06
"LOC128124726",8.08693819175285e-06
"LOC128094734",8.05480120060855e-06
"LOC128106760",7.96788316481314e-06
"LOC128121176",7.95969362294535e-06
"LOC128125482",7.87205586473237e-06
"LOC128107142",7.85468890993063e-06
"LOC128106119",7.7630084757863e-06
"LOC128110572",7.70995190779207e-06
"LOC128108094",7.57938990338743e-06
"Tgm6",7.51517619628045e-06
"Slc7a9",7.49963156790925e-06
"LOC128116445",7.46748880776631e-06
"Gpr151",7.39949696226279e-06
"LOC128094722",7.35737944183047e-06
"LOC128120001",7.26820060877561e-06
"Slc13a1",7.19380525195611e-06
"Tmco2",7.18905970369561e-06
"LOC128097561",7.06768884379197e-06
"LOC128111504",7.04632297882675e-06
"LOC128108112",6.96166296376919e-06
"Mc2r",6.92489727101686e-06
"LOC128118846",6.92277659113821e-06
"LOC128106703",6.90270518894395e-06
"Dspp",6.8462839440362e-06
"LOC128113048",6.67153521919197e-06
"LOC128095948",6.61746721319054e-06
"LOC128121422",6.60092901153301e-06
"LOC128104184",6.58139659387635e-06
"LOC128096109",6.44138727146503e-06
"Ccnb3",6.37516169011481e-06
"LOC128116118",6.3367057556852e-06
"Mep1b",6.27447631134027e-06
"LOC128095879",6.22952897113625e-06
"LOC128110173",6.18339354270984e-06
"LOC128097289",6.15212962131795e-06
"LOC128118250",6.13393969309305e-06
"LOC128095878",6.1225543746553e-06
"LOC128098106",6.10752962758662e-06
"Otx2",6.03435143914949e-06
"LOC128105705",6.01834077677577e-06
"LOC128096416",5.89582306396988e-06
"LOC128116846",5.82054290647401e-06
"LOC128120187",5.79594596624756e-06
"LOC128124299",5.7366557389977e-06
"LOC128099475",5.70945961650967e-06
"Ren",5.66330944430972e-06
"LOC128104814",5.53915666146239e-06
"LOC128109261",5.45370851934074e-06
"LOC128116874",5.42543913773785e-06
"LOC128095766",5.39137114727639e-06
"LOC128106414",5.34466441775967e-06
"LOC128106127",5.31913310784459e-06
"LOC128107872",5.27847879871696e-06
"LOC128107910",5.27250969803774e-06
"LOC128119006",5.27064130851595e-06
"LOC128114527",5.22402549860769e-06
"LOC128123390",5.20660363825753e-06
"LOC128102487",5.19690960292036e-06
"LOC128113120",5.19296673546173e-06
"LOC128095637",5.10687606906486e-06
"LOC128112482",4.88849730324577e-06
"Tac3",4.8856389939953e-06
"LOC128106825",4.80393853764943e-06
"LOC128100954",4.78954760606757e-06
"LOC128113980",4.78193348766928e-06
"LOC128097707",4.74821993029123e-06
"Sfxn4",4.68230109214183e-06
"LOC128120815",4.67633238873717e-06
"Wfdc5",4.65918304406333e-06
"Hormad2",4.64475102550358e-06
"LOC128100851",4.39507867341223e-06
"LOC128120771",4.30558704853984e-06
"LOC128114892",4.29402763401555e-06
"LOC128104637",4.12879648341079e-06
"LOC128109265",4.03918940480176e-06
"LOC128108106",4.00641929767548e-06
"LOC128114898",3.96696954157845e-06
"LOC128103838",3.90201903199059e-06
"LOC128113760",3.884589857584e-06
"LOC128094915",3.7967721827093e-06
"Calcr",3.77358585402657e-06
"LOC128095198",3.65191127479919e-06
"LOC128118570",3.62755470314597e-06
"LOC128113119",3.55409168859537e-06
"LOC128115265",3.5538472418136e-06
"LOC128116166",3.51780791529414e-06
"Map6d1",3.51067039228743e-06
"Iqcm",3.50430843182572e-06
"LOC128113905",3.45903834173929e-06
"LOC128113722",3.44547036772027e-06
"LOC128114080",3.37912956612615e-06
"LOC128120117",3.32640218746533e-06
"LOC128102752",3.31365754750058e-06
"Npbwr1",3.30930628582975e-06
"Spz1",3.21041626130017e-06
"LOC128111386",3.15987090999678e-06
"LOC128121188",3.11439874607224e-06
"LOC128117446",3.10675059422677e-06
"LOC128104867",3.10214722237133e-06
"LOC128124158",2.97981714575491e-06
"LOC128094048",2.96938819687893e-06
"LOC128112329",2.96422802348668e-06
"Rit2",2.94904972957252e-06
"Gje1",2.89955835525748e-06
"LOC128094700",2.89097064020001e-06
"LOC128095715",2.86708321841912e-06
"LOC128115178",2.86339132806545e-06
"LOC128120666",2.81313506727723e-06
"LOC128113262",2.75059391426006e-06
"LOC128108416",2.74091071453016e-06
"LOC128116226",2.7207008551973e-06
"Neurog2",2.6829595226902e-06
"LOC128110232",2.665833736844e-06
"LOC128100869",2.53797700713262e-06
"LOC128105818",2.5074921466105e-06
"LOC128112445",2.50038512723339e-06
"LOC128111309",2.46547557561642e-06
"LOC128104868",2.43823012970192e-06
"Ezhip",2.41677646362173e-06
"Fcrl6",2.39856360745733e-06
"LOC128095764",2.39327505244677e-06
"LOC128111045",2.2819599164563e-06
"LOC128116115",2.25486302338397e-06
"LOC128100125",2.17076804156013e-06
"LOC128094693",2.12834622206983e-06
"Otp",2.07852010272878e-06
"LOC128097279",2.03088492285344e-06
"LOC128112181",1.98957788949498e-06
"LOC128101880",1.98474533524563e-06
"LOC128100244",1.97178519418442e-06
"LOC128112182",1.94553997896885e-06
"LOC128095730",1.82816226487176e-06
"LOC128110913",1.77866662183078e-06
"LOC128103693",1.7570088943871e-06
"LOC128108903",1.75623378265088e-06
"LOC128125462",1.7455003008822e-06
"LOC128119538",1.73267807117342e-06
"LOC128105549",1.68749051740412e-06
"LOC128123886",1.61695061154045e-06
"LOC128120567",1.61054395781576e-06
"LOC128103364",1.55851158600781e-06
"LOC128095781",1.53759873757896e-06
"LOC128115085",1.48829815014283e-06
"LOC128095821",1.4644817197174e-06
"Zbed2",1.45965687037422e-06
"LOC128118196",1.45178145891617e-06
"LOC128104835",1.40988661983659e-06
"LOC128124141",1.34172314915562e-06
"LOC128124113",1.30397262146595e-06
"LOC128096253",1.24243700801933e-06
"LOC128119721",1.22011690400734e-06
"LOC128110498",1.20608862126095e-06
"LOC128116701",1.19106937318754e-06
"LOC128117392",1.17838516734585e-06
"LOC128108778",1.17406803413032e-06
"LOC128095717",1.16865623232556e-06
"Esx1",1.15122998254157e-06
"Kcna10",1.13578522795103e-06
"LOC128113113",1.0505686255074e-06
"LOC128100201",1.0345008958921e-06
"LOC128115208",9.88214115648689e-07
"LOC128115744",9.15357917683936e-07
"Spink8",9.06476552793543e-07
"LOC128120936",8.53339266221431e-07
"Bmp10",8.20027296514451e-07
"LOC128120024",7.09792586983522e-07
"LOC128121348",6.74970047360306e-07
"LOC128117323",6.6733786690781e-07
"LOC128110197",6.6180341457252e-07
"LOC128122680",5.28526608327148e-07
"LOC128098788",3.97072955051512e-07
"LOC128103834",3.38796790309291e-07
"LOC128122681",3.09383358596312e-07
"LOC128118050",2.83040022735208e-07
"LOC128097988",2.65837186562697e-07
"LOC128116142",2.19348876818994e-07
"LOC128106061",2.12783768623875e-07
"LOC128108448",1.78527260291868e-07
"LOC128111816",1.75544937863904e-07
"LOC128096415",1.74191577372307e-07
"LOC128123451",0
"LOC128118388",0
"LOC128117919",0
"LOC128114280",0
"Dusp21",0
"LOC128114305",0
"Ppp1r2c",0
"LOC128113607",0
"LOC128114356",0
"LOC128112873",0
"LOC128113625",0
"LOC128113632",0
"LOC128114388",0
"Eras",0
"LOC128118077",0
"Akap4",0
"LOC128119081",0
"LOC128117901",0
"LOC128118478",0
"LOC128118530",0
"LOC128118616",0
"LOC128114465",0
"LOC128113706",0
"LOC128113716",0
"LOC128117944",0
"LOC128125549",0
"LOC128125487",0
"LOC128113759",0
"LOC128113766",0
"LOC128113784",0
"LOC128113800",0
"LOC128113804",0
"LOC128113814",0
"LOC128113836",0
"LOC128114526",0
"LOC128113847",0
"LOC128113858",0
"LOC128113904",0
"LOC128113917",0
"LOC128113928",0
"LOC128114535",0
"LOC128113939",0
"LOC128113949",0
"LOC128113970",0
"LOC128114547",0
"LOC128118384",0
"LOC128114589",0
"LOC128118181",0
"LOC128118429",0
"LOC128118258",0
"LOC128114047",0
"LOC128118445",0
"Trnav-uac",0
"LOC128114677",0
"LOC128114708",0
"LOC128114174",0
"LOC128114185",0
"LOC128114227",0
"LOC128114769",0
"LOC128114229",0
"LOC128114239",0
"LOC128114246",0
"LOC128116447",0
"LOC128116448",0
"LOC128116452",0
"LOC128116460",0
"Fam47a",0
"LOC128116492",0
"LOC128114773",0
"Pasd1",0
"LOC128118308",0
"LOC128114787",0
"LOC128118369",0
"LOC128116546",0
"LOC128114810",0
"LOC128116552",0
"LOC128116557",0
"LOC128116561",0
"LOC128116585",0
"LOC128116590",0
"LOC128116602",0
"LOC128117903",0
"LOC128116618",0
"LOC128116623",0
"LOC128116628",0
"LOC128116639",0
"LOC128116646",0
"LOC128116662",0
"LOC128116670",0
"LOC128116674",0
"LOC128116686",0
"LOC128116692",0
"LOC128118247",0
"LOC128116707",0
"LOC128118434",0
"LOC128114920",0
"LOC128114945",0
"LOC128114962",0
"LOC128117939",0
"P2ry4",0
"LOC128113455",0
"LOC128115058",0
"LOC128115078",0
"Cdx4",0
"LOC128115132",0
"LOC128116850",0
"LOC128118363",0
"LOC128118342",0
"LOC128118448",0
"LOC128116877",0
"LOC128118257",0
"LOC128108343",0
"LOC128108347",0
"Cylc1",0
"LOC128116910",0
"LOC128116937",0
"LOC128118282",0
"Cpxcr1",0
"Tgif2lx",0
"LOC128108482",0
"LOC128117928",0
"LOC128118291",0
"LOC128118037",0
"LOC128115318",0
"LOC128115334",0
"LOC128115338",0
"LOC128117036",0
"LOC128117040",0
"LOC128115342",0
"LOC128115351",0
"LOC128115356",0
"LOC128118348",0
"LOC128117053",0
"LOC128115374",0
"LOC128117956",0
"Taf7l",0
"LOC128115397",0
"LOC128115435",0
"LOC128115446",0
"LOC128115448",0
"LOC128115455",0
"LOC128115470",0
"LOC128108955",0
"LOC128115487",0
"LOC128115492",0
"Nxf3",0
"LOC128109109",0
"LOC128117990",0
"LOC128117172",0
"LOC128109208",0
"Tex13a",0
"Serpina7",0
"LOC128117219",0
"LOC128117230",0
"LOC128117241",0
"LOC128117256",0
"LOC128117272",0
"LOC128117315",0
"LOC128117326",0
"LOC128115573",0
"Ripply1",0
"LOC128109603",0
"Tex13b",0
"LOC128117401",0
"Lhfpl1",0
"LOC128118413",0
"LOC128118240",0
"LOC128118219",0
"LOC128115710",0
"LOC128110101",0
"LOC128118276",0
"LOC128118286",0
"LOC128118454",0
"LOC128118424",0
"LOC128117497",0
"LOC128115772",0
"LOC128117505",0
"LOC128117538",0
"LOC128117545",0
"LOC128117559",0
"LOC128115788",0
"LOC128115796",0
"LOC128115798",0
"LOC128110564",0
"LOC128115812",0
"LOC128115818",0
"LOC128116446",0
"LOC128110684",0
"LOC128110689",0
"LOC128115838",0
"LOC128118029",0
"LOC128118420",0
"LOC128117614",0
"LOC128118417",0
"Actrt1",0
"LOC128118344",0
"Gpr119",0
"LOC128117642",0
"LOC128115946",0
"LOC128115952",0
"LOC128117645",0
"LOC128118331",0
"LOC128117649",0
"LOC128117669",0
"LOC128117676",0
"LOC128117702",0
"Znf75d",0
"Brs3",0
"LOC128118144",0
"LOC128118189",0
"LOC128116040",0
"LOC128117754",0
"LOC128117764",0
"LOC128116147",0
"LOC128116158",0
"LOC128118271",0
"LOC128116191",0
"LOC128117788",0
"Fmr1nb",0
"LOC128116301",0
"LOC128118265",0
"LOC128118268",0
"LOC128116309",0
"Gpr50",0
"LOC128117932",0
"LOC128117837",0
"Pnma5",0
"LOC128112242",0
"LOC128118066",0
"LOC128112439",0
"LOC128112248",0
"LOC128116380",0
"Tktl1",0
"LOC128116412",0
"LOC128116432",0
"LOC128117874",0
"LOC128117876",0
"Smim9",0
"LOC128113380",0
"LOC128105704",0
"LOC128105754",0
"LOC128105579",0
"LOC128102372",0
"LOC128102939",0
"LOC128102946",0
"LOC128105758",0
"LOC128102380",0
"LOC128105654",0
"LOC128102986",0
"LOC128102991",0
"LOC128102995",0
"LOC128103003",0
"LOC128103010",0
"LOC128102399",0
"LOC128103014",0
"LOC128103022",0
"LOC128103025",0
"LOC128102407",0
"LOC128102411",0
"LOC128103034",0
"LOC128103043",0
"LOC128103049",0
"LOC128102417",0
"LOC128103054",0
"LOC128103063",0
"LOC128102422",0
"LOC128102429",0
"LOC128103070",0
"LOC128103080",0
"LOC128103110",0
"LOC128103121",0
"LOC128103133",0
"LOC128103144",0
"LOC128103149",0
"LOC128103153",0
"LOC128103160",0
"LOC128103167",0
"LOC128105995",0
"LOC128120751",0
"LOC128120906",0
"LOC128120933",0
"LOC128105651",0
"LOC128121116",0
"LOC128121181",0
"LOC128105587",0
"LOC128121373",0
"LOC128121429",0
"LOC128121544",0
"Vsig10l2",0
"LOC128103287",0
"LOC128103307",0
"LOC128102535",0
"LOC128103314",0
"LOC128103327",0
"LOC128103341",0
"LOC128103347",0
"LOC128103350",0
"LOC128121647",0
"LOC128103363",0
"LOC128103371",0
"LOC128103383",0
"LOC128106000",0
"LOC128103384",0
"LOC128103389",0
"LOC128103396",0
"LOC128103398",0
"LOC128103400",0
"LOC128103414",0
"LOC128103421",0
"LOC128103425",0
"LOC128103433",0
"LOC128103449",0
"LOC128103455",0
"LOC128103462",0
"LOC128103470",0
"LOC128103478",0
"LOC128103483",0
"LOC128103489",0
"LOC128102592",0
"LOC128103496",0
"LOC128103498",0
"LOC128103503",0
"LOC128103511",0
"LOC128103519",0
"LOC128103528",0
"LOC128103539",0
"LOC128103546",0
"LOC128103555",0
"LOC128103562",0
"LOC128103572",0
"LOC128103579",0
"LOC128103583",0
"LOC128103591",0
"LOC128103602",0
"LOC128103611",0
"LOC128103614",0
"LOC128103622",0
"LOC128103628",0
"LOC128103632",0
"LOC128103638",0
"LOC128103646",0
"LOC128103684",0
"LOC128103690",0
"LOC128103699",0
"LOC128103704",0
"LOC128103708",0
"LOC128103717",0
"LOC128102612",0
"LOC128103726",0
"LOC128103731",0
"LOC128102622",0
"LOC128103743",0
"LOC128102629",0
"LOC128103750",0
"LOC128103755",0
"LOC128121925",0
"LOC128103763",0
"LOC128103772",0
"LOC128103780",0
"LOC128103789",0
"LOC128102647",0
"LOC128103795",0
"LOC128103816",0
"LOC128103824",0
"LOC128103833",0
"LOC128103841",0
"LOC128103851",0
"LOC128102657",0
"LOC128103862",0
"LOC128103872",0
"LOC128103876",0
"LOC128103885",0
"LOC128103893",0
"LOC128103898",0
"LOC128102672",0
"LOC128102676",0
"LOC128103910",0
"LOC128103917",0
"LOC128103926",0
"Tmem225",0
"LOC128103942",0
"Bsx",0
"LOC128105990",0
"LOC128105621",0
"LOC128102706",0
"LOC128123183",0
"LOC128104061",0
"Cldn25",0
"LOC128104096",0
"LOC128123725",0
"LOC128104182",0
"LOC128105606",0
"LOC128106134",0
"LOC128104273",0
"Nr2e3",0
"LOC128125644",0
"LOC128105679",0
"LOC128105957",0
"LOC128106141",0
"LOC128105855",0
"LOC128105640",0
"LOC128105682",0
"LOC128105627",0
"LOC128105633",0
"LOC128095439",0
"LOC128105811",0
"LOC128105930",0
"LOC128104440",0
"LOC128104446",0
"LOC128095649",0
"Ooep",0
"LOC128096212",0
"LOC128096257",0
"LOC128096436",0
"LOC128096472",0
"LOC128105308",0
"LOC128105324",0
"LOC128105331",0
"LOC128105340",0
"LOC128105346",0
"LOC128105359",0
"LOC128104594",0
"LOC128104603",0
"LOC128104609",0
"LOC128104620",0
"LOC128104644",0
"LOC128096792",0
"LOC128105964",0
"LOC128097247",0
"LOC128104670",0
"LOC128104679",0
"LOC128104688",0
"LOC128105784",0
"LOC128105440",0
"LOC128105467",0
"LOC128105475",0
"LOC128105482",0
"Iqcf6",0
"LOC128105617",0
"LOC128105595",0
"LOC128106097",0
"LOC128105805",0
"LOC128104949",0
"LOC128100451",0
"LOC128105762",0
"LOC128105534",0
"LOC128105541",0
"LOC128105548",0
"LOC128105557",0
"LOC128101257",0
"LOC128105087",0
"LOC128101652",0
"LOC128106104",0
"LOC128108137",0
"LOC128108073",0
"LOC128107015",0
"LOC128108124",0
"LOC128107818",0
"LOC128108149",0
"LOC128108113",0
"Oxgr1",0
"LOC128108138",0
"LOC128108128",0
"LOC128107823",0
"LOC128108087",0
"LOC128108139",0
"LOC128107060",0
"LOC128108107",0
"LOC128108129",0
"LOC128108134",0
"LOC128108078",0
"LOC128108147",0
"LOC128107847",0
"LOC128108120",0
"LOC128107848",0
"LOC128107100",0
"LOC128107099",0
"LOC128108082",0
"LOC128107834",0
"LOC128107855",0
"LOC128108117",0
"LOC128108131",0
"LOC128108076",0
"LOC128107844",0
"LOC128108133",0
"LOC128108109",0
"LOC128108075",0
"LOC128107116",0
"LOC128107870",0
"LOC128107136",0
"LOC128107876",0
"LOC128107159",0
"Cby2",0
"LOC128107881",0
"LOC128107883",0
"Mlnr",0
"LOC128108119",0
"LOC128107897",0
"Nkx2-6",0
"LOC128107908",0
"LOC128107902",0
"LOC128107234",0
"LOC128108091",0
"LOC128107268",0
"CUNH8orf74",0
"Defb136",0
"Defb135",0
"Defb130b",0
"Defb108b",0
"LOC128107310",0
"LOC128107311",0
"LOC128107341",0
"LOC128107932",0
"LOC128108074",0
"LOC128106439",0
"LOC128106488",0
"LOC128108085",0
"LOC128107956",0
"LOC128106531",0
"LOC128107957",0
"LOC128106624",0
"LOC128106668",0
"LOC128106738",0
"LOC128106757",0
"LOC128106773",0
"LOC128106869",0
"LOC128106925",0
"LOC128106926",0
"LOC128106931",0
"LOC128107967",0
"LOC128107968",0
"LOC128107969",0
"LOC128107970",0
"LOC128107971",0
"LOC128107973",0
"LOC128107974",0
"LOC128107975",0
"LOC128107446",0
"LOC128107445",0
"LOC128107448",0
"LOC128107447",0
"LOC128106956",0
"LOC128107994",0
"LOC128107995",0
"LOC128107996",0
"LOC128107997",0
"LOC128107998",0
"LOC128107999",0
"LOC128108000",0
"LOC128108001",0
"LOC128108002",0
"LOC128108003",0
"LOC128108004",0
"LOC128108005",0
"LOC128106957",0
"LOC128106958",0
"LOC128106959",0
"LOC128108148",0
"LOC128108142",0
"LOC128108012",0
"LOC128108090",0
"LOC128108024",0
"LOC128108132",0
"LOC128108108",0
"LOC128108026",0
"LOC128108101",0
"LOC128108079",0
"LOC128107656",0
"LOC128107658",0
"LOC128108031",0
"LOC128106989",0
"LOC128106991",0
"LOC128108044",0
"Rgr",0
"Lrit1",0
"Lrit2",0
"LOC128106995",0
"LOC128108055",0
"LOC128108118",0
"LOC128108144",0
"LOC128107745",0
"LOC128108064",0
"LOC128107747",0
"LOC128108065",0
"LOC128108066",0
"LOC128108067",0
"LOC128108141",0
"LOC128107761",0
"LOC128108068",0
"LOC128108095",0
"LOC128108821",0
"LOC128109244",0
"LOC128109142",0
"LOC128109143",0
"LOC128109231",0
"LOC128109008",0
"LOC128109219",0
"LOC128109185",0
"LOC128109209",0
"LOC128108235",0
"LOC128109207",0
"LOC128109018",0
"LOC128108846",0
"LOC128109241",0
"LOC128109020",0
"LOC128109184",0
"LOC128108305",0
"LOC128108849",0
"LOC128108853",0
"Pom121l12",0
"Nkx3-2",0
"LOC128108392",0
"LOC128109036",0
"LOC128108875",0
"LOC128109202",0
"LOC128108749",0
"LOC128109203",0
"LOC128109212",0
"LOC128108877",0
"LOC128109234",0
"LOC128108761",0
"LOC128108497",0
"LOC128108498",0
"LOC128108499",0
"LOC128108501",0
"Exoc1l",0
"Spink2",0
"LOC128109230",0
"LOC128108567",0
"LOC128109213",0
"LOC128108568",0
"LOC128109204",0
"LOC128109227",0
"LOC128109214",0
"LOC128108571",0
"LOC128108916",0
"LOC128109239",0
"LOC128108920",0
"LOC128108779",0
"LOC128108781",0
"LOC128108930",0
"LOC128108577",0
"Csn2",0
"LOC128108786",0
"Prr27",0
"LOC128108938",0
"LOC128108939",0
"LOC128108941",0
"Cabs1",0
"LOC128108943",0
"LOC128108945",0
"Ambn",0
"Enam",0
"Afm",0
"LOC128109205",0
"LOC128108805",0
"LOC128108967",0
"LOC128108806",0
"LOC128108807",0
"LOC128108968",0
"LOC128109229",0
"LOC128108971",0
"LOC128109222",0
"LOC128109210",0
"LOC128109195",0
"Barhl2",0
"LOC128109233",0
"LOC128109197",0
"Serpinb13",0
"LOC128109291",0
"LOC128109273",0
"LOC128109301",0
"LOC128110201",0
"LOC128109536",0
"LOC128109537",0
"LOC128109584",0
"LOC128109360",0
"LOC128110227",0
"LOC128109539",0
"LOC128109602",0
"LOC128109604",0
"LOC128109607",0
"LOC128109616",0
"LOC128109617",0
"LOC128110233",0
"LOC128110228",0
"LOC128109545",0
"LOC128110242",0
"LOC128110215",0
"LOC128109549",0
"Ascl5",0
"Rgs21",0
"LOC128109768",0
"LOC128109564",0
"LOC128109565",0
"LOC128109566",0
"LOC128109567",0
"LOC128110239",0
"LOC128109418",0
"LOC128109419",0
"LOC128109420",0
"LOC128109423",0
"LOC128109426",0
"Nphs2",0
"LOC128109433",0
"LOC128110202",0
"LOC128110212",0
"LOC128110208",0
"LOC128109443",0
"LOC128109309",0
"LOC128109448",0
"LOC128109449",0
"Lmx1a",0
"LOC128109942",0
"LOC128110225",0
"LOC128109456",0
"LOC128109480",0
"LOC128110216",0
"LOC128109319",0
"LOC128109482",0
"LOC128109483",0
"LOC128109320",0
"LOC128109484",0
"LOC128109322",0
"LOC128109486",0
"LOC128109487",0
"LOC128109488",0
"LOC128109490",0
"LOC128109335",0
"LOC128109493",0
"LOC128109494",0
"LOC128109496",0
"Wdr64",0
"LOC128110219",0
"Becn2",0
"LOC128110213",0
"LOC128110222",0
"LOC128109501",0
"LOC128110237",0
"LOC128110230",0
"LOC128110234",0
"LOC128110251",0
"LOC128110135",0
"LOC128110235",0
"LOC128109345",0
"LOC128110224",0
"Ferd3l",0
"LOC128111399",0
"LOC128111289",0
"LOC128110685",0
"LOC128110690",0
"LOC128111400",0
"LOC128111389",0
"LOC128110459",0
"LOC128110461",0
"LOC128110711",0
"LOC128111398",0
"LOC128110466",0
"LOC128110716",0
"LOC128110714",0
"LOC128110467",0
"LOC128110719",0
"LOC128110720",0
"LOC128110470",0
"LOC128110724",0
"LOC128110473",0
"LOC128111404",0
"LOC128110747",0
"LOC128111311",0
"LOC128111357",0
"LOC128111368",0
"LOC128111372",0
"LOC128111380",0
"LOC128111376",0
"LOC128111307",0
"LOC128111302",0
"LOC128111301",0
"LOC128111296",0
"Fscb",0
"LOC128111360",0
"LOC128111300",0
"LOC128111285",0
"LOC128111387",0
"Rpl36al",0
"LOC128111394",0
"LOC128110791",0
"LOC128111366",0
"LOC128110496",0
"LOC128111304",0
"LOC128111303",0
"LOC128111287",0
"LOC128110819",0
"LOC128111390",0
"LOC128110499",0
"LOC128111405",0
"LOC128111392",0
"LOC128110829",0
"LOC128110502",0
"LOC128111288",0
"LOC128110504",0
"LOC128111409",0
"LOC128111291",0
"LOC128110628",0
"LOC128110878",0
"LOC128110629",0
"LOC128110518",0
"Serpina5",0
"LOC128110345",0
"LOC128110346",0
"LOC128110897",0
"LOC128111361",0
"LOC128110532",0
"LOC128110908",0
"LOC128110533",0
"LOC128110912",0
"LOC128111298",0
"LOC128110939",0
"LOC128111326",0
"LOC128111354",0
"LOC128111342",0
"LOC128111321",0
"LOC128111319",0
"LOC128111316",0
"LOC128111318",0
"LOC128111313",0
"LOC128111327",0
"LOC128111332",0
"LOC128111324",0
"LOC128111343",0
"LOC128111325",0
"LOC128111336",0
"LOC128111331",0
"LOC128111335",0
"LOC128110942",0
"Rd3l",0
"LOC128111290",0
"LOC128110359",0
"LOC128111284",0
"LOC128111295",0
"LOC128110560",0
"Vrtn",0
"LOC128111145",0
"LOC128111408",0
"LOC128111283",0
"LOC128111365",0
"LOC128111286",0
"LOC128111406",0
"LOC128111216",0
"LOC128110577",0
"LOC128111220",0
"LOC128111292",0
"LOC128111384",0
"LOC128112341",0
"LOC128111466",0
"LOC128112316",0
"LOC128111649",0
"LOC128112330",0
"LOC128111817",0
"Trnad-auc",0
"LOC128111823",0
"LOC128111476",0
"LOC128111477",0
"LOC128111662",0
"LOC128111663",0
"LOC128111664",0
"LOC128112335",0
"LOC128112317",0
"LOC128112342",0
"LOC128112337",0
"LOC128111488",0
"Ncbp2as2",0
"LOC128111921",0
"LOC128111681",0
"LOC128111970",0
"LOC128111978",0
"LOC128111684",0
"Tex55",0
"LOC128111511",0
"LOC128112353",0
"LOC128112315",0
"LOC128111698",0
"LOC128111700",0
"LOC128111701",0
"LOC128111703",0
"LOC128111704",0
"LOC128111705",0
"LOC128111706",0
"LOC128112080",0
"LOC128112332",0
"Ccdc54",0
"LOC128111519",0
"LOC128112333",0
"LOC128111430",0
"LOC128111432",0
"LOC128111522",0
"LOC128111523",0
"LOC128111524",0
"LOC128111525",0
"LOC128111526",0
"LOC128111527",0
"LOC128111528",0
"LOC128111529",0
"LOC128111434",0
"LOC128111530",0
"LOC128111531",0
"LOC128111532",0
"LOC128111533",0
"LOC128111534",0
"LOC128111535",0
"LOC128111536",0
"LOC128111538",0
"LOC128111539",0
"LOC128111540",0
"LOC128111541",0
"LOC128111542",0
"LOC128111543",0
"LOC128111544",0
"LOC128111545",0
"LOC128111546",0
"LOC128111547",0
"LOC128111549",0
"LOC128111548",0
"LOC128111550",0
"LOC128111551",0
"LOC128111552",0
"LOC128111553",0
"LOC128111554",0
"LOC128111556",0
"LOC128111557",0
"Gabrr3",0
"LOC128111559",0
"LOC128112143",0
"Csnka2ip",0
"LOC128112349",0
"LOC128111439",0
"LOC128112158",0
"LOC128112355",0
"Trnag-acc",0
"Lipi",0
"Tmprss15",0
"LOC128112358",0
"LOC128111445",0
"LOC128111576",0
"LOC128111577",0
"LOC128112331",0
"LOC128112347",0
"LOC128112193",0
"Cldn17",0
"LOC128111628",0
"LOC128111447",0
"LOC128111584",0
"LOC128111627",0
"LOC128111585",0
"LOC128111586",0
"LOC128111587",0
"LOC128111588",0
"LOC128111589",0
"LOC128111590",0
"LOC128111592",0
"LOC128111593",0
"LOC128111594",0
"LOC128111595",0
"LOC128111596",0
"LOC128111450",0
"LOC128111597",0
"LOC128111710",0
"LOC128111598",0
"LOC128111599",0
"LOC128111631",0
"LOC128111600",0
"LOC128111601",0
"LOC128111451",0
"LOC128111602",0
"LOC128111603",0
"LOC128111604",0
"LOC128111605",0
"LOC128111606",0
"LOC128111607",0
"LOC128111608",0
"LOC128111609",0
"LOC128111625",0
"LOC128111453",0
"LOC128111610",0
"LOC128112338",0
"LOC128111611",0
"LOC128111613",0
"LOC128112319",0
"LOC128112328",0
"Cetn1",0
"LOC128113111",0
"LOC128113107",0
"LOC128113144",0
"LOC128112402",0
"LOC128112407",0
"LOC128113109",0
"LOC128112610",0
"LOC128112411",0
"LOC128112412",0
"LOC128112413",0
"LOC128112612",0
"LOC128112414",0
"LOC128113134",0
"LOC128112642",0
"Wnt8a",0
"LOC128113110",0
"LOC128112763",0
"Grxcr2",0
"LOC128112778",0
"LOC128112435",0
"Spink14",0
"LOC128112437",0
"LOC128112455",0
"LOC128113084",0
"LOC128113141",0
"LOC128113143",0
"LOC128112790",0
"LOC128113117",0
"LOC128112447",0
"LOC128113135",0
"Ftmt",0
"LOC128112820",0
"LOC128112827",0
"LOC128112828",0
"LOC128112457",0
"LOC128112832",0
"LOC128112834",0
"LOC128112458",0
"LOC128113062",0
"LOC128113148",0
"LOC128113137",0
"Cplx4",0
"LOC128112922",0
"LOC128112491",0
"LOC128112492",0
"LOC128113133",0
"LOC128113140",0
"Skor2",0
"LOC128113023",0
"LOC128113124",0
"LOC128113123",0
"LOC128113032",0
"LOC128113136",0
"LOC128113045",0
"LOC128113047",0
"LOC128112507",0
"LOC128113125",0
"Slc6a18",0
"LOC128113877",0
"Irx4",0
"LOC128113880",0
"LOC128113879",0
"LOC128113407",0
"LOC128113821",0
"LOC128113881",0
"Cdh9",0
"LOC128113866",0
"LOC128113898",0
"LOC128113860",0
"Trnan-auu",0
"LOC128113885",0
"LOC128113829",0
"LOC128113456",0
"LOC128113832",0
"LOC128113899",0
"Htr1a",0
"LOC128113232",0
"LOC128113893",0
"LOC128113894",0
"LOC128113895",0
"Actbl2",0
"LOC128113844",0
"LOC128113869",0
"LOC128113252",0
"LOC128113862",0
"LOC128113588",0
"LOC128113603",0
"LOC128113303",0
"LOC128113302",0
"LOC128113859",0
"LOC128113884",0
"LOC128113265",0
"LOC128113876",0
"LOC128113861",0
"LOC128113273",0
"LOC128113180",0
"LOC128113182",0
"LOC128113283",0
"LOC128113875",0
"LOC128113737",0
"LOC128113286",0
"LOC128113890",0
"LOC128113739",0
"LOC128113740",0
"LOC128113742",0
"LOC128113191",0
"Rasa1",0
"Ccnh",0
"LOC128113288",0
"LOC128113289",0
"LOC128113745",0
"LOC128113292",0
"LOC128113748",0
"LOC128113749",0
"Tmem161b",0
"LOC128113755",0
"LOC128113753",0
"LOC128113756",0
"LOC128113758",0
"LOC128113882",0
"LOC128113762",0
"LOC128113761",0
"LOC128113774",0
"LOC128113887",0
"LOC128113912",0
"LOC128114213",0
"LOC128113966",0
"LOC128113967",0
"LOC128113968",0
"LOC128113969",0
"LOC128114173",0
"LOC128114175",0
"LOC128114176",0
"LOC128113971",0
"LOC128113972",0
"LOC128114177",0
"LOC128114178",0
"LOC128114179",0
"LOC128114180",0
"LOC128113974",0
"LOC128113975",0
"LOC128113976",0
"LOC128114182",0
"LOC128113977",0
"LOC128113978",0
"LOC128115115",0
"LOC128115116",0
"Muc21",0
"Psors1c2",0
"Smim40",0
"Clpsl2",0
"Clps",0
"LOC128114015",0
"Tmem217b",0
"LOC128115087",0
"Cryaa",0
"LOC128114509",0
"LOC128114515",0
"LOC128114511",0
"LOC128114514",0
"LOC128114039",0
"LOC128114040",0
"LOC128114042",0
"LOC128114043",0
"LOC128114044",0
"LOC128114045",0
"LOC128114046",0
"LOC128114048",0
"LOC128114049",0
"LOC128114533",0
"LOC128114567",0
"LOC128114583",0
"LOC128115112",0
"LOC128115098",0
"LOC128114647",0
"Neurog3",0
"LOC128115096",0
"LOC128114071",0
"LOC128114651",0
"LOC128114663",0
"LOC128114667",0
"LOC128114680",0
"LOC128114687",0
"LOC128115071",0
"LOC128115073",0
"LOC128114776",0
"LOC128114777",0
"LOC128115077",0
"LOC128114087",0
"Nms",0
"LOC128114092",0
"LOC128115099",0
"LOC128114093",0
"LOC128115097",0
"LOC128114889",0
"LOC128114162",0
"LOC128115075",0
"LOC128114101",0
"LOC128115095",0
"LOC128113935",0
"LOC128113936",0
"LOC128113937",0
"LOC128114911",0
"LOC128114922",0
"LOC128115100",0
"Tfap2d",0
"Defb110",0
"Defb113",0
"Crisp1",0
"LOC128114112",0
"LOC128114114",0
"LOC128114116",0
"LOC128114118",0
"LOC128114120",0
"LOC128114121",0
"LOC128113943",0
"Crisp2",0
"LOC128115101",0
"LOC128114950",0
"LOC128115082",0
"LOC128115084",0
"Guca1a",0
"LOC128115069",0
"LOC128115039",0
"LOC128115041",0
"LOC128115102",0
"Dazl",0
"LOC128114157",0
"LOC128115094",0
"LOC128115130",0
"LOC128116135",0
"LOC128116125",0
"LOC128115321",0
"LOC128116122",0
"Tdrd15",0
"LOC128116136",0
"LOC128116128",0
"Ccdc121",0
"LOC128116129",0
"LOC128116138",0
"LOC128115181",0
"LOC128115183",0
"LOC128116110",0
"LOC128115634",0
"LOC128116145",0
"LOC128116112",0
"LOC128116121",0
"LOC128115656",0
"LOC128116077",0
"Nfilz",0
"Actl9",0
"LOC128115204",0
"LOC128115675",0
"LOC128115689",0
"LOC128115691",0
"LOC128115690",0
"LOC128116104",0
"LOC128115707",0
"LOC128116123",0
"LOC128116088",0
"LOC128116090",0
"LOC128115213",0
"LOC128116093",0
"LOC128115216",0
"LOC128115217",0
"LOC128115218",0
"LOC128116097",0
"LOC128115750",0
"LOC128115225",0
"LOC128116101",0
"LOC128115148",0
"LOC128116144",0
"LOC128116108",0
"LOC128115947",0
"LOC128115958",0
"LOC128115945",0
"LOC128115989",0
"LOC128116114",0
"LOC128116033",0
"LOC128117296",0
"LOC128117257",0
"LOC128117265",0
"LOC128117268",0
"LOC128117279",0
"LOC128117284",0
"LOC128116222",0
"LOC128116224",0
"LOC128116229",0
"LOC128116385",0
"LOC128117282",0
"LOC128117260",0
"LOC128116562",0
"LOC128116238",0
"LOC128116247",0
"LOC128117280",0
"LOC128117278",0
"LOC128116250",0
"LOC128117224",0
"LOC128116251",0
"LOC128116252",0
"LOC128116601",0
"LOC128116603",0
"Slurp1",0
"Slurp2",0
"Gml",0
"Ly6l",0
"LOC128117288",0
"LOC128116709",0
"LOC128116801",0
"LOC128117248",0
"LOC128116824",0
"LOC128116873",0
"LOC128116312",0
"LOC128116922",0
"Mov10l1",0
"LOC128116967",0
"LOC128116179",0
"LOC128116322",0
"LOC128116988",0
"LOC128117289",0
"LOC128116325",0
"LOC128116182",0
"LOC128116332",0
"LOC128116333",0
"LOC128116334",0
"LOC128116183",0
"LOC128116335",0
"LOC128116387",0
"Lalba",0
"LOC128116184",0
"LOC128116344",0
"Tmdd1",0
"LOC128117122",0
"LOC128117293",0
"LOC128117180",0
"Hoxc12",0
"Hoxc11",0
"LOC128117281",0
"LOC128116196",0
"LOC128117306",0
"LOC128118068",0
"LOC128118065",0
"LOC128117424",0
"LOC128118005",0
"LOC128118071",0
"LOC128118063",0
"LOC128117314",0
"LOC128118082",0
"LOC128118083",0
"Dytn",0
"LOC128118072",0
"LOC128117322",0
"LOC128118047",0
"LOC128118015",0
"LOC128117324",0
"LOC128117325",0
"LOC128118019",0
"LOC128118080",0
"LOC128118060",0
"Tnp1",0
"LOC128118067",0
"Ccdc195",0
"LOC128117988",0
"LOC128117986",0
"LOC128118069",0
"LOC128117361",0
"LOC128117364",0
"LOC128118039",0
"LOC128118043",0
"LOC128118076",0
"LOC128118085",0
"LOC128117383",0
"LOC128117385",0
"Otos",0
"LOC128117885",0
"LOC128117387",0
"LOC128117389",0
"LOC128117390",0
"LOC128117393",0
"LOC128117394",0
"LOC128117395",0
"LOC128117406",0
"LOC128117437",0
"LOC128117438",0
"LOC128117439",0
"LOC128117442",0
"Chrng",0
"LOC128118073",0
"LOC128118820",0
"LOC128118252",0
"LOC128118728",0
"LOC128118799",0
"LOC128118792",0
"LOC128118263",0
"LOC128118279",0
"LOC128118306",0
"LOC128118305",0
"LOC128118806",0
"LOC128118802",0
"LOC128118183",0
"LOC128118775",0
"LOC128118812",0
"LOC128118800",0
"LOC128118804",0
"LOC128118823",0
"LOC128118411",0
"LOC128118421",0
"LOC128118813",0
"LOC128118815",0
"LOC128118825",0
"LOC128118112",0
"LOC128118717",0
"LOC128118803",0
"LOC128118829",0
"LOC128118491",0
"LOC128118801",0
"Taar1",0
"LOC128118122",0
"LOC128118178",0
"Taar5",0
"LOC128118123",0
"LOC128118124",0
"LOC128118126",0
"LOC128118127",0
"LOC128118129",0
"LOC128118130",0
"Taar9",0
"Smlr1",0
"Tmem244",0
"LOC128118755",0
"LOC128118560",0
"LOC128118566",0
"LOC128118808",0
"LOC128118817",0
"LOC128118807",0
"LOC128118824",0
"LOC128118148",0
"LOC128118805",0
"LOC128118634",0
"LOC128118186",0
"LOC128118791",0
"LOC128118161",0
"LOC128118635",0
"LOC128118184",0
"LOC128118162",0
"LOC128118191",0
"LOC128118192",0
"LOC128118193",0
"LOC128118194",0
"LOC128118195",0
"LOC128118197",0
"LOC128118198",0
"LOC128118199",0
"LOC128118201",0
"LOC128118202",0
"LOC128118203",0
"LOC128118204",0
"LOC128118789",0
"LOC128118827",0
"Rfpl4b",0
"LOC128118217",0
"LOC128118839",0
"Slc10a2",0
"LOC128119503",0
"LOC128119509",0
"LOC128119443",0
"LOC128118883",0
"Spaca7",0
"Atp4b",0
"LOC128119359",0
"LOC128119452",0
"LOC128119361",0
"LOC128118841",0
"LOC128119349",0
"LOC128118851",0
"LOC128119454",0
"LOC128119364",0
"LOC128119365",0
"LOC128119514",0
"Nkx6-3",0
"LOC128119001",0
"LOC128119002",0
"LOC128119435",0
"LOC128119524",0
"LOC128119464",0
"LOC128119376",0
"LOC128119537",0
"LOC128119377",0
"LOC128119519",0
"LOC128119511",0
"LOC128119504",0
"LOC128119381",0
"LOC128119505",0
"LOC128119534",0
"LOC128119516",0
"LOC128119055",0
"LOC128119467",0
"LOC128119470",0
"LOC128119067",0
"LOC128119515",0
"Zfp42",0
"LOC128119532",0
"LOC128119475",0
"LOC128119476",0
"LOC128119477",0
"LOC128119478",0
"LOC128119507",0
"LOC128119535",0
"LOC128119529",0
"LOC128119396",0
"LOC128118842",0
"LOC128119488",0
"LOC128119489",0
"LOC128119490",0
"LOC128119491",0
"LOC128119492",0
"LOC128119493",0
"LOC128119494",0
"LOC128119495",0
"Adam29",0
"LOC128119533",0
"LOC128119135",0
"LOC128119321",0
"LOC128119412",0
"LOC128119517",0
"LOC128119411",0
"LOC128119510",0
"LOC128119526",0
"LOC128119329",0
"LOC128119528",0
"LOC128119422",0
"LOC128119423",0
"LOC128119335",0
"LOC128119342",0
"B3gnt3",0
"LOC128119573",0
"LOC128119590",0
"LOC128119598",0
"LOC128120102",0
"LOC128120103",0
"LOC128120105",0
"LOC128120123",0
"LOC128120118",0
"LOC128120119",0
"LOC128120127",0
"LOC128119671",0
"LOC128120129",0
"LOC128120145",0
"Ccer1",0
"CUNH12orf50",0
"LOC128120116",0
"LOC128120120",0
"LOC128120003",0
"LOC128120115",0
"LOC128120005",0
"Myf5",0
"LOC128119768",0
"LOC128120134",0
"LOC128119549",0
"LOC128119794",0
"LOC128120121",0
"Il22",0
"LOC128120138",0
"LOC128119557",0
"LOC128119566",0
"LOC128119967",0
"LOC128119568",0
"LOC128119968",0
"LOC128119567",0
"LOC128119970",0
"LOC128120088",0
"LOC128120041",0
"LOC128120042",0
"LOC128120043",0
"LOC128120049",0
"LOC128120051",0
"LOC128119971",0
"LOC128120052",0
"LOC128120053",0
"LOC128120054",0
"LOC128120056",0
"LOC128119565",0
"LOC128120057",0
"LOC128120058",0
"LOC128120063",0
"LOC128120064",0
"LOC128120065",0
"LOC128120066",0
"LOC128120067",0
"LOC128120068",0
"LOC128119972",0
"LOC128120069",0
"LOC128120070",0
"LOC128120071",0
"LOC128119973",0
"LOC128119975",0
"LOC128119976",0
"LOC128120073",0
"LOC128120074",0
"LOC128119977",0
"LOC128120144",0
"LOC128120075",0
"LOC128120076",0
"LOC128120078",0
"LOC128120079",0
"LOC128120080",0
"LOC128120081",0
"LOC128119978",0
"LOC128119677",0
"LOC128120082",0
"Tmem243",0
"LOC128120089",0
"LOC128120083",0
"LOC128119981",0
"LOC128119562",0
"LOC128120093",0
"Tmem207",0
"LOC128120641",0
"LOC128120722",0
"LOC128120769",0
"LOC128120774",0
"LOC128120586",0
"LOC128120726",0
"LOC128120727",0
"LOC128120728",0
"LOC128120729",0
"LOC128120730",0
"LOC128120731",0
"Tmem233",0
"LOC128121120",0
"LOC128120944",0
"LOC128120945",0
"LOC128121141",0
"LOC128121136",0
"LOC128121133",0
"LOC128120596",0
"LOC128120597",0
"LOC128121077",0
"LOC128120600",0
"LOC128121091",0
"LOC128121144",0
"LOC128121145",0
"LOC128120211",0
"LOC128121128",0
"LOC128121138",0
"LOC128121124",0
"LOC128121127",0
"LOC128120776",0
"LOC128120778",0
"LOC128120803",0
"LOC128120810",0
"LOC128120811",0
"Uncx",0
"Foxl3",0
"LOC128120392",0
"LOC128120402",0
"LOC128120816",0
"LOC128120400",0
"LOC128120395",0
"LOC128120817",0
"LOC128120819",0
"LOC128120822",0
"LOC128120832",0
"LOC128120438",0
"LOC128121148",0
"Kpna7",0
"LOC128120644",0
"LOC128120562",0
"LOC128120647",0
"LOC128120649",0
"LOC128120481",0
"LOC128121134",0
"Gsx1",0
"Pdx1",0
"LOC128121121",0
"LOC128120501",0
"LOC128120657",0
"LOC128120674",0
"LOC128120668",0
"LOC128120569",0
"LOC128120520",0
"LOC128120675",0
"LOC128120673",0
"LOC128120570",0
"LOC128120571",0
"LOC128121123",0
"LOC128121196",0
"LOC128121198",0
"Ptchd3",0
"LOC128122986",0
"Tex19",0
"Ppp1r27",0
"Enpp7",0
"LOC128123344",0
"LOC128121482",0
"LOC128123541",0
"Gpr142",0
"LOC128122671",0
"LOC128123448",0
"LOC128121551",0
"LOC128123228",0
"LOC128123558",0
"LOC128123618",0
"LOC128123154",0
"Sppl2c",0
"LOC128121231",0
"LOC128122391",0
"Lyzl6",0
"LOC128123561",0
"LOC128123567",0
"Pyy",0
"Cfap97d1",0
"LOC128123591",0
"LOC128123594",0
"Krt9",0
"LOC128121953",0
"Krt32",0
"LOC128121990",0
"LOC128122039",0
"LOC128121972",0
"Krtap29-1",0
"LOC128121608",0
"LOC128121612",0
"LOC128123032",0
"LOC128123031",0
"LOC128123030",0
"LOC128122659",0
"LOC128122657",0
"LOC128122658",0
"LOC128122660",0
"LOC128122661",0
"LOC128122662",0
"LOC128122656",0
"LOC128122663",0
"LOC128121237",0
"LOC128121253",0
"LOC128123245",0
"LOC128123244",0
"LOC128123401",0
"LOC128123400",0
"LOC128123422",0
"LOC128123473",0
"LOC128123476",0
"LOC128123474",0
"LOC128122215",0
"LOC128122212",0
"LOC128122214",0
"LOC128121817",0
"LOC128123127",0
"Hoxb1",0
"Hoxb13",0
"LOC128123497",0
"Kif2b",0
"LOC128121335",0
"LOC128121776",0
"LOC128122735",0
"LOC128122731",0
"LOC128122510",0
"LOC128123511",0
"LOC128123496",0
"LOC128122183",0
"LOC128123468",0
"LOC128122554",0
"LOC128122559",0
"LOC128123501",0
"LOC128122758",0
"LOC128122654",0
"LOC128123509",0
"Bhlha9",0
"LOC128123493",0
"LOC128121405",0
"LOC128123449",0
"LOC128122771",0
"LOC128122977",0
"LOC128123436",0
"LOC128123010",0
"LOC128123429",0
"LOC128123388",0
"LOC128123296",0
"LOC128123423",0
"LOC128121846",0
"LOC128122565",0
"LOC128121862",0
"LOC128121898",0
"LOC128121951",0
"LOC128121941",0
"LOC128121899",0
"LOC128121884",0
"LOC128121851",0
"LOC128121896",0
"LOC128121895",0
"LOC128121920",0
"LOC128121894",0
"LOC128121416",0
"LOC128121888",0
"LOC128122567",0
"LOC128122965",0
"LOC128121836",0
"LOC128121868",0
"Aipl1",0
"LOC128123584",0
"LOC128123247",0
"Alox12b",0
"LOC128123522",0
"LOC128123575",0
"LOC128122848",0
"LOC128122584",0
"LOC128122173",0
"LOC128122415",0
"LOC128123187",0
"LOC128123140",0
"LOC128123067",0
"LOC128122827",0
"LOC128122592",0
"LOC128122593",0
"LOC128121356",0
"LOC128122416",0
"LOC128122372",0
"LOC128122388",0
"LOC128122445",0
"LOC128122339",0
"LOC128121493",0
"LOC128121548",0
"LOC128121222",0
"LOC128123343",0
"LOC128122595",0
"LOC128123587",0
"LOC128123295",0
"LOC128122047",0
"Nmur2",0
"LOC128123508",0
"LOC128123503",0
"LOC128122302",0
"LOC128121246",0
"LOC128122991",0
"LOC128123141",0
"LOC128122993",0
"LOC128122605",0
"LOC128122704",0
"Prop1",0
"LOC128122766",0
"LOC128122515",0
"LOC128122528",0
"LOC128122264",0
"LOC128122524",0
"LOC128122180",0
"LOC128122232",0
"LOC128123084",0
"LOC128122098",0
"LOC128123626",0
"LOC128123572",0
"LOC128122613",0
"LOC128122618",0
"LOC128122619",0
"LOC128123534",0
"Gabra6",0
"LOC128123559",0
"LOC128122988",0
"LOC128122809",0
"LOC128123538",0
"Smim23",0
"LOC128122636",0
"LOC128123518",0
"LOC128123570",0
"LOC128123569",0
"LOC128121922",0
"LOC128123530",0
"LOC128123298",0
"LOC128123301",0
"LOC128121934",0
"LOC128123302",0
"LOC128123617",0
"LOC128123712",0
"LOC128095837",0
"LOC128125629",0
"LOC128124892",0
"Kcnk18",0
"Vax1",0
"CUNH10orf82",0
"Pnliprp1",0
"LOC128093970",0
"Ccdc172",0
"LOC128094280",0
"LOC128095874",0
"LOC128094857",0
"LOC128095798",0
"LOC128095706",0
"LOC128095882",0
"LOC128095751",0
"LOC128094977",0
"LOC128124423",0
"LOC128095772",0
"Elovl3",0
"Lbx1",0
"Tlx1",0
"LOC128094196",0
"LOC128094197",0
"LOC128095738",0
"LOC128095765",0
"LOC128095760",0
"Opalin",0
"LOC128095880",0
"LOC128095875",0
"LOC128095733",0
"LOC128095337",0
"A1cf",0
"LOC128095777",0
"Tpd52l3",0
"LOC128124610",0
"LOC128095759",0
"LOC128094486",0
"LOC128125344",0
"LOC128095713",0
"Tmc1",0
"LOC128095745",0
"LOC128095836",0
"LOC128095859",0
"Foxb2",0
"LOC128095177",0
"LOC128095095",0
"LOC128123749",0
"LOC128095165",0
"LOC128094680",0
"LOC128095334",0
"LOC128095134",0
"LOC128095374",0
"LOC128123743",0
"LOC128094259",0
"LOC128095428",0
"LOC128124607",0
"LOC128095635",0
"LOC128124685",0
"LOC128123754",0
"LOC128123755",0
"LOC128123757",0
"LOC128093962",0
"LOC128123758",0
"LOC128093893",0
"LOC128125766",0
"LOC128094377",0
"LOC128123761",0
"LOC128125380",0
"LOC128123762",0
"LOC128125767",0
"LOC128125791",0
"LOC128123765",0
"LOC128093890",0
"LOC128093912",0
"LOC128093969",0
"LOC128123766",0
"LOC128094100",0
"LOC128094002",0
"LOC128093963",0
"LOC128123767",0
"LOC128093992",0
"LOC128094202",0
"LOC128095857",0
"LOC128095845",0
"LOC128094270",0
"LOC128094351",0
"LOC128123768",0
"LOC128095126",0
"LOC128123770",0
"LOC128094865",0
"LOC128094736",0
"LOC128094731",0
"LOC128094710",0
"LOC128094698",0
"LOC128094703",0
"LOC128094702",0
"LOC128095721",0
"LOC128123774",0
"LOC128095391",0
"LOC128095258",0
"LOC128123784",0
"LOC128123785",0
"LOC128125078",0
"LOC128094838",0
"LOC128095181",0
"LOC128095725",0
"Fgf19",0
"Ins",0
"LOC128123808",0
"LOC128123811",0
"LOC128095778",0
"LOC128094452",0
"LOC128094451",0
"LOC128094478",0
"LOC128094383",0
"LOC128095039",0
"LOC128094585",0
"LOC128095614",0
"LOC128095339",0
"Clrn3",0
"Foxi2",0
"Nps",0
"LOC128094402",0
"LOC128123829",0
"LOC128095722",0
"CUNH16orf92",0
"LOC128094376",0
"LOC128095734",0
"LOC128095021",0
"LOC128095770",0
"LOC128095711",0
"LOC128095775",0
"LOC128095739",0
"LOC128095757",0
"Pth",0
"LOC128094660",0
"LOC128095710",0
"LOC128123851",0
"LOC128095358",0
"LOC128095375",0
"LOC128123853",0
"LOC128124894",0
"LOC128093931",0
"LOC128093910",0
"LOC128093927",0
"LOC128093921",0
"LOC128093926",0
"LOC128093925",0
"LOC128093928",0
"LOC128093954",0
"LOC128093875",0
"LOC128093981",0
"LOC128093935",0
"LOC128123857",0
"LOC128124902",0
"LOC128124888",0
"LOC128094098",0
"LOC128094102",0
"Rbmxl2",0
"Nlrp14",0
"LOC128095131",0
"LOC128095132",0
"LOC128095020",0
"LOC128094679",0
"LOC128094829",0
"LOC128123863",0
"LOC128094737",0
"LOC128123864",0
"LOC128094917",0
"LOC128094966",0
"LOC128094939",0
"LOC128094964",0
"LOC128094963",0
"LOC128095025",0
"LOC128094946",0
"LOC128094751",0
"LOC128094696",0
"LOC128094519",0
"LOC128094682",0
"LOC128123865",0
"LOC128094558",0
"LOC128094809",0
"LOC128094747",0
"LOC128095059",0
"LOC128095762",0
"LOC128094916",0
"LOC128094169",0
"LOC128123871",0
"LOC128123872",0
"LOC128094362",0
"LOC128123874",0
"LOC128123875",0
"LOC128123876",0
"LOC128094364",0
"LOC128094359",0
"LOC128094363",0
"LOC128123877",0
"LOC128094365",0
"LOC128094360",0
"LOC128094358",0
"LOC128094952",0
"LOC128123879",0
"LOC128094834",0
"LOC128123880",0
"LOC128123882",0
"LOC128123883",0
"LOC128094841",0
"LOC128095290",0
"LOC128123967",0
"LOC128125243",0
"LOC128094930",0
"LOC128094603",0
"LOC128094697",0
"LOC128123885",0
"LOC128094395",0
"LOC128123887",0
"Ubqln3",0
"LOC128123889",0
"LOC128093971",0
"LOC128123890",0
"LOC128094145",0
"LOC128123891",0
"LOC128094913",0
"LOC128094845",0
"LOC128094712",0
"LOC128094817",0
"LOC128095203",0
"LOC128095644",0
"LOC128095541",0
"LOC128123893",0
"LOC128095120",0
"LOC128095041",0
"LOC128095114",0
"LOC128094061",0
"LOC128095232",0
"LOC128095271",0
"LOC128095266",0
"LOC128095622",0
"LOC128095215",0
"LOC128095309",0
"LOC128095636",0
"LOC128095646",0
"LOC128095403",0
"LOC128094417",0
"LOC128094263",0
"LOC128124565",0
"LOC128124533",0
"LOC128125249",0
"LOC128124608",0
"LOC128124393",0
"LOC128095246",0
"LOC128095627",0
"LOC128095628",0
"LOC128095626",0
"LOC128123896",0
"LOC128124670",0
"LOC128095357",0
"LOC128123897",0
"LOC128093982",0
"LOC128093983",0
"LOC128123898",0
"LOC128123899",0
"LOC128094031",0
"LOC128094313",0
"LOC128094295",0
"LOC128125395",0
"LOC128094356",0
"LOC128095617",0
"LOC128094288",0
"LOC128123926",0
"LOC128095386",0
"LOC128095595",0
"LOC128095244",0
"LOC128095299",0
"LOC128123903",0
"LOC128094143",0
"LOC128095360",0
"LOC128095352",0
"LOC128125161",0
"LOC128123904",0
"LOC128124519",0
"LOC128124943",0
"LOC128095146",0
"LOC128123905",0
"LOC128094665",0
"LOC128123907",0
"LOC128095291",0
"LOC128123908",0
"LOC128125656",0
"LOC128094108",0
"LOC128095118",0
"LOC128123911",0
"LOC128095434",0
"LOC128095257",0
"LOC128124383",0
"LOC128124475",0
"LOC128095493",0
"LOC128123922",0
"Gdpd4",0
"LOC128095107",0
"LOC128095108",0
"LOC128095318",0
"LOC128095728",0
"LOC128095901",0
"LOC128095779",0
"LOC128095423",0
"LOC128094995",0
"LOC128095272",0
"Tyr",0
"LOC128095163",0
"LOC128125535",0
"LOC128095195",0
"LOC128095314",0
"LOC128123938",0
"LOC128123939",0
"LOC128124750",0
"LOC128125123",0
"LOC128094608",0
"LOC128125723",0
"LOC128094099",0
"LOC128125725",0
"LOC128094393",0
"LOC128094480",0
"LOC128093872",0
"LOC128095744",0
"LOC128095145",0
"LOC128093930",0
"LOC128123944",0
"LOC128124679",0
"LOC128095752",0
"LOC128095822",0
"LOC128124043",0
"LOC128094020",0
"LOC128125382",0
"LOC128095740",0
"LOC128095705",0
"LOC128095643",0
"LOC128095746",0
"LOC128125371",0
"LOC128094598",0
"LOC128123966",0
"LOC128095457",0
"LOC128095331",0
"LOC128095724",0
"LOC128094933",0
"LOC128095697",0
"LOC128095817",0
"LOC128095816",0
"LOC128095814",0
"LOC128095813",0
"LOC128095815",0
"LOC128095866",0
"LOC128095860",0
"LOC128095862",0
"LOC128095865",0
"LOC128095868",0
"LOC128095864",0
"LOC128095812",0
"LOC128095795",0
"LOC128095796",0
"LOC128095797",0
"LOC128095799",0
"LOC128095800",0
"LOC128095801",0
"LOC128095802",0
"LOC128095803",0
"LOC128095804",0
"LOC128095805",0
"LOC128095806",0
"LOC128095807",0
"LOC128095808",0
"LOC128095809",0
"LOC128095810",0
"LOC128095811",0
"LOC128095861",0
"LOC128095863",0
"LOC128095900",0
"LOC128095754",0
"LOC128095726",0
"LOC128095894",0
"Myod1",0
"Ccdc179",0
"LOC128125046",0
"Dbx1",0
"LOC128095273",0
"LOC128123984",0
"LOC128123989",0
"LOC128123994",0
"LOC128123998",0
"LOC128124001",0
"LOC128125411",0
"LOC128124005",0
"LOC128124007",0
"LOC128124008",0
"LOC128124011",0
"LOC128095729",0
"Ffar1",0
"LOC128125025",0
"LOC128095723",0
"LOC128124026",0
"LOC128124027",0
"LOC128124028",0
"LOC128095119",0
"LOC128124029",0
"LOC128124030",0
"LOC128095401",0
"LOC128124033",0
"LOC128095544",0
"LOC128093974",0
"LOC128125248",0
"LOC128124037",0
"LOC128094727",0
"LOC128094379",0
"LOC128094560",0
"LOC128094704",0
"LOC128124044",0
"LOC128095753",0
"LOC128094692",0
"LOC128094951",0
"LOC128094899",0
"LOC128094842",0
"LOC128094925",0
"LOC128094863",0
"LOC128094911",0
"LOC128124047",0
"LOC128094902",0
"LOC128094901",0
"LOC128094900",0
"LOC128095217",0
"LOC128095144",0
"LOC128125599",0
"LOC128124049",0
"LOC128124050",0
"LOC128124051",0
"LOC128124052",0
"LOC128125612",0
"LOC128125601",0
"LOC128094645",0
"LOC128124070",0
"LOC128124073",0
"LOC128124074",0
"LOC128094427",0
"LOC128124088",0
"LOC128124091",0
"LOC128094337",0
"LOC128095761",0
"LOC128124096",0
"LOC128124097",0
"Sycn",0
"Pth2",0
"LOC128124111",0
"LOC128124118",0
"LOC128124127",0
"LOC128124854",0
"LOC128095623",0
"LOC128095528",0
"LOC128095533",0
"LOC128095534",0
"LOC128095531",0
"LOC128095535",0
"LOC128124151",0
"LOC128095532",0
"LOC128124152",0
"LOC128124153",0
"LOC128095529",0
"LOC128124156",0
"LOC128095530",0
"LOC128124159",0
"LOC128094986",0
"LOC128125650",0
"LOC128125591",0
"LOC128125628",0
"LOC128125716",0
"LOC128125649",0
"LOC128125672",0
"LOC128125684",0
"LOC128095085",0
"LOC128095038",0
"LOC128123745",0
"LOC128124179",0
"LOC128124180",0
"LOC128095884",0
"LOC128095356",0
"LOC128095731",0
"LOC128095737",0
"LOC128094253",0
"LOC128094962",0
"LOC128124215",0
"LOC128124404",0
"LOC128095885",0
"LOC128094001",0
"LOC128124218",0
"LOC128124219",0
"LOC128124220",0
"LOC128124221",0
"LOC128095742",0
"LOC128095399",0
"LOC128124223",0
"LOC128124224",0
"LOC128124225",0
"LOC128124226",0
"LOC128124227",0
"LOC128124228",0
"LOC128124229",0
"LOC128095077",0
"LOC128094206",0
"LOC128095424",0
"LOC128095078",0
"LOC128124231",0
"LOC128124539",0
"LOC128124232",0
"LOC128095389",0
"LOC128124236",0
"LOC128124237",0
"LOC128124238",0
"LOC128124239",0
"LOC128124240",0
"LOC128095080",0
"LOC128124242",0
"LOC128095267",0
"LOC128124243",0
"LOC128124244",0
"LOC128124245",0
"LOC128124246",0
"LOC128124247",0
"LOC128094521",0
"LOC128124249",0
"LOC128124251",0
"LOC128124252",0
"LOC128124506",0
"LOC128124255",0
"LOC128125213",0
"LOC128124257",0
"LOC128095035",0
"LOC128095027",0
"LOC128095030",0
"LOC128095031",0
"LOC128125521",0
"LOC128125394",0
"LOC128125440",0
"LOC128125408",0
"LOC128125349",0
"LOC128094428",0
"LOC128095647",0
"LOC128125221",0
"LOC128095491",0
"LOC128125031",0
"LOC128095489",0
"LOC128124284",0
"LOC128124290",0
"LOC128124294",0
"LOC128095601",0
"Krba2",0
"LOC128124304",0
"LOC128124312",0
"LOC128124314",0
"LOC128124315",0
"LOC128124317",0
"LOC128124318",0
"LOC128124319",0
"LOC128093885",0
"LOC128124322",0
"LOC128124323",0
"LOC128124329",0
"LOC128124333",0
"LOC128124334",0
"LOC128124335",0
"LOC128125793",0
"LOC128124340",0
"LOC128124342",0
"LOC128124343",0
"LOC128124346",0
"LOC128124347",0
"LOC128095488",0
"LOC128094912",0
"LOC128124348",0
"LOC128094922",0
"LOC128124351",0
"LOC128124353",0
"LOC128124355",0
"LOC128093882",0
"LOC128125737",0
"LOC128124356",0
"LOC128124357",0
"LOC128095949",0
"Actrt2",0
"LOC128098066",0
"LOC128096275",0
"LOC128096274",0
"LOC128096273",0
"LOC128097842",0
"LOC128096092",0
"LOC128097565",0
"LOC128097564",0
"LOC128096093",0
"LOC128096095",0
"LOC128097332",0
"Aadacl3",0
"LOC128096155",0
"LOC128097884",0
"LOC128098121",0
"LOC128097458",0
"LOC128098108",0
"LOC128097412",0
"LOC128097409",0
"LOC128097411",0
"LOC128097578",0
"LOC128096183",0
"LOC128096184",0
"LOC128096785",0
"Tas1r2",0
"Pla2g2e",0
"Ldlrad2",0
"LOC128096910",0
"LOC128098035",0
"LOC128098046",0
"LOC128098058",0
"LOC128096838",0
"Hmgb4",0
"CUNH1orf94",0
"Gjb4",0
"LOC128098067",0
"LOC128098079",0
"LOC128097653",0
"LOC128097987",0
"LOC128097792",0
"LOC128096757",0
"LOC128097660",0
"LOC128096800",0
"LOC128098012",0
"LOC128097126",0
"LOC128097448",0
"LOC128096827",0
"LOC128097635",0
"LOC128096959",0
"LOC128097431",0
"LOC128097608",0
"LOC128097577",0
"LOC128097450",0
"LOC128097109",0
"LOC128097337",0
"LOC128097671",0
"Klf17",0
"LOC128097996",0
"LOC128096559",0
"LOC128097991",0
"LOC128097984",0
"LOC128096967",0
"LOC128096970",0
"LOC128098027",0
"LOC128098068",0
"LOC128098073",0
"LOC128098041",0
"Bsnd",0
"LOC128096928",0
"LOC128098099",0
"LOC128096317",0
"LOC128096983",0
"LOC128096984",0
"LOC128096985",0
"LOC128096986",0
"LOC128098055",0
"LOC128097155",0
"LOC128097881",0
"LOC128097604",0
"LOC128096990",0
"LOC128098122",0
"LOC128096463",0
"LOC128098020",0
"Izumo3",0
"LOC128096996",0
"LOC128096998",0
"LOC128097979",0
"LOC128097001",0
"LOC128097283",0
"LOC128097290",0
"LOC128097287",0
"LOC128097263",0
"LOC128097318",0
"LOC128097404",0
"LOC128097003",0
"LOC128097284",0
"LOC128097286",0
"LOC128097295",0
"LOC128097301",0
"LOC128097298",0
"Ifnb1",0
"LOC128098114",0
"Saxo1",0
"LOC128098117",0
"LOC128097650",0
"LOC128096447",0
"LOC128097885",0
"LOC128097633",0
"LOC128098139",0
"LOC128097014",0
"LOC128095979",0
"LOC128098025",0
"LOC128098083",0
"LOC128097833",0
"LOC128097325",0
"LOC128097994",0
"LOC128097986",0
"LOC128098091",0
"LOC128096822",0
"LOC128096624",0
"LOC128096623",0
"LOC128097743",0
"LOC128097355",0
"LOC128097201",0
"Cylc2",0
"Ppp3r2",0
"LOC128097683",0
"LOC128097513",0
"LOC128097661",0
"LOC128096697",0
"LOC128097999",0
"LOC128096124",0
"LOC128098110",0
"LOC128098113",0
"LOC128098011",0
"LOC128096938",0
"LOC128096854",0
"LOC128096208",0
"LOC128098140",0
"LOC128096815",0
"LOC128098051",0
"Gja10",0
"LOC128096028",0
"LOC128098030",0
"LOC128097579",0
"LOC128096123",0
"LOC128097755",0
"LOC128097773",0
"LOC128097694",0
"LOC128097754",0
"LOC128097466",0
"Prdm13",0
"LOC128096003",0
"LOC128096921",0
"LOC128097682",0
"Crh",0
"LOC128097989",0
"LOC128098022",0
"LOC128097993",0
"Prdm14",0
"LOC128098008",0
"LOC128097330",0
"LOC128096407",0
"LOC128098069",0
"LOC128096169",0
"Oprk1",0
"LOC128096612",0
"LOC128097060",0
"LOC128097262",0
"Mos",0
"LOC128098076",0
"LOC128098111",0
"LOC128097403",0
"LOC128098018",0
"LOC128098118",0
"LOC128097990",0
"LOC128096096",0
"LOC128097898",0
"LOC128095963",0
"LOC128097338",0
"LOC128096799",0
"LOC128097998",0
"LOC128097851",0
"Cnbd1",0
"Cngb3",0
"LOC128098135",0
"LOC128098104",0
"LOC128097651",0
"LOC128098045",0
"LOC128097616",0
"LOC128096022",0
"LOC128098138",0
"LOC128097983",0
"LOC128097768",0
"LOC128098088",0
"LOC128098163",0
"LOC128098164",0
"LOC128098166",0
"Slc26a5",0
"LOC128099195",0
"LOC128100223",0
"LOC128100181",0
"LOC128100269",0
"LOC128098662",0
"LOC128100264",0
"LOC128100240",0
"LOC128098668",0
"LOC128099899",0
"LOC128100243",0
"LOC128098679",0
"LOC128100233",0
"LOC128099908",0
"Gngt1",0
"LOC128099449",0
"LOC128100245",0
"LOC128100024",0
"Vwde",0
"LOC128098722",0
"LOC128100274",0
"LOC128100263",0
"LOC128100265",0
"LOC128100171",0
"LOC128100257",0
"LOC128098754",0
"LOC128100089",0
"LOC128100205",0
"LOC128099349",0
"Tas2r16",0
"Hyal4",0
"LOC128098783",0
"LOC128098784",0
"LOC128099127",0
"LOC128098572",0
"LOC128100007",0
"Pax4",0
"LOC128100149",0
"LOC128100242",0
"LOC128099907",0
"LOC128098789",0
"LOC128100194",0
"LOC128099945",0
"LOC128100182",0
"LOC128100173",0
"Prss37",0
"LOC128098340",0
"Tas2r38",0
"LOC128098342",0
"LOC128099523",0
"LOC128099170",0
"LOC128099126",0
"LOC128098748",0
"LOC128098747",0
"LOC128098749",0
"Tas2r39",0
"Tas2r40",0
"LOC128099531",0
"LOC128099882",0
"LOC128099943",0
"LOC128100104",0
"LOC128099994",0
"LOC128100176",0
"LOC128100103",0
"LOC128099282",0
"LOC128099532",0
"LOC128099280",0
"LOC128099261",0
"LOC128099219",0
"LOC128099221",0
"LOC128099087",0
"LOC128099220",0
"LOC128099268",0
"LOC128099533",0
"Trnac-aca",0
"LOC128099483",0
"LOC128100261",0
"LOC128098952",0
"LOC128100183",0
"LOC128100238",0
"Evx1",0
"LOC128100229",0
"LOC128098971",0
"LOC128099295",0
"LOC128099558",0
"LOC128098981",0
"LOC128099559",0
"LOC128099012",0
"LOC128099020",0
"LOC128099562",0
"LOC128100266",0
"Atoh1",0
"Qrfpr",0
"LOC128100210",0
"LOC128100175",0
"LOC128100230",0
"Tex37",0
"Foxi3",0
"LOC128100239",0
"LOC128098188",0
"LOC128099989",0
"LOC128099275",0
"LOC128099285",0
"LOC128099703",0
"LOC128099704",0
"LOC128099441",0
"LOC128100228",0
"LOC128100189",0
"Gkn1",0
"LOC128099721",0
"LOC128099363",0
"LOC128099362",0
"LOC128099438",0
"LOC128099430",0
"LOC128099722",0
"LOC128099394",0
"LOC128099062",0
"LOC128100118",0
"LOC128100168",0
"LOC128100021",0
"LOC128100191",0
"LOC128099492",0
"LOC128099493",0
"LOC128099131",0
"LOC128100270",0
"LOC128099868",0
"LOC128100252",0
"LOC128100197",0
"LOC128098260",0
"LOC128100166",0
"LOC128099867",0
"LOC128099993",0
"LOC128099998",0
"LOC128100002",0
"LOC128100174",0
"LOC128100217",0
"LOC128100178",0
"LOC128099738",0
"Gdf3",0
"Dppa3",0
"LOC128100185",0
"LOC128100273",0
"Fgf6",0
"LOC128098636",0
"LOC128099775",0
"LOC128099787",0
"LOC128100063",0
"LOC128099788",0
"LOC128099791",0
"LOC128098522",0
"LOC128099792",0
"LOC128099793",0
"LOC128099794",0
"LOC128099795",0
"LOC128099433",0
"LOC128098484",0
"LOC128098378",0
"LOC128099028",0
"LOC128099797",0
"LOC128099798",0
"LOC128098280",0
"LOC128099801",0
"LOC128098431",0
"LOC128099803",0
"LOC128098432",0
"LOC128099805",0
"LOC128099806",0
"LOC128099808",0
"LOC128099809",0
"LOC128099810",0
"LOC128099811",0
"LOC128099812",0
"LOC128099814",0
"LOC128099815",0
"LOC128099816",0
"LOC128100135",0
"LOC128100250",0
"LOC128100170",0
"LOC128100216",0
"Capza3",0
"LOC128099887",0
"LOC128100221",0
"LOC128100212",0
"LOC128099960",0
"LOC128100322",0
"LOC128100326",0
"LOC128102555",0
"LOC128102799",0
"LOC128102218",0
"LOC128101967",0
"LOC128102202",0
"LOC128102557",0
"LOC128100389",0
"LOC128100387",0
"LOC128100667",0
"LOC128102558",0
"LOC128102077",0
"LOC128101421",0
"LOC128101379",0
"LOC128101448",0
"LOC128101380",0
"LOC128101407",0
"LOC128102822",0
"LOC128102716",0
"LOC128102748",0
"LOC128102774",0
"LOC128102688",0
"LOC128102236",0
"LOC128102714",0
"LOC128100336",0
"LOC128102775",0
"LOC128100624",0
"LOC128100356",0
"LOC128100357",0
"Lcn10",0
"LOC128102718",0
"Il1f10",0
"Tbpl2",0
"LOC128100388",0
"Ofd1",0
"LOC128100398",0
"LOC128100402",0
"LOC128102819",0
"LOC128102762",0
"LOC128102817",0
"LOC128100412",0
"LOC128100415",0
"LOC128102759",0
"LOC128102722",0
"LOC128102776",0
"LOC128102777",0
"LOC128101105",0
"LOC128100714",0
"LOC128102184",0
"LOC128102757",0
"LOC128102742",0
"LOC128102784",0
"LOC128100611",0
"LOC128102430",0
"LOC128100801",0
"LOC128100871",0
"LOC128102199",0
"LOC128100872",0
"LOC128102325",0
"LOC128100780",0
"Sp9",0
"LOC128102820",0
"LOC128102813",0
"Evx2",0
"Hoxd12",0
"LOC128102336",0
"LOC128101451",0
"LOC128102219",0
"LOC128102220",0
"LOC128102514",0
"LOC128102228",0
"LOC128102157",0
"LOC128101762",0
"LOC128101436",0
"LOC128101370",0
"LOC128101375",0
"LOC128101369",0
"LOC128101372",0
"LOC128101376",0
"LOC128101406",0
"LOC128101452",0
"LOC128101435",0
"LOC128101457",0
"LOC128101426",0
"LOC128101538",0
"LOC128101420",0
"LOC128101502",0
"LOC128101511",0
"LOC128101412",0
"LOC128102149",0
"LOC128102147",0
"LOC128102500",0
"LOC128102231",0
"LOC128102274",0
"LOC128102273",0
"LOC128100881",0
"LOC128100882",0
"LOC128102556",0
"LOC128102270",0
"LOC128102232",0
"LOC128102266",0
"LOC128102250",0
"LOC128102345",0
"LOC128102318",0
"LOC128101247",0
"LOC128102381",0
"LOC128102242",0
"LOC128102240",0
"LOC128102241",0
"LOC128100883",0
"LOC128102794",0
"LOC128102243",0
"LOC128102239",0
"LOC128101759",0
"LOC128101245",0
"LOC128100884",0
"LOC128101246",0
"LOC128101273",0
"LOC128101274",0
"LOC128101275",0
"LOC128102039",0
"LOC128101985",0
"LOC128101788",0
"LOC128101509",0
"LOC128102085",0
"LOC128102106",0
"LOC128102276",0
"LOC128101725",0
"LOC128101804",0
"LOC128101827",0
"LOC128101604",0
"LOC128101456",0
"LOC128101729",0
"LOC128101600",0
"LOC128102277",0
"LOC128101653",0
"LOC128100885",0
"LOC128101688",0
"LOC128100888",0
"LOC128101624",0
"LOC128101453",0
"LOC128101631",0
"LOC128100891",0
"LOC128101506",0
"LOC128101557",0
"LOC128101761",0
"LOC128101782",0
"LOC128102216",0
"LOC128101833",0
"LOC128101636",0
"LOC128102221",0
"LOC128102217",0
"LOC128100893",0
"LOC128100895",0
"LOC128102322",0
"LOC128102359",0
"LOC128102324",0
"LOC128102279",0
"LOC128101921",0
"LOC128102091",0
"LOC128100896",0
"LOC128102089",0
"LOC128102097",0
"LOC128100897",0
"LOC128102090",0
"LOC128102098",0
"LOC128102096",0
"LOC128102099",0
"LOC128102100",0
"LOC128102101",0
"LOC128102093",0
"LOC128102092",0
"LOC128102094",0
"LOC128102041",0
"LOC128101937",0
"LOC128102000",0
"LOC128100898",0
"LOC128101933",0
"LOC128102080",0
"LOC128100901",0
"LOC128102026",0
"LOC128102005",0
"LOC128101964",0
"LOC128101983",0
"LOC128101796",0
"LOC128101792",0
"LOC128101719",0
"LOC128100904",0
"LOC128101926",0
"LOC128101910",0
"LOC128101925",0
"LOC128101840",0
"LOC128101821",0
"LOC128100459",0
"LOC128102065",0
"LOC128101916",0
"LOC128102014",0
"LOC128102052",0
"LOC128101909",0
"LOC128101883",0
"LOC128101931",0
"LOC128102705",0
"LOC128101943",0
"LOC128100905",0
"LOC128102153",0
"LOC128101858",0
"LOC128100906",0
"LOC128101673",0
"LOC128100908",0
"LOC128101864",0
"LOC128101932",0
"LOC128101942",0
"LOC128101948",0
"LOC128101907",0
"LOC128100910",0
"LOC128102086",0
"LOC128100911",0
"LOC128100912",0
"LOC128100913",0
"LOC128100914",0
"LOC128100915",0
"LOC128102046",0
"LOC128102183",0
"LOC128100916",0
"LOC128102067",0
"LOC128100917",0
"LOC128102204",0
"LOC128102244",0
"LOC128102129",0
"LOC128102160",0
"LOC128102562",0
"LOC128100918",0
"LOC128102293",0
"LOC128102420",0
"LOC128100920",0
"LOC128101408",0
"LOC128101737",0
"LOC128100921",0
"LOC128101693",0
"LOC128102049",0
"LOC128101545",0
"LOC128102235",0
"LOC128100844",0
"LOC128101986",0
"LOC128100922",0
"LOC128100923",0
"LOC128101605",0
"LOC128101730",0
"LOC128101778",0
"LOC128101716",0
"LOC128101700",0
"LOC128100925",0
"LOC128101718",0
"LOC128102747",0
"LOC128101708",0
"LOC128101707",0
"LOC128101694",0
"LOC128101682",0
"LOC128101644",0
"LOC128101692",0
"LOC128101650",0
"LOC128101681",0
"LOC128101691",0
"LOC128101711",0
"LOC128101723",0
"LOC128101697",0
"LOC128101409",0
"LOC128102373",0
"LOC128101548",0
"LOC128102200",0
"LOC128101655",0
"LOC128101289",0
"LOC128101348",0
"LOC128101293",0
"LOC128101264",0
"LOC128101860",0
"LOC128100929",0
"LOC128101638",0
"LOC128101386",0
"LOC128100930",0
"LOC128101423",0
"LOC128101559",0
"LOC128100931",0
"LOC128101622",0
"LOC128101660",0
"LOC128101576",0
"LOC128101654",0
"LOC128101664",0
"LOC128101672",0
"LOC128101381",0
"LOC128101414",0
"LOC128101364",0
"LOC128101556",0
"LOC128101351",0
"LOC128101438",0
"LOC128100935",0
"LOC128100936",0
"LOC128100937",0
"LOC128100939",0
"LOC128100940",0
"LOC128100941",0
"LOC128101596",0
"LOC128101832",0
"LOC128101443",0
"LOC128101594",0
"LOC128101769",0
"LOC128101689",0
"LOC128101687",0
"LOC128101726",0
"LOC128102735",0
"LOC128101961",0
"LOC128102283",0
"LOC128102520",0
"LOC128102771",0
"LOC128102815",0
"LOC128101999",0
"Fshb",0
"LOC128100765",0
"LOC128100953",0
"LOC128101853",0
"LOC128101717",0
"LOC128101826",0
"LOC128101815",0
"LOC128100955",0
"LOC128101972",0
"LOC128102109",0
"LOC128100956",0
"LOC128101950",0
"LOC128101966",0
"LOC128100957",0
"LOC128100958",0
"LOC128101901",0
"LOC128100960",0
"LOC128100961",0
"LOC128100962",0
"LOC128102050",0
"LOC128101886",0
"LOC128102027",0
"LOC128100963",0
"LOC128102048",0
"LOC128101914",0
"LOC128101597",0
"LOC128100964",0
"LOC128101595",0
"LOC128101561",0
"LOC128101678",0
"LOC128100965",0
"LOC128101234",0
"LOC128101442",0
"LOC128101529",0
"LOC128101522",0
"LOC128101577",0
"LOC128101555",0
"LOC128101939",0
"LOC128102683",0
"LOC128100713",0
"LOC128102788",0
"LOC128102720",0
"LOC128101585",0
"LOC128100843",0
"LOC128101568",0
"LOC128102763",0
"LOC128102786",0
"LOC128100980",0
"LOC128100345",0
"LOC128102811",0
"LOC128102053",0
"LOC128101601",0
"LOC128102814",0
"LOC128102003",0
"LOC128100585",0
"LOC128101981",0
"Cst11",0
"LOC128100755",0
"LOC128100377",0
"Cst8",0
"LOC128101076",0
"LOC128101052",0
"LOC128100998",0
"LOC128100999",0
"Defb118",0
"LOC128102804",0
"LOC128102009",0
"LOC128102787",0
"Sun5",0
"Bpifb6",0
"LOC128102169",0
"LOC128102732",0
"LOC128102731",0
"R3hdml",0
"LOC128100564",0
"LOC128100501",0
"LOC128100709",0
"LOC128101017",0
"Wfdc9",0
"Wfdc10a",0
"LOC128101020",0
"Wfdc13",0
"Spint4",0
"LOC128101920",0
"LOC128102809",0
"LOC128101752",0
"LOC128102374",0
"LOC128102782",0
"LOC128102185",0
"LOC128101949",0
"LOC128102812",0
"LOC128101686",0
"Ntsr1",0
"LOC128102843",0
"LOC128102845",0
"LOC128102853",0
"LOC128102855",0
"LOC128102862",0
"LOC128102863",0
"LOC128104740",0
"LOC128103685",0
"LOC128103695",0
"LOC128103213",0
"Fam240b",0
"LOC128104236",0
"LOC128104082",0
"LOC128103845",0
"LOC128103706",0
"LOC128104376",0
"LOC128104375",0
"LOC128104402",0
"LOC128103715",0
"Neurog1",0
"LOC128104484",0
"LOC128103517",0
"Eif4e1b",0
"LOC128104480",0
"LOC128104826",0
"LOC128104033",0
"LOC128104335",0
"LOC128104893",0
"LOC128103366",0
"LOC128104791",0
"LOC128103770",0
"LOC128104850",0
"LOC128103774",0
"LOC128104325",0
"LOC128104796",0
"LOC128104306",0
"LOC128103040",0
"LOC128104811",0
"LOC128104113",0
"LOC128104064",0
"Gcm2",0
"LOC128104797",0
"LOC128104817",0
"LOC128104851",0
"LOC128104881",0
"LOC128104839",0
"LOC128103853",0
"LOC128102867",0
"LOC128103225",0
"LOC128103854",0
"LOC128103856",0
"LOC128103857",0
"LOC128103858",0
"LOC128104768",0
"LOC128103860",0
"LOC128104483",0
"LOC128104322",0
"LOC128103861",0
"LOC128103867",0
"LOC128104674",0
"LOC128102988",0
"LOC128104783",0
"LOC128102967",0
"LOC128104726",0
"LOC128102936",0
"LOC128103868",0
"LOC128102915",0
"Hdgfl1",0
"LOC128104390",0
"LOC128104327",0
"LOC128103124",0
"LOC128104108",0
"LOC128104821",0
"LOC128103118",0
"LOC128103094",0
"LOC128103071",0
"LOC128104505",0
"LOC128103092",0
"LOC128103074",0
"LOC128103067",0
"LOC128103081",0
"LOC128103075",0
"LOC128103068",0
"LOC128103082",0
"LOC128103093",0
"LOC128104509",0
"LOC128103096",0
"LOC128104513",0
"LOC128104789",0
"LOC128103928",0
"LOC128103981",0
"LOC128103995",0
"LOC128103765",0
"LOC128104365",0
"LOC128104052",0
"LOC128103939",0
"LOC128103802",0
"Gpx5",0
"LOC128104364",0
"LOC128104409",0
"LOC128104516",0
"LOC128104312",0
"LOC128104798",0
"Zp4",0
"LOC128104117",0
"Ucn3",0
"LOC128104838",0
"LOC128103760",0
"LOC128103608",0
"LOC128104833",0
"LOC128104879",0
"LOC128104871",0
"LOC128104739",0
"LOC128104193",0
"Ankrd26",0
"LOC128104547",0
"Gjd4",0
"Ccdc7",0
"LOC128103736",0
"LOC128103431",0
"LOC128104554",0
"LOC128104788",0
"LOC128104866",0
"LOC128104873",0
"LOC128104884",0
"LOC128104896",0
"LOC128104794",0
"LOC128104806",0
"LOC128104818",0
"LOC128104829",0
"LOC128104834",0
"LOC128104859",0
"LOC128104877",0
"LOC128103037",0
"LOC128104849",0
"LOC128104875",0
"LOC128104801",0
"LOC128104815",0
"LOC128104238",0
"Tle7",0
"LOC128104809",0
"LOC128104862",0
"Tmed6",0
"LOC128103648",0
"LOC128104574",0
"Cmtm1",0
"LOC128103042",0
"Trnai-gau",0
"LOC128104824",0
"Mt4",0
"LOC128104455",0
"LOC128104872",0
"LOC128104593",0
"CUNH16orf78",0
"LOC128104290",0
"LOC128104038",0
"LOC128104304",0
"LOC128104065",0
"LOC128103919",0
"LOC128102999",0
"LOC128104810",0
"LOC128104854",0
"LOC128104892",0
"LOC128104804",0
"LOC128104900",0
"LOC128104805",0
"LOC128104820",0
"Pou4f2",0
"LOC128104795",0
"LOC128104844",0
"LOC128104673",0
"LOC128105039",0
"LOC128105852",0
"LOC128106822",0
"LOC128106852",0
"LOC128106343",0
"LOC128106742",0
"LOC128106828",0
"LOC128105794",0
"LOC128105889",0
"Samd7",0
"LOC128105967",0
"LOC128106798",0
"LOC128106731",0
"LOC128106470",0
"LOC128106332",0
"LOC128105770",0
"LOC128106772",0
"LOC128105916",0
"LOC128106874",0
"LOC128105577",0
"LOC128105568",0
"LOC128106794",0
"LOC128105425",0
"LOC128105596",0
"LOC128106770",0
"LOC128105986",0
"LOC128106849",0
"LOC128106824",0
"LOC128106390",0
"LOC128106389",0
"LOC128106783",0
"LOC128106003",0
"Ccdc169",0
"LOC128106802",0
"LOC128105140",0
"LOC128106283",0
"LOC128106847",0
"Ankub1",0
"Mindy4b",0
"Clrn1",0
"LOC128106211",0
"LOC128106722",0
"LOC128106551",0
"LOC128106550",0
"LOC128106469",0
"LOC128106472",0
"LOC128106838",0
"LOC128106408",0
"LOC128106331",0
"LOC128106835",0
"LOC128106788",0
"LOC128106780",0
"LOC128106305",0
"LOC128105714",0
"Otol1",0
"LOC128105120",0
"LOC128106848",0
"LOC128106859",0
"LOC128106865",0
"LOC128105422",0
"LOC128106807",0
"LOC128106046",0
"LOC128106282",0
"LOC128106329",0
"LOC128106589",0
"LOC128105925",0
"LOC128106100",0
"LOC128105799",0
"LOC128106059",0
"LOC128106237",0
"LOC128106521",0
"LOC128106522",0
"LOC128106360",0
"LOC128106359",0
"LOC128106361",0
"LOC128106362",0
"LOC128106747",0
"LOC128106816",0
"LOC128106766",0
"LOC128106819",0
"LOC128106339",0
"LOC128105591",0
"LOC128105240",0
"LOC128105796",0
"LOC128106814",0
"LOC128106756",0
"LOC128106764",0
"LOC128106845",0
"LOC128106754",0
"LOC128106759",0
"LOC128106842",0
"LOC128106714",0
"LOC128106604",0
"Lelp1",0
"LOC128106129",0
"LOC128106122",0
"LOC128106130",0
"LOC128106124",0
"LOC128106113",0
"LOC128106606",0
"Sprr4",0
"Ivl",0
"Smcp",0
"Lce7a",0
"Lce6a",0
"LOC128106608",0
"LOC128106112",0
"LOC128106120",0
"LOC128106411",0
"LOC128106614",0
"LOC128106615",0
"LOC128106616",0
"LOC128106617",0
"LOC128106619",0
"LOC128105107",0
"LOC128106142",0
"LOC128106248",0
"LOC128106265",0
"LOC128106622",0
"LOC128106623",0
"LOC128106627",0
"LOC128106628",0
"LOC128106629",0
"LOC128106323",0
"LOC128106630",0
"LOC128106145",0
"LOC128106633",0
"LOC128106569",0
"LOC128106148",0
"LOC128106367",0
"LOC128106636",0
"LOC128106170",0
"LOC128106868",0
"Ctxnd2",0
"LOC128106809",0
"LOC128106797",0
"LOC128106645",0
"LOC128106647",0
"LOC128106818",0
"LOC128106650",0
"LOC128106147",0
"LOC128106153",0
"LOC128106241",0
"LOC128106857",0
"LOC128106096",0
"LOC128106660",0
"LOC128106661",0
"LOC128106662",0
"LOC128106663",0
"LOC128105821",0
"LOC128106664",0
"LOC128105910",0
"LOC128105361",0
"LOC128106858",0
"Ubl4b",0
"LOC128106796",0
"LOC128106871",0
"LOC128106779",0
"LOC128105735",0
"LOC128105205",0
"Tmem92",0
"LOC128106826",0
"LOC128106449",0
"LOC128106850",0
"LOC128106866",0
"LOC128106762",0
"LOC128106259",0
"LOC128106383",0
"LOC128106686",0
"LOC128106274",0
"LOC128106758",0
"LOC128106834",0
"LOC128105204",0
"LOC128106393",0
"LOC128106692",0
"LOC128105412",0
"LOC128106791",0
"LOC128106269",0
"LOC128106851",0
"LOC128106799",0
"Pdha2",0
"LOC128106810",0
"LOC128105558",0
"LOC128105559",0
"LOC128106839",0
"LOC128105495",0
"LOC128105237",0
"LOC128106440",0
"LOC128105732",0
"LOC128106800",0
"Rpe65",0
